PLACA,viajes,toneladas,dias_activos,corredores,flota,tipologia,viajes_mes,meses_activos,estabilidad,indice_utilizacion
AEB126,28,431.745,27,19,Terceros,DOBLETROQUE,1.56,14,0.78,0.21
AEC219,151,1368.1,146,10,Terceros,SENCILLO,8.43,11,0.61,1.12
AHE170,235,2112.452,223,23,Terceros,SENCILLO,13.13,17,0.94,1.5
AHJ869,95,693.868,95,47,Terceros,SENCILLO,5.31,18,1.0,0.7
AJE379,329,2854.005,313,13,Terceros,SENCILLO,18.38,18,1.0,1.5
AQD180,326,2931.166,315,16,Terceros,SENCILLO,18.21,18,1.0,1.5
ASE676,68,529.213,67,36,Terceros,SENCILLO,3.8,18,1.0,0.5
ASF015,2,17.101999999999997,2,2,Empresas,SENCILLO,0.11,2,0.11,0.01
ATA007,209,1839.585,201,19,Terceros,SENCILLO,11.67,17,0.94,1.5
ATA619,201,1800.584,179,18,Terceros,SENCILLO,11.23,14,0.78,1.49
AUN944,121,1085.746,117,8,Terceros,SENCILLO,6.76,8,0.44,0.9
AUP035,165,1411.423,150,55,Terceros,SENCILLO,9.22,18,1.0,1.22
BAG935,340,2970.647,328,25,Terceros,SENCILLO,18.99,18,1.0,1.5
BAU353,1,9.091,1,1,Empresas,SENCILLO,0.06,1,0.06,0.01
BBJ015,129,1110.647,123,54,Terceros,SENCILLO,7.21,16,0.89,0.96
BBJ428,51,204.569,48,10,Empresas,TURBO,2.85,12,0.67,0.38
BBX064,71,1010.616,52,8,Terceros,DOBLETROQUE,3.97,5,0.28,0.53
BEP095,24,375.63,24,23,Terceros,DOBLETROQUE,1.34,15,0.83,0.18
BEP294,51,807.827,51,7,Terceros,DOBLETROQUE,2.85,16,0.89,0.38
BGW222,3,91.89,3,1,Empresas,TRACTOMULA,0.17,3,0.17,0.02
BUD916,75,1088.972,73,36,Terceros,DOBLETROQUE,4.19,18,1.0,0.56
CHG502,274,2491.387,268,20,Terceros,SENCILLO,15.3,18,1.0,1.5
CHJ646,25,205.56,25,17,Terceros,SENCILLO,1.4,13,0.72,0.19
CIG551,35,552.696,35,28,Terceros,DOBLETROQUE,1.95,10,0.56,0.26
CRV962,36,158.591,36,9,Terceros,TURBO,2.01,4,0.22,0.27
CRY065,7,27.929000000000002,7,4,Empresas,TURBO,0.39,5,0.28,0.05
CRZ700,1,4.0,1,1,Empresas,TURBO,0.06,1,0.06,0.01
CSC335,32,62.566,31,11,Terceros,TURBO,1.79,7,0.39,0.24
DUD481,1,31.2,1,1,Empresas,TRACTOMULA,0.06,1,0.06,0.01
DWR075,55,1420.079,49,7,Empresas,TRACTOMULA,3.07,11,0.61,0.41
ELD049,5,60.208,5,3,Empresas,DOBLETROQUE,0.28,5,0.28,0.04
ELD989,13,207.14999999999998,13,9,Terceros,DOBLETROQUE,0.73,4,0.22,0.1
EQO020,1,8.982,1,1,Empresas,SENCILLO,0.06,1,0.06,0.01
EQO449,44,273.974,44,25,Terceros,SENCILLO,2.46,15,0.83,0.33
EQO923,2,9.526,2,1,Empresas,SENCILLO,0.11,1,0.06,0.01
EQP080,1,1.0,1,1,Empresas,SENCILLO,0.06,1,0.06,0.01
EQP365,1,8.874,1,1,Empresas,SENCILLO,0.06,1,0.06,0.01
EQP626,1,0.218,1,1,Empresas,TURBO,0.06,1,0.06,0.01
EQP968,8,93.021,8,4,Empresas,TRACTOMULA,0.45,4,0.22,0.06
EQQ154,180,234.0,112,6,Terceros,TURBO,10.05,6,0.33,1.33
EQQ352,2,3.6,2,1,Terceros,TURBO,0.11,2,0.11,0.01
EQR024,124,850.051,117,20,Terceros,SENCILLO,6.93,18,1.0,0.92
EQR203,1,6.484,1,1,Empresas,SENCILLO,0.06,1,0.06,0.01
EQR825,1,4.145,1,1,Empresas,TURBO,0.06,1,0.06,0.01
EQT941,1,4.205,1,1,Empresas,TURBO,0.06,1,0.06,0.01
EQW783,1,4.631,1,1,Empresas,TURBO,0.06,1,0.06,0.01
EQX365,3,7.558,3,3,Terceros,TURBO,0.17,1,0.06,0.02
EQY310,1,29.867,1,1,Empresas,TRACTOMULA,0.06,1,0.06,0.01
EQZ693,1,8.8,1,1,Empresas,SENCILLO,0.06,1,0.06,0.01
ERK479,1,3.852,1,1,Empresas,TURBO,0.06,1,0.06,0.01
ERK509,1,5.863,1,1,Empresas,SENCILLO,0.06,1,0.06,0.01
ERK510,1,6.684,1,1,Empresas,SENCILLO,0.06,1,0.06,0.01
ERK762,15,246.869,15,9,Terceros,DOBLETROQUE,0.84,5,0.28,0.11
ERL023,1,3.996,1,1,Empresas,TURBO,0.06,1,0.06,0.01
ERL279,1,4.09,1,1,Empresas,SENCILLO,0.06,1,0.06,0.01
ERL463,1,3.933,1,1,Empresas,TURBO,0.06,1,0.06,0.01
ERL644,50,245.493,50,17,Terceros,SENCILLO,2.79,17,0.94,0.37
ERL995,6,124.338,4,5,Empresas,TRACTOMULA,0.34,2,0.11,0.05
ESK487,1,3.721,1,1,Terceros,TURBO,0.06,1,0.06,0.01
ESP748,6,12.578,6,6,Terceros,TURBO,0.34,2,0.11,0.05
ESP772,55,1868.0,47,21,Terceros,TRACTOMULA,3.07,12,0.67,0.41
ESP851,51,326.599,43,9,Terceros,SENCILLO,2.85,5,0.28,0.38
ESP971,128,630.358,80,21,Terceros,TURBO,7.15,6,0.33,0.95
ESQ170,35,1179.406,34,17,Terceros,TRACTOMULA,1.95,14,0.78,0.26
ESQ429,1,4.299,1,1,Empresas,TURBO,0.06,1,0.06,0.01
ESQ682,72,1678.922,71,20,Terceros,TRACTOMULA,4.02,18,1.0,0.53
ESQ683,1,29.257,1,1,Empresas,TRACTOMULA,0.06,1,0.06,0.01
ESQ778,22,84.882,22,10,Terceros,TURBO,1.23,7,0.39,0.16
ESQ826,1,11.943,1,1,Empresas,DOBLETROQUE,0.06,1,0.06,0.01
ESQ907,918,1331.344,209,5,Empresas,SENCILLO,51.27,15,0.83,1.5
ESR324,24,399.296,24,4,Empresas,TRACTOMULA,1.34,13,0.72,0.18
ESR401,68,2303.169,64,29,Terceros,TRACTOMULA,3.8,18,1.0,0.5
ESS419,20,57.965,20,14,Terceros,TURBO,1.12,9,0.5,0.15
ESS947,1,12.0,1,1,Empresas,TRACTOMULA,0.06,1,0.06,0.01
EST050,44,690.881,44,23,Terceros,DOBLETROQUE,2.46,17,0.94,0.33
EST489,37,575.496,37,22,Terceros,DOBLETROQUE,2.07,17,0.94,0.27
EST534,1,5.476,1,1,Empresas,SENCILLO,0.06,1,0.06,0.01
EST570,17,66.344,17,7,Terceros,TURBO,0.95,5,0.28,0.13
EST881,58,900.558,57,27,Terceros,DOBLETROQUE,3.24,18,1.0,0.43
EST919,1,31.539,1,1,Empresas,TRACTOMULA,0.06,1,0.06,0.01
EST986,1,1.389,1,1,Empresas,SENCILLO,0.06,1,0.06,0.01
EST988,2,25.768,2,2,Empresas,TRACTOMULA,0.11,1,0.06,0.01
ESU030,1,7.882,1,1,Empresas,TRACTOMULA,0.06,1,0.06,0.01
ESU116,2,50.3,2,2,Empresas,TRACTOMULA,0.11,2,0.11,0.01
ESU257,1,15.616,1,1,Empresas,DOBLETROQUE,0.06,1,0.06,0.01
ESU464,2,66.463,2,2,Empresas,TRACTOMULA,0.11,2,0.11,0.01
ESU465,1,33.167,1,1,Empresas,TRACTOMULA,0.06,1,0.06,0.01
ESU466,3,96.96000000000001,3,3,Empresas,TRACTOMULA,0.17,3,0.17,0.02
ESV133,1,30.0,1,1,Empresas,TRACTOMULA,0.06,1,0.06,0.01
ESX766,110,2484.34,23,1,Empresas,TRACTOMULA,6.14,4,0.22,0.81
ESX805,1,16.153,1,1,Empresas,DOBLETROQUE,0.06,1,0.06,0.01
ESY126,3,55.760999999999996,3,1,Empresas,TRACTOMULA,0.17,3,0.17,0.02
ESY140,1,3.057,1,1,Empresas,TURBO,0.06,1,0.06,0.01
ESY207,3,97.32499999999999,3,2,Empresas,TRACTOMULA,0.17,3,0.17,0.02
ESY220,2,2.44,2,2,Empresas,TURBO,0.11,2,0.11,0.01
ESY246,2,59.925,2,2,Empresas,TRACTOMULA,0.11,2,0.11,0.01
ESY311,1,3.8,1,1,Empresas,TURBO,0.06,1,0.06,0.01
ESY470,2,8.372,2,2,Empresas,TURBO,0.11,2,0.11,0.01
ESY520,19,59.602000000000004,19,13,Terceros,TURBO,1.06,5,0.28,0.14
ESZ105,1,8.662,1,1,Empresas,SENCILLO,0.06,1,0.06,0.01
ESZ161,2,7.683,2,2,Empresas,SENCILLO,0.11,2,0.11,0.01
ETK591,1,27.0,1,1,Empresas,TRACTOMULA,0.06,1,0.06,0.01
ETL013,1,7.943,1,1,Empresas,SENCILLO,0.06,1,0.06,0.01
ETL271,1,3.642,1,1,Empresas,TURBO,0.06,1,0.06,0.01
ETL288,1,1.576,1,1,Empresas,TURBO,0.06,1,0.06,0.01
ETL296,1,3.154,1,1,Empresas,SENCILLO,0.06,1,0.06,0.01
ETM912,2,62.442,2,2,Empresas,TRACTOMULA,0.11,2,0.11,0.01
ETT318,1,2.836,1,1,Terceros,SENCILLO,0.06,1,0.06,0.01
ETT793,1,3.96,1,1,Empresas,TURBO,0.06,1,0.06,0.01
ETT808,59,889.929,58,20,Terceros,DOBLETROQUE,3.3,18,1.0,0.44
ETT918,1,32.292,1,1,Empresas,TRACTOMULA,0.06,1,0.06,0.01
EWJ062,222,2005.413,220,13,Terceros,SENCILLO,12.4,15,0.83,1.5
EXU170,19,132.025,19,12,Terceros,SENCILLO,1.06,10,0.56,0.14
EXU549,8,30.956,8,5,Empresas,TURBO,0.45,4,0.22,0.06
EXU564,1,9.0,1,1,Empresas,SENCILLO,0.06,1,0.06,0.01
EXU742,1,2.713,1,1,Empresas,TURBO,0.06,1,0.06,0.01
EXV015,1,1.503,1,1,Terceros,TURBO,0.06,1,0.06,0.01
EXV028,1,25.0,1,1,Empresas,TRACTOMULA,0.06,1,0.06,0.01
EXV496,1,16.467,1,1,Empresas,DOBLETROQUE,0.06,1,0.06,0.01
EXX287,16,68.535,16,13,Terceros,TURBO,0.89,8,0.44,0.12
EXZ217,1,1.31,1,1,Empresas,SENCILLO,0.06,1,0.06,0.01
EXZ609,1,1.152,1,1,Empresas,TURBO,0.06,1,0.06,0.01
EXZ714,230,1966.629,201,36,Terceros,SENCILLO,12.85,17,0.94,1.5
EXZ787,19,139.424,19,8,Terceros,SENCILLO,1.06,10,0.56,0.14
EYX072,1,0.37,1,1,Empresas,TURBO,0.06,1,0.06,0.01
EYX555,12,47.795,12,11,Terceros,TURBO,0.67,3,0.17,0.09
EYX842,16,96.201,16,10,Terceros,SENCILLO,0.89,4,0.22,0.12
EYY020,42,337.251,42,23,Terceros,SENCILLO,2.35,14,0.78,0.31
EYY285,1,3.463,1,1,Empresas,TURBO,0.06,1,0.06,0.01
EYY342,1,0.384,1,1,Empresas,TRACTOMULA,0.06,1,0.06,0.01
EYY469,4,128.829,4,3,Empresas,TRACTOMULA,0.22,3,0.17,0.03
EYY624,29,111.202,29,8,Terceros,TURBO,1.62,16,0.89,0.21
EYY637,5,37.352000000000004,5,5,Terceros,SENCILLO,0.28,3,0.17,0.04
EYZ687,1,8.999,1,1,Empresas,SENCILLO,0.06,1,0.06,0.01
EZK030,1,6.516,1,1,Empresas,SENCILLO,0.06,1,0.06,0.01
FAI488,65,1009.624,62,26,Terceros,DOBLETROQUE,3.63,6,0.33,0.48
FBI860,149,1336.68,134,20,Terceros,SENCILLO,8.32,14,0.78,1.1
FCH140,24,206.115,24,10,Terceros,SENCILLO,1.34,3,0.17,0.18
FEA653,1,34.5,1,1,Empresas,TRACTOMULA,0.06,1,0.06,0.01
FEB323,1,15.996,1,1,Empresas,DOBLETROQUE,0.06,1,0.06,0.01
FLE361,52,467.712,50,12,Terceros,SENCILLO,2.9,7,0.39,0.38
FNL710,1,29.076,1,1,Empresas,TRACTOMULA,0.06,1,0.06,0.01
FNL721,6,160.025,6,5,Empresas,TRACTOMULA,0.34,6,0.33,0.05
FPX532,2,14.928,2,2,Empresas,SENCILLO,0.11,2,0.11,0.01
FPX538.,2,15.119,2,2,Empresas,SENCILLO,0.11,1,0.06,0.01
FSQ668,42,1268.089,40,32,Terceros,TRACTOMULA,2.35,16,0.89,0.31
FSQ768,25,373.507,24,17,Terceros,DOBLETROQUE,1.4,16,0.89,0.19
FSQ787,1,3.831,1,1,Empresas,SENCILLO,0.06,1,0.06,0.01
FSQ825,1,8.573,1,1,Empresas,SENCILLO,0.06,1,0.06,0.01
FSQ826,2,47.711999999999996,2,2,Empresas,TRACTOMULA,0.11,2,0.11,0.01
FST886,5,16.672,5,4,Empresas,TURBO,0.28,4,0.22,0.04
FSU021,1,31.910999999999998,1,1,Empresas,TRACTOMULA,0.06,1,0.06,0.01
FSU356,1,20.0,1,1,Empresas,TRACTOMULA,0.06,1,0.06,0.01
FSU513,2,66.024,2,2,Empresas,TRACTOMULA,0.11,1,0.06,0.01
FSV031,7,113.225,7,4,Terceros,DOBLETROQUE,0.39,4,0.22,0.05
FSV035,16,256.02,16,11,Terceros,DOBLETROQUE,0.89,9,0.5,0.12
FSV232,53,803.148,50,22,Terceros,DOBLETROQUE,2.96,11,0.61,0.39
FSV317,56,476.832,56,39,Terceros,SENCILLO,3.13,16,0.89,0.42
FSV344,21,225.185,21,5,Empresas,TRACTOMULA,1.17,12,0.67,0.16
FSV381,1,16.153,1,1,Empresas,DOBLETROQUE,0.06,1,0.06,0.01
FSV588,1,31.502,1,1,Terceros,TRACTOMULA,0.06,1,0.06,0.01
FSV699,16,188.418,16,2,Empresas,TRACTOMULA,0.89,7,0.39,0.12
FSV971,2,63.41,2,2,Empresas,TRACTOMULA,0.11,2,0.11,0.01
FSV972,2,69.0,2,1,Empresas,TRACTOMULA,0.11,1,0.06,0.01
FSW005,2,64.376,2,2,Empresas,TRACTOMULA,0.11,2,0.11,0.01
FUJ639,69,1029.976,67,34,Terceros,DOBLETROQUE,3.85,16,0.89,0.51
FWK687,1,0.54,1,1,Empresas,TURBO,0.06,1,0.06,0.01
FXY308,4,114.45400000000001,4,3,Empresas,TRACTOMULA,0.22,4,0.22,0.03
FXY313,3,81.731,3,3,Empresas,TRACTOMULA,0.17,3,0.17,0.02
FXY464,1,32.985,1,1,Empresas,TRACTOMULA,0.06,1,0.06,0.01
FXY465,2,69.0,2,1,Empresas,TRACTOMULA,0.11,2,0.11,0.01
FXY469,10,276.343,10,8,Empresas,TRACTOMULA,0.56,7,0.39,0.07
FXY592,11,294.316,11,7,Empresas,TRACTOMULA,0.61,7,0.39,0.08
GCJ385,279,2477.122,273,12,Terceros,SENCILLO,15.58,18,1.0,1.5
GDW264,1,28.0,1,1,Empresas,TRACTOMULA,0.06,1,0.06,0.01
GDW402,1,31.77,1,1,Empresas,TRACTOMULA,0.06,1,0.06,0.01
GDW843,3,60.689,3,2,Empresas,TRACTOMULA,0.17,2,0.11,0.02
GDW844,1,17.045,1,1,Empresas,TRACTOMULA,0.06,1,0.06,0.01
GDW976,1,18.968,1,1,Empresas,TRACTOMULA,0.06,1,0.06,0.01
GDW989,1,20.148,1,1,Empresas,TRACTOMULA,0.06,1,0.06,0.01
GDX030,25,371.2,25,6,Empresas,TRACTOMULA,1.4,17,0.94,0.19
GDX189,58,223.745,58,12,Terceros,TURBO,3.24,18,1.0,0.43
GDX195,4,79.513,4,4,Empresas,TRACTOMULA,0.22,2,0.11,0.03
GDX221,81,628.855,80,21,Terceros,SENCILLO,4.52,18,1.0,0.6
GDX229,8,122.036,8,7,Terceros,DOBLETROQUE,0.45,3,0.17,0.06
GDX504,1,6.7,1,1,Empresas,TRACTOMULA,0.06,1,0.06,0.01
GDX515,1,17.893,1,1,Empresas,TRACTOMULA,0.06,1,0.06,0.01
GDX724,3,46.225,3,2,Empresas,TRACTOMULA,0.17,3,0.17,0.02
GDX735,79,2089.464,76,40,Terceros,TRACTOMULA,4.41,18,1.0,0.58
GDX825,3,102.0,2,3,Empresas,TRACTOMULA,0.17,2,0.11,0.02
GDX836,77,289.599,76,19,Terceros,TURBO,4.3,18,1.0,0.57
GDX881,1,29.895,1,1,Empresas,TRACTOMULA,0.06,1,0.06,0.01
GDX916,3,48.728,3,3,Empresas,DOBLETROQUE,0.17,3,0.17,0.02
GDX941,36,1149.881,35,14,Terceros,TRACTOMULA,2.01,11,0.61,0.27
GDX942,1,16.759999999999998,1,1,Empresas,TRACTOMULA,0.06,1,0.06,0.01
GDX977,1,2.291,1,1,Empresas,SENCILLO,0.06,1,0.06,0.01
GDY087,41,1226.176,40,28,Terceros,TRACTOMULA,2.29,15,0.83,0.3
GDY134,1,32.43900000000001,1,1,Empresas,TRACTOMULA,0.06,1,0.06,0.01
GDY252,71,2038.1390000000001,69,33,Terceros,TRACTOMULA,3.97,18,1.0,0.53
GDY276,111,2224.217,108,13,Terceros,TRACTOMULA,6.2,18,1.0,0.82
GDY293,109,2734.314,107,43,Terceros,TRACTOMULA,6.09,18,1.0,0.81
GDY306,22,82.584,22,4,Terceros,TURBO,1.23,8,0.44,0.16
GDY310,17,126.624,17,10,Terceros,SENCILLO,0.95,10,0.56,0.13
GDY397,6,156.487,6,4,Terceros,TRACTOMULA,0.34,4,0.22,0.05
GDY405,27,477.87100000000004,27,5,Empresas,TRACTOMULA,1.51,14,0.78,0.2
GDY478,5,15.733,5,4,Terceros,TURBO,0.28,4,0.22,0.04
GDY491,33,122.922,32,20,Terceros,TURBO,1.84,7,0.39,0.24
GDY506,1,16.671,1,1,Empresas,TRACTOMULA,0.06,1,0.06,0.01
GDY714,1,34.5,1,1,Empresas,TRACTOMULA,0.06,1,0.06,0.01
GDY792,85,1368.359,85,27,Terceros,DOBLETROQUE,4.75,18,1.0,0.63
GDY915,2,29.636000000000003,2,1,Empresas,TRACTOMULA,0.11,2,0.11,0.01
GDZ035,6,9.997,6,6,Terceros,CAMIONETA,0.34,3,0.17,0.05
GDZ142,1,4.321,1,1,Empresas,SENCILLO,0.06,1,0.06,0.01
GDZ212,1,8.194000000000003,1,1,Terceros,SENCILLO,0.06,1,0.06,0.01
GEN-C2-4.5-C-NAC,3,6.902,3,3,Empresas,TURBO,0.17,2,0.11,0.02
GES521,1,18.298,1,1,Empresas,TRACTOMULA,0.06,1,0.06,0.01
GES836,9,49.846000000000004,9,9,Terceros,SENCILLO,0.5,4,0.22,0.07
GEU343,3,14.102,3,3,Empresas,SENCILLO,0.17,3,0.17,0.02
GEU739,8,67.66,8,2,Empresas,TRACTOMULA,0.45,4,0.22,0.06
GEV049,1,12.838,1,1,Empresas,TRACTOMULA,0.06,1,0.06,0.01
GEV220,20,657.67,20,12,Terceros,TRACTOMULA,1.12,5,0.28,0.15
GFP739,1,1.411,1,1,Empresas,TRACTOMULA,0.06,1,0.06,0.01
GFP924,9,9.29,5,1,Empresas,SENCILLO,0.5,1,0.06,0.07
GFP960,50,177.475,47,18,Terceros,TURBO,2.79,4,0.22,0.37
GFQ652,1,3.023,1,1,Empresas,TURBO,0.06,1,0.06,0.01
GHU151,1,18.263,1,1,Empresas,TRACTOMULA,0.06,1,0.06,0.01
GHU175,63,520.167,63,34,Terceros,SENCILLO,3.52,18,1.0,0.47
GHU241,1,32.114,1,1,Empresas,TRACTOMULA,0.06,1,0.06,0.01
GHU245,26,793.43,26,16,Terceros,TRACTOMULA,1.45,14,0.78,0.19
GHU251,3,90.272,3,3,Empresas,TRACTOMULA,0.17,3,0.17,0.02
GHU262,1,31.802,1,1,Empresas,TRACTOMULA,0.06,1,0.06,0.01
GHU283,8,123.16399999999999,8,8,Terceros,DOBLETROQUE,0.45,4,0.22,0.06
GHU292,2,66.21600000000001,2,2,Empresas,TRACTOMULA,0.11,2,0.11,0.01
GHU311,6,50.955,6,5,Terceros,SENCILLO,0.34,4,0.22,0.05
GHU349,4,131.9,4,3,Empresas,TRACTOMULA,0.22,3,0.17,0.03
GIL663,3,103.5,3,2,Empresas,TRACTOMULA,0.17,3,0.17,0.02
GIL741,5,172.5,5,2,Empresas,TRACTOMULA,0.28,4,0.22,0.04
GIL829,1,5.127,1,1,Empresas,TRACTOMULA,0.06,1,0.06,0.01
GIL830,7,222.488,7,2,Empresas,TRACTOMULA,0.39,5,0.28,0.05
GIL830.,1,32.714,1,1,Empresas,TRACTOMULA,0.06,1,0.06,0.01
GIL854,10,345.0,10,2,Empresas,TRACTOMULA,0.56,6,0.33,0.07
GIL866,3,103.5,3,1,Empresas,TRACTOMULA,0.17,3,0.17,0.02
GIM115,1,28.678,1,1,Empresas,TRACTOMULA,0.06,1,0.06,0.01
GIM222,2,11.3,2,2,Terceros,SENCILLO,0.11,2,0.11,0.01
GIM441,5,45.102999999999994,5,4,Terceros,SENCILLO,0.28,5,0.28,0.04
GIM450,35,1100.459,35,10,Empresas,TRACTOMULA,1.95,14,0.78,0.26
GIM683,1,2.352,1,1,Empresas,SENCILLO,0.06,1,0.06,0.01
GIM689,1,3.6140000000000003,1,1,Terceros,TURBO,0.06,1,0.06,0.01
GIM820,10,73.008,10,5,Terceros,SENCILLO,0.56,7,0.39,0.07
GKV320,249,115.747,237,9,Terceros,CAMIONETA,13.91,18,1.0,1.5
GKV424,2,58.006,2,2,Empresas,TRACTOMULA,0.11,2,0.11,0.01
GKV484,1,8.991,1,1,Empresas,SENCILLO,0.06,1,0.06,0.01
GPA390,3,27.948999999999998,3,2,Terceros,SENCILLO,0.17,1,0.06,0.02
GPJ518,66,1032.357,66,7,Terceros,SENCILLO,3.69,7,0.39,0.49
GQD666,8,111.0,8,3,Empresas,DOBLETROQUE,0.45,4,0.22,0.06
GQT892,1,16.476,1,1,Empresas,DOBLETROQUE,0.06,1,0.06,0.01
GQU003,3,65.41,2,2,Empresas,TRACTOMULA,0.17,2,0.11,0.02
GQU165,25,214.239,25,16,Terceros,SENCILLO,1.4,12,0.67,0.19
GQU886,1,6.362,1,1,Empresas,SENCILLO,0.06,1,0.06,0.01
GQU899,2,16.781,2,2,Empresas,SENCILLO,0.11,2,0.11,0.01
GQU907,11,91.825,10,8,Empresas,SENCILLO,0.61,7,0.39,0.08
GQU964,1,2.694,1,1,Empresas,TURBO,0.06,1,0.06,0.01
GQU9O7,1,8.089,1,1,Empresas,SENCILLO,0.06,1,0.06,0.01
GQV075,3,20.96,3,3,Empresas,SENCILLO,0.17,2,0.11,0.02
GQV191,1,7.991,1,1,Empresas,SENCILLO,0.06,1,0.06,0.01
GQV192,2,30.551000000000002,2,2,Empresas,DOBLETROQUE,0.11,2,0.11,0.01
GQV433,4,132.464,4,2,Empresas,TRACTOMULA,0.22,4,0.22,0.03
GQV522,1,7.3,1,1,Empresas,SENCILLO,0.06,1,0.06,0.01
GQV604,1,9.07,1,1,Empresas,SENCILLO,0.06,1,0.06,0.01
GQV695,3,25.289,3,2,Empresas,SENCILLO,0.17,2,0.11,0.02
GQV953,1,3.0,1,1,Empresas,TURBO,0.06,1,0.06,0.01
GQV955,1,7.872000000000001,1,1,Empresas,SENCILLO,0.06,1,0.06,0.01
GQW100,1,3.9370000000000003,1,1,Empresas,SENCILLO,0.06,1,0.06,0.01
GQW196,1,9.056999999999999,1,1,Empresas,SENCILLO,0.06,1,0.06,0.01
GQW424,1,14.017,1,1,Empresas,TRACTOMULA,0.06,1,0.06,0.01
GQW465,1,7.301,1,1,Empresas,SENCILLO,0.06,1,0.06,0.01
GQW516,21,166.59,21,18,Terceros,SENCILLO,1.17,11,0.61,0.16
GQW583,1,8.009,1,1,Empresas,SENCILLO,0.06,1,0.06,0.01
GQW703,1,4.932,1,1,Terceros,SENCILLO,0.06,1,0.06,0.01
GQZ693,1,7.438,1,1,Terceros,SENCILLO,0.06,1,0.06,0.01
GQZ694,4,19.467,4,3,Empresas,SENCILLO,0.22,3,0.17,0.03
GQZ774,2,32.877,2,2,Empresas,TRACTOMULA,0.11,2,0.11,0.01
GQZ826,27,132.546,27,9,Empresas,SENCILLO,1.51,11,0.61,0.2
GRK320,1,31.164,1,1,Empresas,TRACTOMULA,0.06,1,0.06,0.01
GRT813,1,31.223,1,1,Empresas,TRACTOMULA,0.06,1,0.06,0.01
GRT844,1,31.112,1,1,Empresas,TRACTOMULA,0.06,1,0.06,0.01
GSM102,81,2231.386,81,20,Flota Propia,TRACTOMULA,4.52,18,1.0,0.6
GSM219,77,672.0459999999999,77,26,Terceros,SENCILLO,4.3,18,1.0,0.57
GSM246,10,303.23199999999997,10,5,Empresas,TRACTOMULA,0.56,6,0.33,0.07
GSM247,7,226.505,7,5,Empresas,TRACTOMULA,0.39,6,0.33,0.05
GSM300,59,492.675,59,31,Terceros,SENCILLO,3.3,18,1.0,0.44
GSM324,2,54.09,2,2,Empresas,TRACTOMULA,0.11,2,0.11,0.01
GSM355,2,8.0,2,2,Terceros,TURBO,0.11,2,0.11,0.01
GSM372,1,8.375,1,1,Empresas,DOBLETROQUE,0.06,1,0.06,0.01
GSM388,4,135.252,4,2,Empresas,TRACTOMULA,0.22,4,0.22,0.03
GTM269,1,4.237,1,1,Empresas,TURBO,0.06,1,0.06,0.01
GTU476,12,93.59700000000001,12,8,Terceros,SENCILLO,0.67,4,0.22,0.09
GTU874,1,9.0,1,1,Terceros,SENCILLO,0.06,1,0.06,0.01
GTW905,97,2114.992,96,12,Terceros,TRACTOMULA,5.42,18,1.0,0.72
GTW906,3,76.078,3,3,Empresas,TRACTOMULA,0.17,2,0.11,0.02
GTW909,5,172.5,5,1,Empresas,TRACTOMULA,0.28,4,0.22,0.04
GTW936,41,311.491,40,13,Terceros,SENCILLO,2.29,14,0.78,0.3
GTX282,20,79.477,20,9,Terceros,TURBO,1.12,6,0.33,0.15
GTX699,5,138.998,5,4,Terceros,TRACTOMULA,0.28,4,0.22,0.04
GTX959,2,63.715,2,2,Empresas,TRACTOMULA,0.11,2,0.11,0.01
GTY022,10,157.09,10,8,Empresas,DOBLETROQUE,0.56,8,0.44,0.07
GTY113,6,33.954,6,5,Empresas,SENCILLO,0.34,6,0.33,0.05
GTY187,1,18.891,1,1,Empresas,TRACTOMULA,0.06,1,0.06,0.01
GTY275,27,892.288,27,19,Terceros,TRACTOMULA,1.51,12,0.67,0.2
GTY555,63,2061.18,61,28,Terceros,TRACTOMULA,3.52,18,1.0,0.47
GTY874,4,132.019,4,2,Empresas,TRACTOMULA,0.22,3,0.17,0.03
GTY966,1,4.277,1,1,Empresas,TURBO,0.06,1,0.06,0.01
GTY967,110,3376.934,107,42,Terceros,TRACTOMULA,6.14,17,0.94,0.81
GUQ344,2,48.559,2,2,Empresas,TRACTOMULA,0.11,2,0.11,0.01
GUQ345,1,32.789,1,1,Empresas,TRACTOMULA,0.06,1,0.06,0.01
GUQ366,12,102.47,12,9,Terceros,SENCILLO,0.67,9,0.5,0.09
GUQ615,3,63.345,2,2,Empresas,TRACTOMULA,0.17,2,0.11,0.02
GUR017,1,8.51,1,1,Empresas,SENCILLO,0.06,1,0.06,0.01
GUR072,9,192.256,9,7,Terceros,TRACTOMULA,0.5,6,0.33,0.07
GUR114,1,2.349,1,1,Empresas,SENCILLO,0.06,1,0.06,0.01
GUR125,257,600.746,245,13,Terceros,TURBO,14.35,17,0.94,1.5
GUR137,1,28.349999999999998,1,1,Empresas,TRACTOMULA,0.06,1,0.06,0.01
GUR215,1,18.0,1,1,Empresas,TRACTOMULA,0.06,1,0.06,0.01
GUR256,8,128.275,8,4,Empresas,TRACTOMULA,0.45,6,0.33,0.06
GUR257,5,80.84299999999999,5,1,Empresas,TRACTOMULA,0.28,3,0.17,0.04
GUR258,3,41.427,3,1,Empresas,TRACTOMULA,0.17,3,0.17,0.02
GUR599,4,43.849999999999994,4,1,Empresas,TRACTOMULA,0.22,4,0.22,0.03
GUR714,324,490.037,304,8,Terceros,TURBO,18.1,18,1.0,1.5
GUR762,1,7.408,1,1,Terceros,SENCILLO,0.06,1,0.06,0.01
GUR974,29,192.486,29,15,Terceros,SENCILLO,1.62,13,0.72,0.21
GUU055,2,69.0,2,1,Empresas,TRACTOMULA,0.11,2,0.11,0.01
GUU057,1,34.5,1,1,Empresas,TRACTOMULA,0.06,1,0.06,0.01
GUU060,1,34.5,1,1,Empresas,TRACTOMULA,0.06,1,0.06,0.01
GUU109,71,1975.745,68,41,Terceros,TRACTOMULA,3.97,18,1.0,0.53
GUU155,1,31.682000000000002,1,1,Empresas,TRACTOMULA,0.06,1,0.06,0.01
GUU225,1,2.779,1,1,Empresas,SENCILLO,0.06,1,0.06,0.01
GUU301,1,27.0,1,1,Empresas,TRACTOMULA,0.06,1,0.06,0.01
GUU524,1,8.801,1,1,Empresas,SENCILLO,0.06,1,0.06,0.01
GUU762,1,14.073,1,1,Empresas,TRACTOMULA,0.06,1,0.06,0.01
GUU934,3,10.397,3,3,Terceros,TURBO,0.17,3,0.17,0.02
GUU949,1,6.456,1,1,Empresas,SENCILLO,0.06,1,0.06,0.01
GUV069,1,18.773,1,1,Empresas,TRACTOMULA,0.06,1,0.06,0.01
GUV129,1,34.5,1,1,Empresas,TRACTOMULA,0.06,1,0.06,0.01
GUV132,1,34.5,1,1,Empresas,TRACTOMULA,0.06,1,0.06,0.01
GUV133,1,18.798,1,1,Empresas,TRACTOMULA,0.06,1,0.06,0.01
GUV134,1,34.5,1,1,Empresas,TRACTOMULA,0.06,1,0.06,0.01
GVK424,1,34.5,1,1,Empresas,TRACTOMULA,0.06,1,0.06,0.01
GVV022,1,16.157,1,1,Empresas,TRACTOMULA,0.06,1,0.06,0.01
GVV041,2,47.358000000000004,2,2,Empresas,TRACTOMULA,0.11,2,0.11,0.01
GVV054,1,32.659,1,1,Empresas,TRACTOMULA,0.06,1,0.06,0.01
GVY041,33,1030.809,33,16,Terceros,TRACTOMULA,1.84,14,0.78,0.24
GWU110,165,4886.396,163,57,Flota Propia,TRACTOMULA,9.22,18,1.0,1.22
GWU111,98,3328.68,81,36,Flota Propia,TRACTOMULA,5.47,8,0.44,0.73
GWU112,194,4782.976,180,53,Flota Propia,TRACTOMULA,10.84,18,1.0,1.44
GWU113,176,5195.205,170,64,Flota Propia,TRACTOMULA,9.83,18,1.0,1.3
GWU114,134,3954.554,133,55,Flota Propia,TRACTOMULA,7.48,15,0.83,0.99
GWU115,168,4694.772,159,64,Flota Propia,TRACTOMULA,9.38,18,1.0,1.24
GWU116,47,1382.639,44,25,Flota Propia,TRACTOMULA,2.63,6,0.33,0.35
GWU117,180,5166.8060000000005,174,65,Flota Propia,TRACTOMULA,10.05,18,1.0,1.33
GWU119,168,4859.661,165,66,Flota Propia,TRACTOMULA,9.38,18,1.0,1.24
GWU120,188,5480.178,177,68,Flota Propia,TRACTOMULA,10.5,18,1.0,1.39
GWU121,171,4998.819,158,65,Flota Propia,TRACTOMULA,9.55,18,1.0,1.27
GWU122,1,31.49,1,1,Flota Propia,TRACTOMULA,0.06,1,0.06,0.01
GWU123,205,5854.216,185,61,Flota Propia,TRACTOMULA,11.45,18,1.0,1.5
GWU126,2,60.834,2,2,Flota Propia,TRACTOMULA,0.11,1,0.06,0.01
GWU132,175,5061.0960000000005,170,64,Flota Propia,TRACTOMULA,9.77,18,1.0,1.3
GWU135,71,2404.0,63,31,Flota Propia,TRACTOMULA,3.97,7,0.39,0.53
GWU136,13,302.579,13,1,Flota Propia,TRACTOMULA,0.73,8,0.44,0.1
GWU137,1,31.92,1,1,Flota Propia,TRACTOMULA,0.06,1,0.06,0.01
GWU140,9,215.68,9,1,Flota Propia,TRACTOMULA,0.5,5,0.28,0.07
GWU142,76,2584.0,63,29,Flota Propia,TRACTOMULA,4.24,6,0.33,0.56
GWU143,77,2154.096,74,45,Flota Propia,TRACTOMULA,4.3,10,0.56,0.57
GWU156,189,5251.981,175,63,Flota Propia,TRACTOMULA,10.56,18,1.0,1.4
GWU318,175,5044.794,171,66,Flota Propia,TRACTOMULA,9.77,18,1.0,1.3
GWU373,183,5433.353,165,61,Flota Propia,TRACTOMULA,10.22,18,1.0,1.36
GWU374,1,20.0,1,1,Flota Propia,TRACTOMULA,0.06,1,0.06,0.01
GWU379,178,5277.448,171,70,Flota Propia,TRACTOMULA,9.94,18,1.0,1.32
GXX545,4,109.95400000000001,4,3,Empresas,TRACTOMULA,0.22,3,0.17,0.03
GYB264,19,293.35,19,10,Terceros,DOBLETROQUE,1.06,12,0.67,0.14
GYB267,18,285.696,18,15,Terceros,DOBLETROQUE,1.01,8,0.44,0.13
GZZ273,12,17.512,10,1,Empresas,CAMIONETA,0.67,2,0.11,0.09
GZZ280,97,736.095,96,57,Terceros,SENCILLO,5.42,18,1.0,0.72
GZZ603,1,3.585,1,1,Empresas,SENCILLO,0.06,1,0.06,0.01
GZZ605,1,7.721,1,1,Empresas,SENCILLO,0.06,1,0.06,0.01
GZZ716,8,253.69799999999998,8,3,Empresas,TRACTOMULA,0.45,5,0.28,0.06
GZZ822,10,130.698,10,6,Empresas,TRACTOMULA,0.56,7,0.39,0.07
HAB908,39,601.815,39,17,Terceros,DOBLETROQUE,2.18,18,1.0,0.29
HMD829,1,7.537,1,1,Empresas,SENCILLO,0.06,1,0.06,0.01
HUA175,155,1069.051,150,7,Terceros,SENCILLO,8.66,18,1.0,1.15
ITW106,3,26.095,3,2,Terceros,SENCILLO,0.17,2,0.11,0.02
JHJ135,2,15.943,2,2,Terceros,SENCILLO,0.11,2,0.11,0.01
JKJ640,56,486.633,56,28,Terceros,SENCILLO,3.13,18,1.0,0.42
JKU097,1,27.358,1,1,Empresas,TRACTOMULA,0.06,1,0.06,0.01
JKU183,9,155.071,9,3,Terceros,DOBLETROQUE,0.5,6,0.33,0.07
JKU330,2,21.849,2,1,Empresas,TRACTOMULA,0.11,2,0.11,0.01
JKU332,46,1527.506,46,6,Terceros,TRACTOMULA,2.57,14,0.78,0.34
JKU787,1,3.072,1,1,Empresas,TURBO,0.06,1,0.06,0.01
JKV605,3,26.387999999999998,3,3,Empresas,SENCILLO,0.17,3,0.17,0.02
JKV739,2,5.1,2,2,Terceros,SENCILLO,0.11,2,0.11,0.01
JKV778,1,12.331,1,1,Empresas,DOBLETROQUE,0.06,1,0.06,0.01
JKV859,3,12.724,3,3,Terceros,TURBO,0.17,1,0.06,0.02
JKV871,8,210.277,8,2,Empresas,TRACTOMULA,0.45,6,0.33,0.06
JKW009,1,26.7,1,1,Empresas,TRACTOMULA,0.06,1,0.06,0.01
JKW087,107,3399.207,107,32,Terceros,TRACTOMULA,5.98,18,1.0,0.79
JKW110,8,129.459,8,6,Terceros,DOBLETROQUE,0.45,5,0.28,0.06
JKW135,1,32.74,1,1,Empresas,TRACTOMULA,0.06,1,0.06,0.01
JKW497,3,91.069,3,2,Terceros,TRACTOMULA,0.17,3,0.17,0.02
JKX441,33,274.306,33,23,Terceros,SENCILLO,1.84,12,0.67,0.24
JKX576,15,82.045,14,14,Terceros,SENCILLO,0.84,5,0.28,0.11
JKX613,5,136.43200000000002,5,2,Empresas,TRACTOMULA,0.28,3,0.17,0.04
JKY504,1,8.962000000000002,1,1,Empresas,SENCILLO,0.06,1,0.06,0.01
JKY608,5,19.737,5,4,Terceros,TURBO,0.28,2,0.11,0.04
JKY649,190,137.974,177,7,Terceros,CAMIONETA,10.61,10,0.56,1.41
JKY736,1,30.703,1,1,Empresas,TRACTOMULA,0.06,1,0.06,0.01
JLL275,13,148.52800000000002,13,2,Empresas,TRACTOMULA,0.73,8,0.44,0.1
JLL429,4,90.577,4,4,Empresas,TRACTOMULA,0.22,3,0.17,0.03
JOU428,7,118.851,7,4,Empresas,TRACTOMULA,0.39,6,0.33,0.05
JOU474,1,31.006999999999998,1,1,Terceros,TRACTOMULA,0.06,1,0.06,0.01
JOU590,1,4.41,1,1,Empresas,TURBO,0.06,1,0.06,0.01
JOU973,1,32.552,1,1,Empresas,TRACTOMULA,0.06,1,0.06,0.01
JOV178,1,32.885,1,1,Terceros,TRACTOMULA,0.06,1,0.06,0.01
JOV335,6,80.07,6,1,Empresas,TRACTOMULA,0.34,6,0.33,0.05
JOV336,1,28.0,1,1,Empresas,TRACTOMULA,0.06,1,0.06,0.01
JOV493,47,1516.686,46,21,Terceros,TRACTOMULA,2.63,15,0.83,0.35
JOV537,29,509.705,29,3,Empresas,TRACTOMULA,1.62,15,0.83,0.21
JOV690,1,7.008,1,1,Empresas,TRACTOMULA,0.06,1,0.06,0.01
JOV980,1,7.8,1,1,Empresas,SENCILLO,0.06,1,0.06,0.01
JOV988,14,421.861,14,8,Terceros,TRACTOMULA,0.78,10,0.56,0.1
JOW102,7,227.097,7,7,Terceros,TRACTOMULA,0.39,5,0.28,0.05
JOW498,11,346.357,11,6,Empresas,TRACTOMULA,0.61,8,0.44,0.08
JOW815,3,23.911,3,3,Empresas,SENCILLO,0.17,3,0.17,0.02
JOW893,13,410.569,13,10,Empresas,TRACTOMULA,0.73,7,0.39,0.1
JOX071,2,24.384,2,1,Empresas,TRACTOMULA,0.11,2,0.11,0.01
JOX132,1,0.973,1,1,Empresas,TURBO,0.06,1,0.06,0.01
JPO320,1,2.22,1,1,Empresas,SENCILLO,0.06,1,0.06,0.01
JQN197,2,17.982,2,1,Empresas,SENCILLO,0.11,1,0.06,0.01
JRP004,22,91.369,22,13,Terceros,TURBO,1.23,10,0.56,0.16
JRP217,1,29.323000000000004,1,1,Empresas,TRACTOMULA,0.06,1,0.06,0.01
JRP245,1,0.358,1,1,Empresas,TURBO,0.06,1,0.06,0.01
JRR786,4,24.378999999999998,4,3,Terceros,SENCILLO,0.22,2,0.11,0.03
JRR804,1,6.0,1,1,Empresas,SENCILLO,0.06,1,0.06,0.01
JRR807,1,29.03,1,1,Empresas,TRACTOMULA,0.06,1,0.06,0.01
JRR838,2,59.016000000000005,2,2,Empresas,TRACTOMULA,0.11,2,0.11,0.01
JRR881,1,31.02,1,1,Empresas,TRACTOMULA,0.06,1,0.06,0.01
JRY667,1,16.177,1,1,Empresas,DOBLETROQUE,0.06,1,0.06,0.01
JRY835,13,308.049,13,5,Empresas,TRACTOMULA,0.73,10,0.56,0.1
JRY883,1,10.769,1,1,Empresas,TRACTOMULA,0.06,1,0.06,0.01
JRY896,1,2.458,1,1,Empresas,TURBO,0.06,1,0.06,0.01
JRY971,2,9.398,2,2,Empresas,SENCILLO,0.11,2,0.11,0.01
JSL201,1,33.262,1,1,Terceros,TRACTOMULA,0.06,1,0.06,0.01
JSL252,1,5.292,1,1,Empresas,SENCILLO,0.06,1,0.06,0.01
JSL310,2,7.744,2,1,Empresas,TURBO,0.11,2,0.11,0.01
JSL361,1,3.306,1,1,Empresas,SENCILLO,0.06,1,0.06,0.01
JSL450,1,3.268,1,1,Empresas,TURBO,0.06,1,0.06,0.01
JSL775,1,7.015,1,1,Empresas,SENCILLO,0.06,1,0.06,0.01
JSL783,347,1843.434,279,19,Terceros,TURBO,19.38,18,1.0,1.5
JSL829,1,11.602,1,1,Empresas,TRACTOMULA,0.06,1,0.06,0.01
JSL832,39,1090.563,36,21,Terceros,TRACTOMULA,2.18,15,0.83,0.29
JSL833,65,1870.486,61,25,Terceros,TRACTOMULA,3.63,18,1.0,0.48
JSL913,23,714.609,23,15,Terceros,TRACTOMULA,1.28,11,0.61,0.17
JSL959,5,128.716,5,1,Empresas,TRACTOMULA,0.28,4,0.22,0.04
JSL969,1,6.516,1,1,Empresas,SENCILLO,0.06,1,0.06,0.01
JSL981,2,25.0,1,2,Terceros,TRACTOMULA,0.11,1,0.06,0.01
JTW120,1,6.648,1,1,Empresas,SENCILLO,0.06,1,0.06,0.01
JTW221,6,16.428,6,2,Empresas,SENCILLO,0.34,5,0.28,0.05
JTW304,1,25.0,1,1,Terceros,TRACTOMULA,0.06,1,0.06,0.01
JTX344,2,7.7,2,2,Empresas,TURBO,0.11,2,0.11,0.01
JTX425,4,128.195,4,4,Terceros,TRACTOMULA,0.22,4,0.22,0.03
JTX456,1,14.246,1,1,Empresas,TRACTOMULA,0.06,1,0.06,0.01
JTX627,1,0.298,1,1,Empresas,CAMIONETA,0.06,1,0.06,0.01
JTX679,1,4.368,1,1,Empresas,TURBO,0.06,1,0.06,0.01
JTX759,3,29.15,3,1,Empresas,TRACTOMULA,0.17,3,0.17,0.02
JTX825,1,17.63,1,1,Empresas,TRACTOMULA,0.06,1,0.06,0.01
JTY221,9,282.226,9,8,Terceros,TRACTOMULA,0.5,7,0.39,0.07
JTY272,1,4.028,1,1,Empresas,TURBO,0.06,1,0.06,0.01
JTY628,1,6.7509999999999994,1,1,Empresas,SENCILLO,0.06,1,0.06,0.01
JTY686,1,29.306,1,1,Terceros,TRACTOMULA,0.06,1,0.06,0.01
JTY964,1,1.816,1,1,Empresas,TURBO,0.06,1,0.06,0.01
JTY995,23,333.577,23,1,Empresas,TRACTOMULA,1.28,15,0.83,0.17
JTZ326,3,13.114,3,3,Empresas,SENCILLO,0.17,3,0.17,0.02
JTZ416,1,34.5,1,1,Empresas,TRACTOMULA,0.06,1,0.06,0.01
JTZ559,1,18.0,1,1,Terceros,TRACTOMULA,0.06,1,0.06,0.01
JTZ684,7,210.202,7,6,Terceros,TRACTOMULA,0.39,6,0.33,0.05
JTZ986,3,40.833,3,3,Empresas,DOBLETROQUE,0.17,2,0.11,0.02
JUK070,15,237.30700000000002,15,8,Empresas,DOBLETROQUE,0.84,10,0.56,0.11
JUK073,1,17.258,1,1,Empresas,TRACTOMULA,0.06,1,0.06,0.01
JUK157,1,28.0,1,1,Empresas,TRACTOMULA,0.06,1,0.06,0.01
JUK159,1,34.0,1,1,Terceros,TRACTOMULA,0.06,1,0.06,0.01
JUY378,2,18.67,2,1,Empresas,TRACTOMULA,0.11,2,0.11,0.01
JUY469,2,17.137,2,2,Terceros,SENCILLO,0.11,1,0.06,0.01
JUY470,6,112.981,6,4,Terceros,DOBLETROQUE,0.34,4,0.22,0.05
JUY514,3,25.753,3,3,Terceros,SENCILLO,0.17,1,0.06,0.02
JUY649,4,58.979,4,2,Empresas,TRACTOMULA,0.22,4,0.22,0.03
JUY775,4,129.85,4,3,Empresas,TRACTOMULA,0.22,3,0.17,0.03
JUY803,2,19.133,2,2,Empresas,TRACTOMULA,0.11,1,0.06,0.01
JUY934,1,4.2780000000000005,1,1,Empresas,TURBO,0.06,1,0.06,0.01
JUY999,1,20.0,1,1,Empresas,TRACTOMULA,0.06,1,0.06,0.01
JUZ021,6,94.751,6,4,Empresas,DOBLETROQUE,0.34,5,0.28,0.05
JUZ133,3,70.4,3,2,Empresas,TRACTOMULA,0.17,3,0.17,0.02
JUZ184,5,109.086,5,2,Empresas,TRACTOMULA,0.28,5,0.28,0.04
JUZ196,2,7.470000000000001,2,2,Empresas,TURBO,0.11,2,0.11,0.01
JUZ299,3,80.435,3,3,Empresas,TRACTOMULA,0.17,3,0.17,0.02
JUZ373,5,81.539,5,2,Empresas,DOBLETROQUE,0.28,4,0.22,0.04
JUZ780,10,40.872,9,2,Terceros,TURBO,0.56,2,0.11,0.07
JUZ878,2,66.263,2,2,Empresas,TRACTOMULA,0.11,2,0.11,0.01
JVI277,255,2239.84,244,58,Terceros,SENCILLO,14.24,18,1.0,1.5
JVK012,5,153.252,5,1,Terceros,TRACTOMULA,0.28,3,0.17,0.04
JVK332,4,129.402,4,3,Empresas,TRACTOMULA,0.22,3,0.17,0.03
JVK363,2,8.256,2,2,Empresas,SENCILLO,0.11,1,0.06,0.01
JVK491,1,2.144,1,1,Terceros,TURBO,0.06,1,0.06,0.01
JVK498,2,28.644,2,2,Empresas,TRACTOMULA,0.11,2,0.11,0.01
JVK550,6,155.425,5,5,Terceros,TRACTOMULA,0.34,4,0.22,0.05
JVK579,1,20.64,1,1,Empresas,TRACTOMULA,0.06,1,0.06,0.01
JVK679,1,1.847,1,1,Empresas,TURBO,0.06,1,0.06,0.01
JVK778,2,32.53,2,2,Empresas,DOBLETROQUE,0.11,2,0.11,0.01
JVM156,1,8.068,1,1,Empresas,SENCILLO,0.06,1,0.06,0.01
JVM335,1,3.747,1,1,Empresas,TURBO,0.06,1,0.06,0.01
JVM346,2,58.5,2,1,Empresas,TRACTOMULA,0.11,2,0.11,0.01
JVM355,178,5563.185,169,33,Terceros,TRACTOMULA,9.94,18,1.0,1.32
JVM517,8,210.007,8,1,Empresas,TRACTOMULA,0.45,5,0.28,0.06
JVM518,60,1904.365,56,21,Terceros,TRACTOMULA,3.35,18,1.0,0.44
JVM523,1,8.905999999999999,1,1,Terceros,SENCILLO,0.06,1,0.06,0.01
JVM604,1,15.458,1,1,Terceros,DOBLETROQUE,0.06,1,0.06,0.01
JVM605,16,141.336,16,10,Terceros,SENCILLO,0.89,11,0.61,0.12
JYM355,1,1.338,1,1,Terceros,TURBO,0.06,1,0.06,0.01
JYM359,75,2017.112,72,42,Terceros,TRACTOMULA,4.19,17,0.94,0.56
JYM448,152,516.793,141,17,Terceros,TURBO,8.49,10,0.56,1.13
JYM476,36,141.524,36,17,Terceros,TURBO,2.01,14,0.78,0.27
JYM589,26,387.314,26,3,Empresas,TRACTOMULA,1.45,13,0.72,0.19
JYM650,1,19.173,1,1,Empresas,TRACTOMULA,0.06,1,0.06,0.01
JYM676,33,207.297,33,10,Terceros,SENCILLO,1.84,16,0.89,0.24
JYM721,514,7885.44,375,26,Terceros,DOBLETROQUE,28.71,18,1.0,1.5
JYM953,4,76.832,4,2,Empresas,TRACTOMULA,0.22,4,0.22,0.03
JYN044,1,0.143,1,1,Empresas,TURBO,0.06,1,0.06,0.01
JYN099,34,540.4639999999999,34,4,Empresas,TRACTOMULA,1.9,18,1.0,0.25
JYN115,48,1380.044,47,26,Terceros,TRACTOMULA,2.68,13,0.72,0.36
JYN253,1,34.5,1,1,Empresas,TRACTOMULA,0.06,1,0.06,0.01
JYN301,37,1152.825,37,25,Terceros,TRACTOMULA,2.07,14,0.78,0.27
JYN414,1,3.339,1,1,Terceros,TURBO,0.06,1,0.06,0.01
JYN513,14,42.1,8,3,Terceros,TURBO,0.78,2,0.11,0.1
JYN522,1,19.915999999999997,1,1,Empresas,TRACTOMULA,0.06,1,0.06,0.01
JYN529,1,29.262,1,1,Empresas,TRACTOMULA,0.06,1,0.06,0.01
JYN708,2,64.5,2,2,Empresas,TRACTOMULA,0.11,1,0.06,0.01
JYN734,1,16.646,1,1,Empresas,TRACTOMULA,0.06,1,0.06,0.01
JYN777,1,27.941,1,1,Empresas,TRACTOMULA,0.06,1,0.06,0.01
JYN847,43,951.529,41,10,Terceros,TRACTOMULA,2.4,10,0.56,0.32
JYN862,1,10.296,1,1,Empresas,TRACTOMULA,0.06,1,0.06,0.01
JYN990,1,3.497,1,1,Empresas,TURBO,0.06,1,0.06,0.01
JYO058,2,7.042,2,2,Terceros,SENCILLO,0.11,2,0.11,0.01
JYO066,40,154.276,40,12,Terceros,TURBO,2.23,10,0.56,0.3
JYO280,29,105.383,29,12,Terceros,TURBO,1.62,8,0.44,0.21
JYO351,21,80.968,21,10,Terceros,TURBO,1.17,5,0.28,0.16
JYO395,3,10.703,3,3,Empresas,TURBO,0.17,2,0.11,0.02
JYO427,43,1319.54,43,33,Terceros,TRACTOMULA,2.4,18,1.0,0.32
JYO495,1,16.834,1,1,Empresas,TRACTOMULA,0.06,1,0.06,0.01
JYO620,722,6180.301,390,27,Terceros,SENCILLO,40.33,18,1.0,1.5
JYO630,1,18.33,1,1,Empresas,TRACTOMULA,0.06,1,0.06,0.01
JYO745,4,15.884,4,3,Terceros,CAMIONETA,0.22,2,0.11,0.03
JYO759,1,32.065,1,1,Empresas,TRACTOMULA,0.06,1,0.06,0.01
JYO872,6,23.294,6,6,Terceros,TURBO,0.34,2,0.11,0.05
JYO969,752,6689.439,420,32,Terceros,SENCILLO,42.0,18,1.0,1.5
JYW453,43,339.894,43,32,Terceros,SENCILLO,2.4,13,0.72,0.32
JYW471,19,134.029,18,12,Terceros,SENCILLO,1.06,12,0.67,0.14
JYW479,32,856.629,32,15,Terceros,TRACTOMULA,1.79,13,0.72,0.24
JYW554,1,18.101,1,1,Empresas,TRACTOMULA,0.06,1,0.06,0.01
JYW555,1,18.101,1,1,Empresas,TRACTOMULA,0.06,1,0.06,0.01
JYW556,1,20.225,1,1,Empresas,TRACTOMULA,0.06,1,0.06,0.01
JYW558,2,39.145,2,1,Empresas,TRACTOMULA,0.11,2,0.11,0.01
JYW654,73,2467.192,73,32,Terceros,TRACTOMULA,4.08,18,1.0,0.54
JYW666,3,42.379,3,1,Empresas,TRACTOMULA,0.17,2,0.11,0.02
JYW669,2,12.844999999999999,2,2,Empresas,SENCILLO,0.11,1,0.06,0.01
JYW673,122,2613.868,119,15,Terceros,TRACTOMULA,6.81,18,1.0,0.9
JYW697,33,1097.346,31,20,Terceros,TRACTOMULA,1.84,10,0.56,0.24
JYW702,1,4.404,1,1,Empresas,SENCILLO,0.06,1,0.06,0.01
JYW898,1,8.694,1,1,Empresas,SENCILLO,0.06,1,0.06,0.01
JYX227,1,8.183,1,1,Empresas,SENCILLO,0.06,1,0.06,0.01
JYX333,3,10.909,3,3,Empresas,TURBO,0.17,2,0.11,0.02
JYX393,3,40.870000000000005,3,1,Empresas,TRACTOMULA,0.17,3,0.17,0.02
JYX407,4,80.589,4,2,Empresas,TRACTOMULA,0.22,4,0.22,0.03
JYX434,1,27.0,1,1,Empresas,TRACTOMULA,0.06,1,0.06,0.01
JYX435,1,28.0,1,1,Empresas,TRACTOMULA,0.06,1,0.06,0.01
JYX451,34,587.194,34,5,Empresas,TRACTOMULA,1.9,15,0.83,0.25
JYX811,1,27.2,1,1,Empresas,TRACTOMULA,0.06,1,0.06,0.01
JYX862,1,29.418,1,1,Empresas,TRACTOMULA,0.06,1,0.06,0.01
JYX888,1,14.642,1,1,Empresas,TRACTOMULA,0.06,1,0.06,0.01
JYX907,1,18.076,1,1,Empresas,TRACTOMULA,0.06,1,0.06,0.01
JYY020,2,51.35,2,2,Empresas,TRACTOMULA,0.11,2,0.11,0.01
JYY027,1,14.55,1,1,Empresas,TRACTOMULA,0.06,1,0.06,0.01
JYY092,1,31.148,1,1,Empresas,TRACTOMULA,0.06,1,0.06,0.01
JYY093,12,90.259,12,9,Terceros,SENCILLO,0.67,7,0.39,0.09
JYY099,1,16.157,1,1,Empresas,TRACTOMULA,0.06,1,0.06,0.01
JYY178,5,19.262999999999998,5,2,Empresas,TURBO,0.28,3,0.17,0.04
JYY211,1,4.242,1,1,Empresas,TURBO,0.06,1,0.06,0.01
JYY233,3,90.09,3,1,Empresas,TRACTOMULA,0.17,3,0.17,0.02
JYY349,6,101.424,6,4,Empresas,TRACTOMULA,0.34,5,0.28,0.05
JYY376,2,61.969,2,1,Empresas,TRACTOMULA,0.11,2,0.11,0.01
JYY378,1,18.101,1,1,Empresas,TRACTOMULA,0.06,1,0.06,0.01
JYY379,2,24.316000000000003,2,1,Empresas,TRACTOMULA,0.11,2,0.11,0.01
JYY383,2,34.744,2,2,Empresas,TRACTOMULA,0.11,2,0.11,0.01
JYY384,2,41.793000000000006,2,2,Empresas,TRACTOMULA,0.11,1,0.06,0.01
JZE890,92,836.765,87,15,Terceros,SENCILLO,5.14,10,0.56,0.68
JZX017,59,337.896,49,23,Terceros,SENCILLO,3.3,16,0.89,0.44
JZX057,8,63.217999999999996,8,3,Terceros,SENCILLO,0.45,7,0.39,0.06
JZX103,58,358.765,52,17,Terceros,SENCILLO,3.24,17,0.94,0.43
JZX123,19,140.82999999999998,19,13,Terceros,SENCILLO,1.06,9,0.5,0.14
JZX135,1,7.974,1,1,Empresas,SENCILLO,0.06,1,0.06,0.01
JZX223,32,215.304,32,17,Terceros,SENCILLO,1.79,14,0.78,0.24
JZX256,1,28.642,1,1,Empresas,TRACTOMULA,0.06,1,0.06,0.01
JZX269,1,6.624,1,1,Empresas,SENCILLO,0.06,1,0.06,0.01
JZX276,1,3.228,1,1,Terceros,TRACTOMULA,0.06,1,0.06,0.01
JZX514,1,8.999,1,1,Empresas,SENCILLO,0.06,1,0.06,0.01
JZX541,7,112.46700000000001,7,3,Terceros,DOBLETROQUE,0.39,6,0.33,0.05
JZX553,2,17.362000000000002,2,2,Terceros,SENCILLO,0.11,2,0.11,0.01
JZX590,1,7.021,1,1,Empresas,SENCILLO,0.06,1,0.06,0.01
KMY454,20,622.861,20,18,Terceros,TRACTOMULA,1.12,8,0.44,0.15
KMY521,52,397.29,51,30,Terceros,SENCILLO,2.9,15,0.83,0.38
KMY585,1,32.506,1,1,Empresas,TRACTOMULA,0.06,1,0.06,0.01
KMY631,1,23.0,1,1,Empresas,TRACTOMULA,0.06,1,0.06,0.01
KMZ242,6,202.058,6,3,Terceros,TRACTOMULA,0.34,5,0.28,0.05
KMZ642,1,3.461,1,1,Empresas,TURBO,0.06,1,0.06,0.01
KNK562,1,18.869,1,1,Empresas,TRACTOMULA,0.06,1,0.06,0.01
KNK608,3,89.028,3,1,Terceros,TRACTOMULA,0.17,3,0.17,0.02
KNK648,1,18.101,1,1,Empresas,TRACTOMULA,0.06,1,0.06,0.01
KNK703,9,114.593,9,1,Empresas,TRACTOMULA,0.5,6,0.33,0.07
KNK716,1,33.047,1,1,Empresas,TRACTOMULA,0.06,1,0.06,0.01
KNK741,1,0.992,1,1,Empresas,TURBO,0.06,1,0.06,0.01
KNK752,1,34.5,1,1,Empresas,TRACTOMULA,0.06,1,0.06,0.01
KNK753,7,81.745,7,1,Empresas,TRACTOMULA,0.39,7,0.39,0.05
KNK866,19,285.255,18,15,Terceros,DOBLETROQUE,1.06,6,0.33,0.14
KNK933,1,11.909000000000002,1,1,Empresas,TRACTOMULA,0.06,1,0.06,0.01
KNL019,10,179.431,10,4,Empresas,TRACTOMULA,0.56,8,0.44,0.07
KNL039,1,3.289,1,1,Empresas,TURBO,0.06,1,0.06,0.01
KNL280,4,13.272,4,2,Terceros,TURBO,0.22,3,0.17,0.03
KNL387,1,31.2,1,1,Empresas,TRACTOMULA,0.06,1,0.06,0.01
KNL773,5,140.13400000000001,5,3,Empresas,TRACTOMULA,0.28,5,0.28,0.04
KNL843,1,8.0,1,1,Empresas,SENCILLO,0.06,1,0.06,0.01
KNM011,91,1262.758,90,43,Terceros,DOBLETROQUE,5.08,18,1.0,0.67
KNM063,20,148.957,19,17,Terceros,SENCILLO,1.12,6,0.33,0.15
KNM071,1,22.0,1,1,Empresas,TRACTOMULA,0.06,1,0.06,0.01
KNM290,1,32.799,1,1,Terceros,TRACTOMULA,0.06,1,0.06,0.01
KNY972,1,20.0,1,1,Empresas,TRACTOMULA,0.06,1,0.06,0.01
KNY973,1,33.066,1,1,Empresas,TRACTOMULA,0.06,1,0.06,0.01
KNZ246,1,8.719,1,1,Empresas,SENCILLO,0.06,1,0.06,0.01
KNZ354,5,66.975,5,2,Empresas,TRACTOMULA,0.28,5,0.28,0.04
KNZ511,20,29.311,20,6,Terceros,CAMIONETA,1.12,5,0.28,0.15
KNZ594,3,89.094,3,3,Empresas,TRACTOMULA,0.17,2,0.11,0.02
KOK161,116,728.102,115,40,Terceros,SENCILLO,6.48,17,0.94,0.86
KOK232,1,9.0,1,1,Empresas,TRACTOMULA,0.06,1,0.06,0.01
KOK573,233,808.461,189,33,Terceros,TURBO,13.01,14,0.78,1.5
KOK640,1,1.465,1,1,Empresas,TURBO,0.06,1,0.06,0.01
KOK747,3,25.029,3,2,Empresas,SENCILLO,0.17,2,0.11,0.02
KOK747.,1,8.704,1,1,Empresas,SENCILLO,0.06,1,0.06,0.01
KOK940,9,277.862,9,5,Empresas,TRACTOMULA,0.5,7,0.39,0.07
KOL025,1,6.066,1,1,Empresas,SENCILLO,0.06,1,0.06,0.01
KOL192,1,13.0,1,1,Terceros,TRACTOMULA,0.06,1,0.06,0.01
KOL220,8,19.468,8,6,Terceros,TURBO,0.45,7,0.39,0.06
KOL405,2,63.133,2,1,Empresas,TRACTOMULA,0.11,2,0.11,0.01
KOL433,1,5.602,1,1,Empresas,SENCILLO,0.06,1,0.06,0.01
KOL725,73,2042.296,71,33,Terceros,TRACTOMULA,4.08,17,0.94,0.54
KOL813,1,3.885,1,1,Empresas,TURBO,0.06,1,0.06,0.01
KOL893,1,6.677,1,1,Empresas,TRACTOMULA,0.06,1,0.06,0.01
KPO502,5,14.64,3,1,Empresas,SENCILLO,0.28,1,0.06,0.04
KPO592,1,28.026,1,1,Empresas,TRACTOMULA,0.06,1,0.06,0.01
KPO770,2,2.935,2,1,Empresas,SENCILLO,0.11,1,0.06,0.01
KPP085,2,11.791,2,2,Empresas,SENCILLO,0.11,1,0.06,0.01
KPP097,1,3.987,1,1,Empresas,TURBO,0.06,1,0.06,0.01
KPP107,19,606.1469999999999,19,16,Terceros,TRACTOMULA,1.06,10,0.56,0.14
KPP109,1,7.013,1,1,Empresas,TRACTOMULA,0.06,1,0.06,0.01
KQR345,1,32.161,1,1,Empresas,TRACTOMULA,0.06,1,0.06,0.01
KQR464,1,14.76,1,1,Empresas,TRACTOMULA,0.06,1,0.06,0.01
KRL823,1,6.873,1,1,Empresas,SENCILLO,0.06,1,0.06,0.01
KRL841,109,373.984,106,34,Terceros,TURBO,6.09,18,1.0,0.81
KRL893,12,180.899,12,1,Empresas,TRACTOMULA,0.67,9,0.5,0.09
KRL928,1,32.0,1,1,Empresas,TRACTOMULA,0.06,1,0.06,0.01
KRL943,1,32.0,1,1,Empresas,TRACTOMULA,0.06,1,0.06,0.01
KRL954,1,32.096000000000004,1,1,Empresas,TRACTOMULA,0.06,1,0.06,0.01
KRL979,2,65.294,2,1,Empresas,TRACTOMULA,0.11,2,0.11,0.01
KRM111,3,11.256,3,3,Empresas,TURBO,0.17,2,0.11,0.02
KRM160,1,30.03,1,1,Empresas,TRACTOMULA,0.06,1,0.06,0.01
KRM171,1,3.73,1,1,Empresas,SENCILLO,0.06,1,0.06,0.01
KRM221,1,13.116,1,1,Empresas,TRACTOMULA,0.06,1,0.06,0.01
KRM224,1,27.0,1,1,Empresas,TRACTOMULA,0.06,1,0.06,0.01
KRM245,3,62.329,3,3,Empresas,TRACTOMULA,0.17,3,0.17,0.02
KRM277,3,90.158,3,2,Empresas,TRACTOMULA,0.17,2,0.11,0.02
KRM293,1,5.689,1,1,Empresas,SENCILLO,0.06,1,0.06,0.01
KRM307,2,44.129,2,2,Empresas,TRACTOMULA,0.11,1,0.06,0.01
KRM310,37,1167.109,37,6,Empresas,TRACTOMULA,2.07,14,0.78,0.27
KRM311,39,1247.633,39,9,Empresas,TRACTOMULA,2.18,15,0.83,0.29
KSK033,40,1336.289,34,22,Flota Propia,TRACTOMULA,2.23,5,0.28,0.3
KSK034,1,27.0,1,1,Empresas,TRACTOMULA,0.06,1,0.06,0.01
KSK064,1,29.03,1,1,Empresas,TRACTOMULA,0.06,1,0.06,0.01
KSK123,134,4278.358,113,44,Flota Propia,TRACTOMULA,7.48,13,0.72,0.99
KSK206,2,67.094,2,2,Empresas,TRACTOMULA,0.11,1,0.06,0.01
KSK300,15,412.267,15,11,Terceros,TRACTOMULA,0.84,10,0.56,0.11
KSK306,5,144.874,5,4,Empresas,TRACTOMULA,0.28,5,0.28,0.04
KSK318,1,33.538000000000004,1,1,Empresas,TRACTOMULA,0.06,1,0.06,0.01
KSK427,1,28.0,1,1,Empresas,TRACTOMULA,0.06,1,0.06,0.01
KSK428,1,32.546,1,1,Empresas,TRACTOMULA,0.06,1,0.06,0.01
KSK429,1,33.476,1,1,Empresas,TRACTOMULA,0.06,1,0.06,0.01
KSK563,1,29.633,1,1,Empresas,TRACTOMULA,0.06,1,0.06,0.01
KSK674,1,32.408,1,1,Empresas,TRACTOMULA,0.06,1,0.06,0.01
KSK686,1,32.375,1,1,Empresas,TRACTOMULA,0.06,1,0.06,0.01
KSK776,13,386.325,13,10,Terceros,TRACTOMULA,0.73,8,0.44,0.1
KSK779,2,6.734999999999999,2,1,Empresas,SENCILLO,0.11,1,0.06,0.01
KSO529,64,1813.601,64,17,Flota Propia,TRACTOMULA,3.57,12,0.67,0.47
KSO533,19,510.182,17,13,Terceros,TRACTOMULA,1.06,8,0.44,0.14
KSP171,1,0.495,1,1,Empresas,TURBO,0.06,1,0.06,0.01
KSP249,39,494.645,39,3,Empresas,TRACTOMULA,2.18,18,1.0,0.29
KSP358,5,65.648,5,1,Empresas,TRACTOMULA,0.28,4,0.22,0.04
KSP491,19,271.111,15,9,Terceros,DOBLETROQUE,1.06,6,0.33,0.14
KSP523,21,610.451,20,14,Terceros,TRACTOMULA,1.17,11,0.61,0.16
KSP655,1,0.901,1,1,Empresas,TURBO,0.06,1,0.06,0.01
KSP670,1,1.484,1,1,Empresas,TURBO,0.06,1,0.06,0.01
KSP681,59,1755.493,58,30,Terceros,TRACTOMULA,3.3,16,0.89,0.44
KSP684,125,878.189,125,33,Terceros,SENCILLO,6.98,18,1.0,0.93
KSP711,3,13.699,3,2,Terceros,TURBO,0.17,2,0.11,0.02
KSP777,28,349.425,28,2,Empresas,TRACTOMULA,1.56,13,0.72,0.21
KSQ139,59,184.25,55,30,Terceros,TURBO,3.3,16,0.89,0.44
KSQ194,8,79.34,8,1,Empresas,TRACTOMULA,0.45,7,0.39,0.06
KSQ519,1,4.17,1,1,Empresas,TURBO,0.06,1,0.06,0.01
KSQ547,1,1.673,1,1,Terceros,TURBO,0.06,1,0.06,0.01
KSQ582,11,112.983,11,3,Empresas,TRACTOMULA,0.61,6,0.33,0.08
KSQ616,16,53.192,15,16,Terceros,TURBO,0.89,9,0.5,0.12
KSQ681,35,128.718,35,20,Terceros,TURBO,1.95,14,0.78,0.26
KSQ858,1,4.0,1,1,Empresas,TURBO,0.06,1,0.06,0.01
KSQ944,1,7.0,1,1,Empresas,SENCILLO,0.06,1,0.06,0.01
KSQ945,1,3.347,1,1,Empresas,SENCILLO,0.06,1,0.06,0.01
KSR078,12,166.266,12,3,Empresas,TRACTOMULA,0.67,11,0.61,0.09
KSR147,2,66.625,2,1,Empresas,TRACTOMULA,0.11,1,0.06,0.01
KSR151,1,2.213,1,1,Empresas,TURBO,0.06,1,0.06,0.01
KSR210,1,3.183,1,1,Empresas,SENCILLO,0.06,1,0.06,0.01
KTX392,108,3446.091,108,21,Terceros,TRACTOMULA,6.03,18,1.0,0.8
KTX411,73,2348.197,72,15,Terceros,TRACTOMULA,4.08,17,0.94,0.54
KTX412,31,999.033,31,6,Terceros,TRACTOMULA,1.73,8,0.44,0.23
KUK400,1,33.534,1,1,Empresas,TRACTOMULA,0.06,1,0.06,0.01
KUK472,1,26.299999999999997,1,1,Empresas,TRACTOMULA,0.06,1,0.06,0.01
KUK478,17,302.789,17,2,Empresas,TRACTOMULA,0.95,11,0.61,0.13
KUK528,1,30.424,1,1,Empresas,TRACTOMULA,0.06,1,0.06,0.01
KUK547,1,33.077,1,1,Empresas,TRACTOMULA,0.06,1,0.06,0.01
KUK690,539,2426.756,373,20,Terceros,TURBO,30.1,18,1.0,1.5
KUK716,246,2142.715,235,13,Terceros,SENCILLO,13.74,18,1.0,1.5
KUK774,65,246.938,65,9,Terceros,TURBO,3.63,18,1.0,0.48
KUK802,1,32.883,1,1,Empresas,TRACTOMULA,0.06,1,0.06,0.01
KUL103,1,3.858,1,1,Empresas,TURBO,0.06,1,0.06,0.01
KUL256,1,9.035,1,1,Empresas,SENCILLO,0.06,1,0.06,0.01
KUL332,1,8.079,1,1,Empresas,SENCILLO,0.06,1,0.06,0.01
KUL397,1,3.5,1,1,Empresas,TURBO,0.06,1,0.06,0.01
KUL507,273,2416.716,234,19,Terceros,SENCILLO,15.25,18,1.0,1.5
KUL690,7,24.476,7,6,Terceros,TURBO,0.39,3,0.17,0.05
KUL732,13,97.776,13,12,Terceros,SENCILLO,0.73,9,0.5,0.1
KUL840,1,32.2,1,1,Empresas,TRACTOMULA,0.06,1,0.06,0.01
KUL987,1,6.954,1,1,Empresas,SENCILLO,0.06,1,0.06,0.01
KUM070,1,26.0,1,1,Empresas,TRACTOMULA,0.06,1,0.06,0.01
KUM182,1,20.0,1,1,Empresas,TRACTOMULA,0.06,1,0.06,0.01
KUM266,10,282.188,10,9,Terceros,TRACTOMULA,0.56,7,0.39,0.07
KUM273,1,8.325,1,1,Empresas,SENCILLO,0.06,1,0.06,0.01
KUM504,5,40.251,5,4,Terceros,SENCILLO,0.28,3,0.17,0.04
KUM724,1,3.144,1,1,Empresas,TURBO,0.06,1,0.06,0.01
KUM805,317,2854.578,263,13,Terceros,SENCILLO,17.71,18,1.0,1.5
KUM812,23,359.507,23,13,Terceros,DOBLETROQUE,1.28,15,0.83,0.17
KUM878,27,862.844,27,9,Terceros,TRACTOMULA,1.51,8,0.44,0.2
KUM879,3,103.5,3,1,Empresas,TRACTOMULA,0.17,2,0.11,0.02
KUM882,283,2453.426,226,32,Terceros,SENCILLO,15.81,17,0.94,1.5
KUM938,2,57.525,2,1,Empresas,TRACTOMULA,0.11,1,0.06,0.01
KUM981,1,33.0,1,1,Empresas,TRACTOMULA,0.06,1,0.06,0.01
KUN037,57,426.88,56,38,Terceros,SENCILLO,3.18,12,0.67,0.42
KUN057,9,209.151,9,4,Empresas,TRACTOMULA,0.5,7,0.39,0.07
KUN113,6,206.5,6,3,Empresas,TRACTOMULA,0.34,4,0.22,0.05
KUN160,92,785.865,91,47,Terceros,SENCILLO,5.14,17,0.94,0.68
KUN447,23,204.843,22,5,Terceros,SENCILLO,1.28,4,0.22,0.17
KUN856,12,396.0,12,1,Terceros,TRACTOMULA,0.67,3,0.17,0.09
KUN904,2,43.157,2,1,Empresas,TRACTOMULA,0.11,2,0.11,0.01
KUN943,8,112.555,8,6,Terceros,DOBLETROQUE,0.45,7,0.39,0.06
KUS108,1,15.974,1,1,Empresas,TRACTOMULA,0.06,1,0.06,0.01
KUS206,1,8.076,1,1,Empresas,SENCILLO,0.06,1,0.06,0.01
KUS313,1,6.444,1,1,Empresas,TRACTOMULA,0.06,1,0.06,0.01
KUS349,3,10.149000000000001,3,2,Empresas,SENCILLO,0.17,2,0.11,0.02
KVW266,37,140.681,37,12,Terceros,TURBO,2.07,12,0.67,0.27
KZL702,1,34.5,1,1,Empresas,TRACTOMULA,0.06,1,0.06,0.01
KZL739,7,241.5,7,1,Empresas,TRACTOMULA,0.39,5,0.28,0.05
KZL817,1,33.297999999999995,1,1,Empresas,TRACTOMULA,0.06,1,0.06,0.01
KZV735,1,0.782,1,1,Empresas,TURBO,0.06,1,0.06,0.01
KZX656,3,96.60499999999999,3,3,Empresas,TRACTOMULA,0.17,2,0.11,0.02
KZX746,1,33.0,1,1,Terceros,TRACTOMULA,0.06,1,0.06,0.01
KZX772,1,27.887999999999998,1,1,Empresas,TRACTOMULA,0.06,1,0.06,0.01
LCM212,18,580.065,18,10,Terceros,TRACTOMULA,1.01,10,0.56,0.13
LCM367,1,4.276,1,1,Empresas,TURBO,0.06,1,0.06,0.01
LCM455,4,53.467,4,1,Empresas,TRACTOMULA,0.22,2,0.11,0.03
LCM471,1,6.7989999999999995,1,1,Empresas,SENCILLO,0.06,1,0.06,0.01
LCM524,31,103.735,31,21,Terceros,TURBO,1.73,14,0.78,0.23
LCM602,5,64.429,5,3,Empresas,TRACTOMULA,0.28,3,0.17,0.04
LCM623,20,333.944,20,3,Empresas,TRACTOMULA,1.12,12,0.67,0.15
LCM642,8,26.517,8,5,Terceros,TURBO,0.45,4,0.22,0.06
LCM768,17,195.562,17,2,Empresas,TRACTOMULA,0.95,10,0.56,0.13
LCM797,1,16.478,1,1,Empresas,TRACTOMULA,0.06,1,0.06,0.01
LCM817,50,144.44,48,21,Terceros,TURBO,2.79,16,0.89,0.37
LCM838,1,1.506,1,1,Empresas,TURBO,0.06,1,0.06,0.01
LCM913,21,310.574,21,1,Empresas,TRACTOMULA,1.17,12,0.67,0.16
LCM951,1,10.331,1,1,Empresas,TRACTOMULA,0.06,1,0.06,0.01
LCN183,1,2.555,1,1,Terceros,TURBO,0.06,1,0.06,0.01
LCN210,1,2.775,1,1,Empresas,TURBO,0.06,1,0.06,0.01
LCN379,15,83.739,15,7,Empresas,SENCILLO,0.84,8,0.44,0.11
LCN426,4,33.534,4,4,Terceros,SENCILLO,0.22,2,0.11,0.03
LCN540,1,8.606,1,1,Empresas,SENCILLO,0.06,1,0.06,0.01
LCN638,6,21.705,6,5,Empresas,SENCILLO,0.34,5,0.28,0.05
LCN732,1,16.78,1,1,Empresas,TRACTOMULA,0.06,1,0.06,0.01
LCN909,3,38.416,3,1,Empresas,TRACTOMULA,0.17,3,0.17,0.02
LCO040,51,178.375,51,36,Terceros,TURBO,2.85,17,0.94,0.38
LCO056,4,48.942,4,2,Empresas,TRACTOMULA,0.22,2,0.11,0.03
LCO123,1,4.267,1,1,Empresas,SENCILLO,0.06,1,0.06,0.01
LCO239,3,13.011999999999999,3,2,Empresas,SENCILLO,0.17,3,0.17,0.02
LCO248,1,28.0,1,1,Empresas,TRACTOMULA,0.06,1,0.06,0.01
LCO284,1,6.0,1,1,Empresas,SENCILLO,0.06,1,0.06,0.01
LCO291,6,7.758,5,3,Terceros,TURBO,0.34,2,0.11,0.05
LCO318,22,682.05,21,14,Terceros,TRACTOMULA,1.23,12,0.67,0.16
LCO345,17,297.781,17,4,Empresas,TRACTOMULA,0.95,12,0.67,0.13
LCO549,2,15.064,2,1,Empresas,TRACTOMULA,0.11,2,0.11,0.01
LCO593,3,25.897,3,1,Empresas,TRACTOMULA,0.17,2,0.11,0.02
LCO699,1,4.049,1,1,Empresas,TURBO,0.06,1,0.06,0.01
LCO843,53,838.263,53,3,Empresas,TRACTOMULA,2.96,18,1.0,0.39
LCO896,27,865.527,27,21,Terceros,TRACTOMULA,1.51,14,0.78,0.2
LCS862,68,1869.195,59,32,Terceros,TRACTOMULA,3.8,18,1.0,0.5
LCS936,91,2654.651,85,45,Terceros,TRACTOMULA,5.08,17,0.94,0.67
LFL379,161,701.626,108,14,Terceros,TURBO,8.99,9,0.5,1.19
LFQ476,76,1043.597,74,33,Terceros,DOBLETROQUE,4.24,17,0.94,0.56
LFQ500,1,23.4,1,1,Empresas,TRACTOMULA,0.06,1,0.06,0.01
LFQ503,7,114.471,7,1,Empresas,TRACTOMULA,0.39,6,0.33,0.05
LFQ644,1,0.478,1,1,Empresas,TURBO,0.06,1,0.06,0.01
LFQ703,1,20.415,1,1,Empresas,TRACTOMULA,0.06,1,0.06,0.01
LFQ744,1,32.266999999999996,1,1,Empresas,TRACTOMULA,0.06,1,0.06,0.01
LFQ791,1,34.0,1,1,Empresas,TRACTOMULA,0.06,1,0.06,0.01
LFQ793,2,66.515,2,1,Empresas,TRACTOMULA,0.11,2,0.11,0.01
LFV575,1,8.821,1,1,Empresas,SENCILLO,0.06,1,0.06,0.01
LFV638,1,6.776,1,1,Empresas,SENCILLO,0.06,1,0.06,0.01
LFV645,1,34.5,1,1,Empresas,TRACTOMULA,0.06,1,0.06,0.01
LFV651,257,4138.915,252,50,Terceros,DOBLETROQUE,14.35,18,1.0,1.5
LFV654,1,24.217,1,1,Empresas,TRACTOMULA,0.06,1,0.06,0.01
LFV673,4,35.358000000000004,4,4,Terceros,SENCILLO,0.22,2,0.11,0.03
LFV721,1,25.025,1,1,Empresas,TRACTOMULA,0.06,1,0.06,0.01
LFX123,1,1.371,1,1,Empresas,TURBO,0.06,1,0.06,0.01
LFX180,1,6.529,1,1,Terceros,SENCILLO,0.06,1,0.06,0.01
LFX210,6,45.081,6,6,Terceros,SENCILLO,0.34,3,0.17,0.05
LFX271,16,124.026,16,14,Terceros,SENCILLO,0.89,9,0.5,0.12
LFX300,48,1404.354,48,24,Terceros,TRACTOMULA,2.68,17,0.94,0.36
LFX311,2,21.409,2,2,Empresas,SENCILLO,0.11,2,0.11,0.01
LFX322,3,21.708000000000002,3,2,Terceros,SENCILLO,0.17,3,0.17,0.02
LFX338,4,34.282000000000004,4,2,Terceros,SENCILLO,0.22,4,0.22,0.03
LGL504,1,3.781,1,1,Terceros,TURBO,0.06,1,0.06,0.01
LGL609,1,8.062,1,1,Empresas,TRACTOMULA,0.06,1,0.06,0.01
LGL662,1,2.9690000000000003,1,1,Empresas,TURBO,0.06,1,0.06,0.01
LGL686,8,126.25200000000001,8,1,Empresas,TRACTOMULA,0.45,4,0.22,0.06
LGL717,3,40.2,3,1,Empresas,TRACTOMULA,0.17,3,0.17,0.02
LGU503,1,2.701,1,1,Empresas,TURBO,0.06,1,0.06,0.01
LGU573,2,62.847,2,2,Empresas,TRACTOMULA,0.11,2,0.11,0.01
LIK502,1,28.622,1,1,Empresas,TRACTOMULA,0.06,1,0.06,0.01
LIK562,5,157.669,5,5,Terceros,TRACTOMULA,0.28,4,0.22,0.04
LIK580,2,66.995,2,2,Empresas,TRACTOMULA,0.11,2,0.11,0.01
LIK589,2,66.301,2,2,Empresas,TRACTOMULA,0.11,2,0.11,0.01
LIK650,7,223.905,7,7,Terceros,TRACTOMULA,0.39,6,0.33,0.05
LJO498,1,2.0,1,1,Empresas,TURBO,0.06,1,0.06,0.01
LJS120,5,17.819,5,3,Terceros,SENCILLO,0.28,2,0.11,0.04
LJS745,120,470.95799999999997,118,22,Terceros,TURBO,6.7,18,1.0,0.89
LJS799,1,4.173,1,1,Empresas,TURBO,0.06,1,0.06,0.01
LJS875,1,3.27,1,1,Empresas,SENCILLO,0.06,1,0.06,0.01
LJS879,3,41.658,3,2,Empresas,TRACTOMULA,0.17,3,0.17,0.02
LJS894,1,16.077,1,1,Empresas,DOBLETROQUE,0.06,1,0.06,0.01
LJT141,5,87.571,5,1,Empresas,TRACTOMULA,0.28,4,0.22,0.04
LJT259,8,123.835,8,2,Empresas,TRACTOMULA,0.45,5,0.28,0.06
LJT260,19,144.883,18,13,Terceros,SENCILLO,1.06,8,0.44,0.14
LJT409,12,53.791,11,5,Terceros,TURBO,0.67,7,0.39,0.09
LJT543,2,34.922,2,1,Empresas,TRACTOMULA,0.11,2,0.11,0.01
LJT599,91,2758.368,90,28,Terceros,TRACTOMULA,5.08,18,1.0,0.67
LJT680,13,186.497,13,1,Empresas,TRACTOMULA,0.73,10,0.56,0.1
LJU066,2,56.0,2,2,Empresas,TRACTOMULA,0.11,2,0.11,0.01
LJU156,22,388.117,22,7,Empresas,TRACTOMULA,1.23,14,0.78,0.16
LJU439,4,109.432,4,2,Empresas,TRACTOMULA,0.22,1,0.06,0.03
LJU464,1,32.058,1,1,Empresas,TRACTOMULA,0.06,1,0.06,0.01
LJU493,1,32.73199999999999,1,1,Empresas,TRACTOMULA,0.06,1,0.06,0.01
LJU544,69,261.178,69,12,Terceros,TURBO,3.85,18,1.0,0.51
LJU626,9,33.37,9,5,Terceros,TURBO,0.5,4,0.22,0.07
LJU759,1,17.264,1,1,Empresas,TRACTOMULA,0.06,1,0.06,0.01
LJU867,2,35.022,2,1,Empresas,TRACTOMULA,0.11,2,0.11,0.01
LJU940,22,689.8,22,20,Terceros,TRACTOMULA,1.23,12,0.67,0.16
LJV162,3,41.282,3,1,Empresas,TRACTOMULA,0.17,3,0.17,0.02
LJV180,5,65.444,5,2,Empresas,TRACTOMULA,0.28,3,0.17,0.04
LJV182,198,804.649,153,27,Terceros,TURBO,11.06,14,0.78,1.47
LJV283,1,8.432,1,1,Empresas,TRACTOMULA,0.06,1,0.06,0.01
LJV316,1,30.436,1,1,Empresas,TRACTOMULA,0.06,1,0.06,0.01
LJV358,3,49.45,3,1,Empresas,TRACTOMULA,0.17,3,0.17,0.02
LJV377,13,50.175,13,8,Terceros,TURBO,0.73,7,0.39,0.1
LJV441,28,800.451,28,11,Flota Propia,TRACTOMULA,1.56,6,0.33,0.21
LJV457,5,112.03999999999999,5,5,Empresas,TRACTOMULA,0.28,5,0.28,0.04
LJV498,9,306.0,8,6,Terceros,TRACTOMULA,0.5,4,0.22,0.07
LJX020,1,25.0,1,1,Empresas,TRACTOMULA,0.06,1,0.06,0.01
LJZ598,15,122.948,15,14,Terceros,SENCILLO,0.84,6,0.33,0.11
LJZ686,1,32.659,1,1,Empresas,TRACTOMULA,0.06,1,0.06,0.01
LJZ696,1,20.993,1,1,Empresas,TRACTOMULA,0.06,1,0.06,0.01
LJZ699,1,34.5,1,1,Empresas,TRACTOMULA,0.06,1,0.06,0.01
LJZ834,19,115.112,17,5,Terceros,SENCILLO,1.06,11,0.61,0.14
LJZ879,2,66.34300000000002,2,1,Empresas,TRACTOMULA,0.11,2,0.11,0.01
LKK086,1,3.2,1,1,Empresas,TURBO,0.06,1,0.06,0.01
LKK092,3,98.33699999999999,3,1,Terceros,TRACTOMULA,0.17,3,0.17,0.02
LKK110,1,3.0,1,1,Empresas,TURBO,0.06,1,0.06,0.01
LKK209,1,33.565000000000005,1,1,Empresas,TRACTOMULA,0.06,1,0.06,0.01
LKK256,1,29.03,1,1,Empresas,TRACTOMULA,0.06,1,0.06,0.01
LKK261,5,18.829,5,4,Terceros,TURBO,0.28,2,0.11,0.04
LKK283,258,2077.639,214,53,Terceros,SENCILLO,14.41,18,1.0,1.5
LKK506,1,3.712,1,1,Empresas,TURBO,0.06,1,0.06,0.01
LKK562,4,60.64399999999999,4,2,Empresas,TRACTOMULA,0.22,3,0.17,0.03
LKK632,10,192.846,10,3,Empresas,TRACTOMULA,0.56,10,0.56,0.07
LKK637,1,3.748,1,1,Empresas,TURBO,0.06,1,0.06,0.01
LKK641,17,419.53200000000004,17,16,Terceros,TRACTOMULA,0.95,6,0.33,0.13
LKK698,1,24.0,1,1,Empresas,TRACTOMULA,0.06,1,0.06,0.01
LKK961,633,9521.565,377,32,Terceros,DOBLETROQUE,35.36,18,1.0,1.5
LKK973,1,30.816,1,1,Empresas,TRACTOMULA,0.06,1,0.06,0.01
LKL074,2,7.25,2,2,Empresas,TURBO,0.11,1,0.06,0.01
LKL526,1,0.8,1,1,Empresas,TURBO,0.06,1,0.06,0.01
LKL587,14,55.696,14,9,Terceros,TURBO,0.78,7,0.39,0.1
LKL763,24,785.4,23,10,Empresas,TRACTOMULA,1.34,6,0.33,0.18
LKL876,1,21.956,1,1,Empresas,TRACTOMULA,0.06,1,0.06,0.01
LKL907,1,15.939,1,1,Empresas,TRACTOMULA,0.06,1,0.06,0.01
LKL984,1,11.083,1,1,Empresas,TRACTOMULA,0.06,1,0.06,0.01
LKL998,359,1172.337,327,42,Terceros,CAMIONETA,20.05,18,1.0,1.5
LKM107,110,3112.464,107,56,Terceros,TRACTOMULA,6.14,17,0.94,0.81
LKM108,9,250.03,9,8,Terceros,TRACTOMULA,0.5,5,0.28,0.07
LKM268,1,29.03,1,1,Empresas,TRACTOMULA,0.06,1,0.06,0.01
LKM330,1,18.101,1,1,Empresas,TRACTOMULA,0.06,1,0.06,0.01
LKN223,1,33.066,1,1,Empresas,TRACTOMULA,0.06,1,0.06,0.01
LKN252,2,27.743,2,1,Empresas,TRACTOMULA,0.11,1,0.06,0.01
LKN297,17,576.602,17,10,Terceros,TRACTOMULA,0.95,7,0.39,0.13
LKN336,2,54.0,2,2,Empresas,TRACTOMULA,0.11,1,0.06,0.01
LKN349,1,4.0969999999999995,1,1,Terceros,TURBO,0.06,1,0.06,0.01
LKN500,1,18.559,1,1,Empresas,TRACTOMULA,0.06,1,0.06,0.01
LKN501,1,15.133,1,1,Empresas,TRACTOMULA,0.06,1,0.06,0.01
LKN503,1,17.759,1,1,Empresas,TRACTOMULA,0.06,1,0.06,0.01
LKN504,2,29.6,2,2,Empresas,TRACTOMULA,0.11,2,0.11,0.01
LKN544,1,7.961,1,1,Empresas,TRACTOMULA,0.06,1,0.06,0.01
LKN663,9,306.0,9,6,Terceros,TRACTOMULA,0.5,6,0.33,0.07
LKN767,43,928.957,40,18,Terceros,TRACTOMULA,2.4,16,0.89,0.32
LKN782,28,511.186,28,3,Empresas,TRACTOMULA,1.56,15,0.83,0.21
LKN923,44,1476.836,44,25,Terceros,TRACTOMULA,2.46,14,0.78,0.33
LKN989,76,2566.607,66,36,Terceros,TRACTOMULA,4.24,18,1.0,0.56
LKO538,19,72.869,19,14,Terceros,TURBO,1.06,5,0.28,0.14
LKO617,2,66.10300000000001,2,2,Empresas,TRACTOMULA,0.11,2,0.11,0.01
LKO692,1,28.431,1,1,Empresas,TRACTOMULA,0.06,1,0.06,0.01
LKO795,1,4.03,1,1,Empresas,SENCILLO,0.06,1,0.06,0.01
LKO867,1,6.026,1,1,Empresas,TRACTOMULA,0.06,1,0.06,0.01
LLI152,2,16.762,2,2,Empresas,SENCILLO,0.11,2,0.11,0.01
LLL497,7,191.082,6,4,Empresas,TRACTOMULA,0.39,4,0.22,0.05
LLL640,1,34.5,1,1,Empresas,TRACTOMULA,0.06,1,0.06,0.01
LLO782,2,30.19,2,2,Empresas,TRACTOMULA,0.11,2,0.11,0.01
LLO809,50,1649.924,50,8,Terceros,TRACTOMULA,2.79,13,0.72,0.37
LLO845,11,351.11699999999996,11,2,Terceros,TRACTOMULA,0.61,5,0.28,0.08
LLP054,21,69.306,21,14,Terceros,TURBO,1.17,14,0.78,0.16
LLP179,1,2.8949999999999996,1,1,Empresas,TURBO,0.06,1,0.06,0.01
LLP208,8,128.26500000000001,8,3,Empresas,DOBLETROQUE,0.45,6,0.33,0.06
LLP307,1,3.6470000000000002,1,1,Terceros,CAMIONETA,0.06,1,0.06,0.01
LLP443,81,2196.829,80,18,Flota Propia,TRACTOMULA,4.52,16,0.89,0.6
LLP469,2,22.009,2,2,Terceros,SENCILLO,0.11,2,0.11,0.01
LLP499,2,66.953,2,2,Empresas,TRACTOMULA,0.11,2,0.11,0.01
LLP524,3,98.94,3,3,Empresas,TRACTOMULA,0.17,1,0.06,0.02
LLP567,13,35.927,12,7,Terceros,TURBO,0.73,3,0.17,0.1
LLP766,10,84.526,10,5,Terceros,SENCILLO,0.56,7,0.39,0.07
LLP833,61,1838.635,61,26,Terceros,TRACTOMULA,3.41,18,1.0,0.45
LLQ110,1,26.861,1,1,Empresas,TRACTOMULA,0.06,1,0.06,0.01
LLQ118,1,29.489,1,1,Empresas,TRACTOMULA,0.06,1,0.06,0.01
LLQ463,1,7.953,1,1,Empresas,SENCILLO,0.06,1,0.06,0.01
LME405,265,2260.771,255,18,Terceros,SENCILLO,14.8,18,1.0,1.5
LMM793,1,22.0,1,1,Empresas,TRACTOMULA,0.06,1,0.06,0.01
LMM881,1,24.0,1,1,Empresas,TRACTOMULA,0.06,1,0.06,0.01
LMM938,33,973.746,32,23,Terceros,TRACTOMULA,1.84,14,0.78,0.24
LMN047,1,20.0,1,1,Empresas,TRACTOMULA,0.06,1,0.06,0.01
LMN048,1,20.0,1,1,Empresas,TRACTOMULA,0.06,1,0.06,0.01
LMP252,1,4.966,1,1,Empresas,TURBO,0.06,1,0.06,0.01
LOK230,1,4.271,1,1,Empresas,TURBO,0.06,1,0.06,0.01
LPK707,1,3.7600000000000002,1,1,Empresas,TURBO,0.06,1,0.06,0.01
LPK729,1,9.051,1,1,Empresas,SENCILLO,0.06,1,0.06,0.01
LPK757,1,6.345,1,1,Empresas,SENCILLO,0.06,1,0.06,0.01
LPL327,2,16.479999999999997,2,2,Terceros,SENCILLO,0.11,2,0.11,0.01
LPL329,1,8.916,1,1,Empresas,SENCILLO,0.06,1,0.06,0.01
LPL460,2,32.215999999999994,2,2,Empresas,DOBLETROQUE,0.11,2,0.11,0.01
LPL477,2,7.508,2,2,Empresas,TURBO,0.11,2,0.11,0.01
LPL507,1,4.3,1,1,Empresas,TURBO,0.06,1,0.06,0.01
LPM103,1,3.451,1,1,Empresas,TURBO,0.06,1,0.06,0.01
LPM140,4,12.279,4,4,Empresas,TURBO,0.22,4,0.22,0.03
LPM211,1,3.286,1,1,Empresas,TURBO,0.06,1,0.06,0.01
LPM432,10,24.737000000000002,10,7,Empresas,TURBO,0.56,5,0.28,0.07
LPM502,1,23.373,1,1,Empresas,TRACTOMULA,0.06,1,0.06,0.01
LPX333,1,31.910999999999998,1,1,Empresas,TRACTOMULA,0.06,1,0.06,0.01
LPX372,3,50.0,3,3,Terceros,TRACTOMULA,0.17,2,0.11,0.02
LPX404,1,6.494,1,1,Empresas,SENCILLO,0.06,1,0.06,0.01
LPY377,2,64.383,2,2,Empresas,TRACTOMULA,0.11,2,0.11,0.01
LPY428,1,34.5,1,1,Empresas,TRACTOMULA,0.06,1,0.06,0.01
LPY696,2,18.734,2,1,Empresas,TRACTOMULA,0.11,2,0.11,0.01
LPY850,1,18.955,1,1,Empresas,TRACTOMULA,0.06,1,0.06,0.01
LPZ044,2,50.278999999999996,2,2,Empresas,TRACTOMULA,0.11,2,0.11,0.01
LPZ063,1,24.709000000000003,1,1,Empresas,TRACTOMULA,0.06,1,0.06,0.01
LPZ085,2,68.5,2,2,Empresas,TRACTOMULA,0.11,2,0.11,0.01
LPZ092,9,73.801,9,8,Empresas,DOBLETROQUE,0.5,6,0.33,0.07
LPZ197,4,128.726,4,1,Empresas,TRACTOMULA,0.22,3,0.17,0.03
LPZ446,8,182.748,8,4,Empresas,TRACTOMULA,0.45,4,0.22,0.06
LPZ446 ,1,18.477,1,1,Empresas,TRACTOMULA,0.06,1,0.06,0.01
LPZ584,1,33.066,1,1,Empresas,TRACTOMULA,0.06,1,0.06,0.01
LPZ709,1,2.728,1,1,Empresas,TURBO,0.06,1,0.06,0.01
LPZ848,2,7.109999999999999,2,2,Empresas,TURBO,0.11,2,0.11,0.01
LQK089,1,25.2,1,1,Empresas,TRACTOMULA,0.06,1,0.06,0.01
LQK184,1,5.606,1,1,Empresas,SENCILLO,0.06,1,0.06,0.01
LQK244,1,34.5,1,1,Empresas,TRACTOMULA,0.06,1,0.06,0.01
LQK316,1,3.917,1,1,Terceros,TURBO,0.06,1,0.06,0.01
LQK406,1,16.126,1,1,Empresas,TRACTOMULA,0.06,1,0.06,0.01
LQK803,3,98.12200000000001,3,2,Terceros,TRACTOMULA,0.17,3,0.17,0.02
LQK806,4,107.99,4,1,Empresas,TRACTOMULA,0.22,3,0.17,0.03
LQK824,11,355.909,11,6,Empresas,TRACTOMULA,0.61,9,0.5,0.08
LQO370,38,1213.286,38,11,Empresas,TRACTOMULA,2.12,15,0.83,0.28
LQO375,30,954.201,30,15,Terceros,TRACTOMULA,1.68,15,0.83,0.22
LQO381,18,568.674,18,7,Empresas,TRACTOMULA,1.01,7,0.39,0.13
LQO383,1,19.474,1,1,Empresas,TRACTOMULA,0.06,1,0.06,0.01
LQO410,1,31.023,1,1,Empresas,TRACTOMULA,0.06,1,0.06,0.01
LQO422,2,62.138000000000005,2,2,Terceros,TRACTOMULA,0.11,2,0.11,0.01
LQO464,2,65.991,2,1,Empresas,TRACTOMULA,0.11,1,0.06,0.01
LQO475,8,229.934,8,4,Empresas,TRACTOMULA,0.45,7,0.39,0.06
LQO511,4,132.0,4,1,Terceros,TRACTOMULA,0.22,1,0.06,0.03
LQO518,1,31.898000000000003,1,1,Empresas,TRACTOMULA,0.06,1,0.06,0.01
LQO540,3,90.09,3,1,Empresas,TRACTOMULA,0.17,3,0.17,0.02
LQO551,54,1623.319,54,26,Terceros,TRACTOMULA,3.02,18,1.0,0.4
LQO705,1,28.837,1,1,Empresas,TRACTOMULA,0.06,1,0.06,0.01
LQO712,1,29.17,1,1,Empresas,TRACTOMULA,0.06,1,0.06,0.01
LQO737,1,9.075,1,1,Empresas,SENCILLO,0.06,1,0.06,0.01
LQO788,1,16.813,1,1,Empresas,TRACTOMULA,0.06,1,0.06,0.01
LQO837,1,32.386,1,1,Empresas,TRACTOMULA,0.06,1,0.06,0.01
LRN094,1,33.291,1,1,Empresas,TRACTOMULA,0.06,1,0.06,0.01
LRN238,1,8.0,1,1,Empresas,TRACTOMULA,0.06,1,0.06,0.01
LRN239,1,8.0,1,1,Empresas,TRACTOMULA,0.06,1,0.06,0.01
LRN241,1,16.0,1,1,Empresas,TRACTOMULA,0.06,1,0.06,0.01
LRN242,1,16.0,1,1,Empresas,TRACTOMULA,0.06,1,0.06,0.01
LRN247,1,18.0,1,1,Empresas,TRACTOMULA,0.06,1,0.06,0.01
LRN348,2,69.0,2,2,Empresas,TRACTOMULA,0.11,2,0.11,0.01
LRN447,17,556.044,16,8,Terceros,TRACTOMULA,0.95,4,0.22,0.13
LRN459,1,2.004,1,1,Empresas,TURBO,0.06,1,0.06,0.01
LRN462,149,4719.011,144,30,Terceros,TRACTOMULA,8.32,18,1.0,1.1
LRN474,17,506.21799999999996,17,15,Terceros,TRACTOMULA,0.95,10,0.56,0.13
LRN499,1,34.5,1,1,Empresas,TRACTOMULA,0.06,1,0.06,0.01
LRN515,66,1820.117,64,36,Terceros,TRACTOMULA,3.69,16,0.89,0.49
LRN527,10,321.143,10,6,Empresas,TRACTOMULA,0.56,8,0.44,0.07
LRN558,105,3085.783,96,49,Terceros,TRACTOMULA,5.86,13,0.72,0.78
LRN661,2,2.899,2,2,Empresas,TURBO,0.11,2,0.11,0.01
LRN702,1,33.0,1,1,Empresas,TRACTOMULA,0.06,1,0.06,0.01
LRN790,1,0.544,1,1,Empresas,TURBO,0.06,1,0.06,0.01
LRN808,2,4.36,2,1,Empresas,SENCILLO,0.11,2,0.11,0.01
LRN849,1,0.649,1,1,Empresas,TURBO,0.06,1,0.06,0.01
LRN880,3,52.0,3,1,Terceros,TRACTOMULA,0.17,2,0.11,0.02
LRN881,6,14.634,6,6,Empresas,TURBO,0.34,3,0.17,0.05
LRU816,7,238.0,7,4,Empresas,TRACTOMULA,0.39,3,0.17,0.05
LTL379,3,94.406,3,1,Empresas,TRACTOMULA,0.17,2,0.11,0.02
LTL381,2,64.441,2,2,Empresas,TRACTOMULA,0.11,2,0.11,0.01
LTL382,3,95.145,3,2,Empresas,TRACTOMULA,0.17,2,0.11,0.02
LTL383,1,33.416,1,1,Empresas,TRACTOMULA,0.06,1,0.06,0.01
LTL384,2,65.149,2,1,Empresas,TRACTOMULA,0.11,2,0.11,0.01
LTL385,2,60.501000000000005,2,2,Empresas,TRACTOMULA,0.11,2,0.11,0.01
LTL537,1,28.0,1,1,Empresas,TRACTOMULA,0.06,1,0.06,0.01
LTL553,1,33.391,1,1,Empresas,TRACTOMULA,0.06,1,0.06,0.01
LTX392,1,20.0,1,1,Empresas,TRACTOMULA,0.06,1,0.06,0.01
LTX400,1,26.442,1,1,Terceros,TRACTOMULA,0.06,1,0.06,0.01
LTX403,4,65.173,4,4,Empresas,DOBLETROQUE,0.22,4,0.22,0.03
LTX447,1,8.173,1,1,Terceros,SENCILLO,0.06,1,0.06,0.01
LTX479,8,258.5,7,2,Empresas,TRACTOMULA,0.45,5,0.28,0.06
LTX525,1,34.5,1,1,Empresas,TRACTOMULA,0.06,1,0.06,0.01
LTX689,1,32.776,1,1,Empresas,TRACTOMULA,0.06,1,0.06,0.01
LUK697,1,34.5,1,1,Empresas,TRACTOMULA,0.06,1,0.06,0.01
LUK926,2,54.716,2,1,Empresas,TRACTOMULA,0.11,2,0.11,0.01
LUK956,1,4.938,1,1,Empresas,TRACTOMULA,0.06,1,0.06,0.01
LUL092,26,790.424,25,4,Empresas,TRACTOMULA,1.45,12,0.67,0.19
LUL137,1,0.79,1,1,Terceros,TURBO,0.06,1,0.06,0.01
LUL198,1,4.893,1,1,Empresas,SENCILLO,0.06,1,0.06,0.01
LUL456,1,4.2829999999999995,1,1,Empresas,TURBO,0.06,1,0.06,0.01
LUL478,54,1582.758,54,21,Terceros,TRACTOMULA,3.02,17,0.94,0.4
LUL815,31,873.2330000000001,31,19,Terceros,TRACTOMULA,1.73,13,0.72,0.23
LUL862,6,15.531,6,6,Empresas,TURBO,0.34,5,0.28,0.05
LUL912,1,32.39,1,1,Empresas,TRACTOMULA,0.06,1,0.06,0.01
LUM002,13,15.014,11,2,Terceros,CAMIONETA,0.73,2,0.11,0.1
LUM186,9,14.867,8,6,Empresas,TURBO,0.5,6,0.33,0.07
LUM352,2,8.09,2,2,Terceros,TURBO,0.11,2,0.11,0.01
LUM409,1,5.0,1,1,Empresas,SENCILLO,0.06,1,0.06,0.01
LUM548,7,26.46,7,5,Empresas,SENCILLO,0.39,5,0.28,0.05
LUM630,23,717.297,22,11,Terceros,TRACTOMULA,1.28,7,0.39,0.17
LUM772,1,8.625,1,1,Empresas,SENCILLO,0.06,1,0.06,0.01
LUN003,1,0.79,1,1,Empresas,TURBO,0.06,1,0.06,0.01
LUN021,2,65.712,2,2,Empresas,TRACTOMULA,0.11,2,0.11,0.01
LUN033,2,52.06,2,2,Empresas,TRACTOMULA,0.11,2,0.11,0.01
LUN237,1,11.0,1,1,Empresas,TRACTOMULA,0.06,1,0.06,0.01
LUN277,1,8.0,1,1,Empresas,TRACTOMULA,0.06,1,0.06,0.01
LUN600,2,66.286,2,2,Empresas,TRACTOMULA,0.11,1,0.06,0.01
LUW030,1,34.5,1,1,Empresas,TRACTOMULA,0.06,1,0.06,0.01
LUW052,4,138.0,4,1,Empresas,TRACTOMULA,0.22,3,0.17,0.03
LUW053,58,1757.204,54,24,Terceros,TRACTOMULA,3.24,17,0.94,0.43
LUW198,3,97.587,3,2,Empresas,TRACTOMULA,0.17,3,0.17,0.02
LUW200,2,60.798,2,2,Empresas,TRACTOMULA,0.11,2,0.11,0.01
LUW202,12,306.784,11,6,Empresas,TRACTOMULA,0.67,5,0.28,0.09
LUW240,3,100.694,3,2,Empresas,TRACTOMULA,0.17,2,0.11,0.02
LUW246,99,3185.04,91,27,Empresas,TRACTOMULA,5.53,18,1.0,0.73
LUW293,1,18.179,1,1,Empresas,TRACTOMULA,0.06,1,0.06,0.01
LUW299,1,31.25,1,1,Empresas,TRACTOMULA,0.06,1,0.06,0.01
LUW427,4,138.0,4,2,Empresas,TRACTOMULA,0.22,3,0.17,0.03
LUW471,1,32.129999999999995,1,1,Empresas,TRACTOMULA,0.06,1,0.06,0.01
LUW846,1,3.66,1,1,Empresas,TURBO,0.06,1,0.06,0.01
LUX062,1,15.133,1,1,Empresas,TRACTOMULA,0.06,1,0.06,0.01
LUX125,18,75.855,18,3,Empresas,SENCILLO,1.01,11,0.61,0.13
LWY300,6,51.024,6,6,Empresas,SENCILLO,0.34,5,0.28,0.05
LWY460,1,30.3,1,1,Empresas,TRACTOMULA,0.06,1,0.06,0.01
LWY494,1,29.66,1,1,Empresas,TRACTOMULA,0.06,1,0.06,0.01
LWY554,8,226.64,7,3,Empresas,TRACTOMULA,0.45,3,0.17,0.06
LWY660,2,18.671,2,1,Empresas,SENCILLO,0.11,2,0.11,0.01
LXS382,1,28.156,1,1,Empresas,TRACTOMULA,0.06,1,0.06,0.01
LXS688,1,7.0,1,1,Empresas,SENCILLO,0.06,1,0.06,0.01
LXS954,1,5.464,1,1,Empresas,SENCILLO,0.06,1,0.06,0.01
LZK981,7,189.85,7,5,Terceros,TRACTOMULA,0.39,7,0.39,0.05
LZK997,25,817.224,25,17,Terceros,TRACTOMULA,1.4,14,0.78,0.19
LZL135,5,159.017,5,4,Empresas,TRACTOMULA,0.28,4,0.22,0.04
LZL701,8,255.558,8,5,Empresas,TRACTOMULA,0.45,4,0.22,0.06
LZL929,1,2.985,1,1,Empresas,SENCILLO,0.06,1,0.06,0.01
LZM173,51,1596.3519999999999,51,19,Terceros,TRACTOMULA,2.85,17,0.94,0.38
LZM355,1,8.288,1,1,Empresas,SENCILLO,0.06,1,0.06,0.01
LZM493,1,1.041,1,1,Empresas,TURBO,0.06,1,0.06,0.01
LZM593,2,3.3280000000000003,2,2,Empresas,TURBO,0.11,1,0.06,0.01
LZN014,1,8.857000000000001,1,1,Empresas,SENCILLO,0.06,1,0.06,0.01
LZN141,1,33.0,1,1,Empresas,TRACTOMULA,0.06,1,0.06,0.01
LZN354,4,127.359,4,1,Empresas,TRACTOMULA,0.22,4,0.22,0.03
LZN451,1,22.5,1,1,Empresas,TRACTOMULA,0.06,1,0.06,0.01
LZN655,1,3.197,1,1,Empresas,TURBO,0.06,1,0.06,0.01
LZN692,1,3.492,1,1,Empresas,SENCILLO,0.06,1,0.06,0.01
LZO047,1,2.625,1,1,Empresas,TURBO,0.06,1,0.06,0.01
LZO174,98,2883.001,98,22,Flota Propia,TRACTOMULA,5.47,18,1.0,0.73
LZO414,1,4.0,1,1,Empresas,TURBO,0.06,1,0.06,0.01
LZO646,4,134.65,4,4,Terceros,TRACTOMULA,0.22,4,0.22,0.03
LZO764,2,15.949000000000002,2,1,Empresas,SENCILLO,0.11,2,0.11,0.01
LZR983,3,24.381999999999998,3,3,Empresas,SENCILLO,0.17,2,0.11,0.02
LZU442,1,11.092,1,1,Empresas,TRACTOMULA,0.06,1,0.06,0.01
MAQ456,1,15.184,1,1,Empresas,DOBLETROQUE,0.06,1,0.06,0.01
MMT411,331,532.88,323,17,Terceros,TURBO,18.49,18,1.0,1.5
MRQ047,141,1136.159,131,54,Terceros,SENCILLO,7.88,18,1.0,1.05
MYR849,2,30.758,2,1,Empresas,TRACTOMULA,0.11,2,0.11,0.01
MYW757,3,25.247,3,3,Empresas,SENCILLO,0.17,3,0.17,0.02
MYW759,1,8.120000000000001,1,1,Empresas,TURBO,0.06,1,0.06,0.01
MYW847,6,95.874,6,5,Empresas,DOBLETROQUE,0.34,5,0.28,0.05
MYW914,5,43.025999999999996,5,5,Empresas,SENCILLO,0.28,2,0.11,0.04
MYW924,1,5.915,1,1,Empresas,SENCILLO,0.06,1,0.06,0.01
MYX014,1,22.5,1,1,Empresas,TRACTOMULA,0.06,1,0.06,0.01
MYX630,11,93.694,8,4,Terceros,SENCILLO,0.61,2,0.11,0.08
MYX667,3,100.13399999999999,3,2,Empresas,TRACTOMULA,0.17,2,0.11,0.02
MYZ589,48,341.882,48,16,Terceros,SENCILLO,2.68,18,1.0,0.36
MYZ628,17,550.273,17,11,Terceros,TRACTOMULA,0.95,11,0.61,0.13
MYZ671,1,31.309,1,1,Empresas,TRACTOMULA,0.06,1,0.06,0.01
MYZ687,5,43.839999999999996,5,4,Terceros,SENCILLO,0.28,4,0.22,0.04
MYZ689,55,1657.886,54,33,Terceros,TRACTOMULA,3.07,15,0.83,0.41
NEF636,13,113.96000000000001,13,11,Terceros,SENCILLO,0.73,3,0.17,0.1
NFQ545,1,24.217,1,1,Empresas,TRACTOMULA,0.06,1,0.06,0.01
NFQ559,8,255.394,8,5,Terceros,TRACTOMULA,0.45,6,0.33,0.06
NFQ566,67,1826.204,64,35,Terceros,TRACTOMULA,3.74,18,1.0,0.5
NFQ632,10,314.834,10,4,Terceros,TRACTOMULA,0.56,6,0.33,0.07
NHO259,2,36.257999999999996,2,1,Empresas,TRACTOMULA,0.11,2,0.11,0.01
NHP374,1,28.0,1,1,Empresas,TRACTOMULA,0.06,1,0.06,0.01
NHP449,2,3.556,2,2,Empresas,TURBO,0.11,1,0.06,0.01
NHP478,108,3501.533,97,32,Empresas,TRACTOMULA,6.03,18,1.0,0.8
NHP479,90,2909.296,83,27,Empresas,TRACTOMULA,5.03,17,0.94,0.67
NHP526,43,662.038,43,33,Terceros,DOBLETROQUE,2.4,13,0.72,0.32
NHP724,2,49.928,2,2,Empresas,TRACTOMULA,0.11,2,0.11,0.01
NHP730,2,65.441,2,2,Empresas,TRACTOMULA,0.11,2,0.11,0.01
NHP763,2,54.716,2,1,Empresas,TRACTOMULA,0.11,1,0.06,0.01
NHP844,1,13.491,1,1,Empresas,TRACTOMULA,0.06,1,0.06,0.01
NHP951,4,15.794,4,4,Empresas,TURBO,0.22,3,0.17,0.03
NHP984,23,732.856,23,17,Terceros,TRACTOMULA,1.28,14,0.78,0.17
NHQ010,1,34.5,1,1,Empresas,TRACTOMULA,0.06,1,0.06,0.01
NHQ011,1,12.278,1,1,Empresas,TRACTOMULA,0.06,1,0.06,0.01
NHQ016,1,4.28,1,1,Terceros,TURBO,0.06,1,0.06,0.01
NHQ117,3,16.426000000000002,3,1,Empresas,SENCILLO,0.17,3,0.17,0.02
NHQ142,3,91.64,3,3,Empresas,TRACTOMULA,0.17,3,0.17,0.02
NHQ196,1,20.5,1,1,Empresas,TRACTOMULA,0.06,1,0.06,0.01
NHQ588,2,69.0,2,2,Empresas,TRACTOMULA,0.11,2,0.11,0.01
NHR000,2,6.216,2,2,Empresas,TURBO,0.11,1,0.06,0.01
NHR116,2,8.451,2,1,Empresas,TURBO,0.11,2,0.11,0.01
NHR239,1,27.699,1,1,Empresas,TRACTOMULA,0.06,1,0.06,0.01
NHR335,1,6.808,1,1,Empresas,TRACTOMULA,0.06,1,0.06,0.01
NHT273,2,6.364000000000001,2,2,Empresas,TURBO,0.11,1,0.06,0.01
NHT606,1,3.713,1,1,Empresas,TURBO,0.06,1,0.06,0.01
NHT826,1,7.949999999999999,1,1,Empresas,SENCILLO,0.06,1,0.06,0.01
NHU000,3,4.76,2,3,Empresas,TURBO,0.17,2,0.11,0.02
NHU087,1,21.378,1,1,Empresas,TRACTOMULA,0.06,1,0.06,0.01
NHU178,1,3.641,1,1,Empresas,TURBO,0.06,1,0.06,0.01
NIN480,2,60.363,2,2,Empresas,TRACTOMULA,0.11,2,0.11,0.01
NIN481,3,95.863,3,2,Empresas,TRACTOMULA,0.17,3,0.17,0.02
NIN505,2,33.509,2,2,Empresas,TRACTOMULA,0.11,2,0.11,0.01
NLW129,10,309.303,10,5,Empresas,TRACTOMULA,0.56,7,0.39,0.07
NLW222,4,67.493,4,1,Empresas,TRACTOMULA,0.22,2,0.11,0.03
NLW226,2,29.0,2,1,Terceros,TRACTOMULA,0.11,1,0.06,0.01
NLW279,3,11.850999999999999,3,3,Terceros,TURBO,0.17,2,0.11,0.02
NLW344,1,3.732,1,1,Terceros,TURBO,0.06,1,0.06,0.01
NLW352,53,384.045,53,33,Terceros,SENCILLO,2.96,18,1.0,0.39
NLW548,2,55.4,2,2,Empresas,TRACTOMULA,0.11,2,0.11,0.01
NLW918,4,20.224,4,4,Terceros,SENCILLO,0.22,2,0.11,0.03
NLX083,2,5.936,2,2,Empresas,TURBO,0.11,2,0.11,0.01
NLX200,1,34.0,1,1,Empresas,TRACTOMULA,0.06,1,0.06,0.01
NLX292,1,0.808,1,1,Empresas,TURBO,0.06,1,0.06,0.01
NMS531,11,374.0,11,8,Empresas,TRACTOMULA,0.61,5,0.28,0.08
NMS548,1,34.5,1,1,Empresas,TRACTOMULA,0.06,1,0.06,0.01
NMS571,14,447.426,14,8,Empresas,TRACTOMULA,0.78,7,0.39,0.1
NMS583,2,14.613,2,1,Empresas,SENCILLO,0.11,2,0.11,0.01
NMS588,1,34.5,1,1,Empresas,TRACTOMULA,0.06,1,0.06,0.01
NMS688,12,414.0,12,2,Empresas,TRACTOMULA,0.67,8,0.44,0.09
NNL020,1,5.0,1,1,Empresas,SENCILLO,0.06,1,0.06,0.01
NNL083,3,51.2,3,3,Terceros,TRACTOMULA,0.17,3,0.17,0.02
NNL302,1,13.051,1,1,Empresas,TRACTOMULA,0.06,1,0.06,0.01
NNL337,1,31.495,1,1,Empresas,TRACTOMULA,0.06,1,0.06,0.01
NNL413,2,8.024999999999999,2,1,Empresas,SENCILLO,0.11,1,0.06,0.01
NNL796,2,5.16,2,1,Terceros,TURBO,0.11,1,0.06,0.01
NNL904,1,25.025,1,1,Empresas,TRACTOMULA,0.06,1,0.06,0.01
NNM019,55,211.78300000000002,55,14,Terceros,TURBO,3.07,15,0.83,0.41
NNM022,70,272.213,69,16,Terceros,TURBO,3.91,18,1.0,0.52
NNM099,1,18.639,1,1,Empresas,TRACTOMULA,0.06,1,0.06,0.01
NNM178,37,134.762,37,6,Terceros,TURBO,2.07,12,0.67,0.27
NNM237,35,666.466,34,16,Terceros,TRACTOMULA,1.95,14,0.78,0.26
NNM256,60,869.497,59,42,Terceros,DOBLETROQUE,3.35,13,0.72,0.44
NNM501,3,96.53,3,3,Terceros,TRACTOMULA,0.17,2,0.11,0.02
NNN040,12,105.87,6,5,Terceros,SENCILLO,0.67,2,0.11,0.09
NNN041,9,79.795,9,7,Terceros,SENCILLO,0.5,3,0.17,0.07
NNN261,85,2296.562,82,34,Terceros,TRACTOMULA,4.75,12,0.67,0.63
NNN360,43,1387.531,41,21,Empresas,TRACTOMULA,2.4,11,0.61,0.32
NNN458,1,23.27,1,1,Empresas,TRACTOMULA,0.06,1,0.06,0.01
NNN791,12,38.455999999999996,12,12,Terceros,TURBO,0.67,4,0.22,0.09
NNN799,5,18.988,5,5,Terceros,TURBO,0.28,2,0.11,0.04
NNV095,1,3.0,1,1,Empresas,TURBO,0.06,1,0.06,0.01
NNV159,146,177.597,129,10,Terceros,CAMIONETA,8.15,10,0.56,1.08
NNV241,29,394.517,29,4,Empresas,TRACTOMULA,1.62,13,0.72,0.21
NNZ823,59,1715.426,56,36,Terceros,TRACTOMULA,3.3,17,0.94,0.44
NNZ918,1,31.599,1,1,Empresas,TRACTOMULA,0.06,1,0.06,0.01
NOK022,2,3.0060000000000002,2,2,Empresas,CAMIONETA,0.11,1,0.06,0.01
NOK285,9,158.596,9,3,Empresas,TRACTOMULA,0.5,7,0.39,0.07
NOK520,11,41.273,11,11,Terceros,TURBO,0.61,9,0.5,0.08
NOK682,1,16.797,1,1,Empresas,TRACTOMULA,0.06,1,0.06,0.01
NOK895,4,94.9,4,3,Empresas,TRACTOMULA,0.22,3,0.17,0.03
NOL363,2,33.35,2,2,Empresas,TRACTOMULA,0.11,2,0.11,0.01
NOL523,9,146.971,9,4,Terceros,DOBLETROQUE,0.5,4,0.22,0.07
NOL561,1,4.1290000000000004,1,1,Empresas,SENCILLO,0.06,1,0.06,0.01
NOS468,1,0.494,1,1,Empresas,TURBO,0.06,1,0.06,0.01
NOS498,1,27.0,1,1,Empresas,TRACTOMULA,0.06,1,0.06,0.01
NOS635,4,12.683,4,2,Empresas,SENCILLO,0.22,2,0.11,0.03
NOS694,4,32.631,4,3,Empresas,TRACTOMULA,0.22,4,0.22,0.03
NOW028,1,8.782,1,1,Empresas,SENCILLO,0.06,1,0.06,0.01
NOW152,2,59.524,2,2,Empresas,TRACTOMULA,0.11,2,0.11,0.01
NOW234,2,1.521,1,2,Empresas,TURBO,0.11,1,0.06,0.01
NOW404,79,281.212,78,28,Terceros,TURBO,4.41,18,1.0,0.58
NOW975,13,156.674,13,4,Empresas,TRACTOMULA,0.73,12,0.67,0.1
NOX112,454,4245.012,356,39,Terceros,SENCILLO,25.36,18,1.0,1.5
NOX196,2,26.288999999999998,2,1,Empresas,TRACTOMULA,0.11,2,0.11,0.01
NOX381,21,79.56,21,18,Terceros,TURBO,1.17,11,0.61,0.16
NOX409,1,1.76,1,1,Empresas,TURBO,0.06,1,0.06,0.01
NOX727,1,1.0,1,1,Terceros,CAMIONETA,0.06,1,0.06,0.01
NOY040,7,197.37,7,6,Empresas,TRACTOMULA,0.39,4,0.22,0.05
NOY043,1,31.590000000000003,1,1,Empresas,TRACTOMULA,0.06,1,0.06,0.01
NOY124,2,6.011,2,2,Terceros,TURBO,0.11,2,0.11,0.01
NOZ051,1,33.446,1,1,Empresas,TRACTOMULA,0.06,1,0.06,0.01
NOZ053,1,33.364,1,1,Empresas,TRACTOMULA,0.06,1,0.06,0.01
NOZ063,1,32.0,1,1,Empresas,TRACTOMULA,0.06,1,0.06,0.01
NPR862,8,38.448,8,6,Empresas,SENCILLO,0.45,7,0.39,0.06
NPR895,1,6.91,1,1,Empresas,TRACTOMULA,0.06,1,0.06,0.01
NPT034,3,80.997,3,2,Empresas,TRACTOMULA,0.17,1,0.06,0.02
NPT077,6,161.938,6,2,Empresas,TRACTOMULA,0.34,3,0.17,0.05
NQL372,3,12.516,3,3,Empresas,TURBO,0.17,2,0.11,0.02
NSQ735,3,9.16,3,3,Terceros,CAMIONETA,0.17,1,0.06,0.02
NSY516,3,11.678,3,3,Empresas,TURBO,0.17,2,0.11,0.02
NSZ192,3,11.696,3,3,Terceros,TURBO,0.17,2,0.11,0.02
NTN648,2,69.0,2,1,Empresas,TRACTOMULA,0.11,1,0.06,0.01
NTN658,8,276.0,8,2,Empresas,TRACTOMULA,0.45,6,0.33,0.06
NTQ387,1,1.969,1,1,Empresas,TURBO,0.06,1,0.06,0.01
NTZ198,1,4.215,1,1,Empresas,TURBO,0.06,1,0.06,0.01
NUT729,6,23.101,6,6,Terceros,TURBO,0.34,4,0.22,0.05
NUT748,2,7.920999999999999,2,2,Empresas,TURBO,0.11,1,0.06,0.01
NUU674,3,45.336,3,1,Empresas,TRACTOMULA,0.17,3,0.17,0.02
NUU910,1,33.501,1,1,Empresas,TRACTOMULA,0.06,1,0.06,0.01
NUU952,1,19.82,1,1,Empresas,TRACTOMULA,0.06,1,0.06,0.01
NUU973,1,30.863,1,1,Empresas,TRACTOMULA,0.06,1,0.06,0.01
NUV183,1,4.562,1,1,Empresas,TURBO,0.06,1,0.06,0.01
NUV304,9,220.585,9,3,Empresas,TRACTOMULA,0.5,6,0.33,0.07
NUV354,1,29.295,1,1,Empresas,TRACTOMULA,0.06,1,0.06,0.01
NUV386,1,34.5,1,1,Empresas,TRACTOMULA,0.06,1,0.06,0.01
NUV389,2,65.44,2,2,Terceros,TRACTOMULA,0.11,2,0.11,0.01
NUV407,2,7.821,2,2,Empresas,TURBO,0.11,2,0.11,0.01
NUV478,10,116.773,10,1,Empresas,TRACTOMULA,0.56,9,0.5,0.07
NUV613,1,4.0,1,1,Empresas,SENCILLO,0.06,1,0.06,0.01
NUV789,1,4.038,1,1,Terceros,TURBO,0.06,1,0.06,0.01
NUW749,12,384.565,12,6,Terceros,TRACTOMULA,0.67,8,0.44,0.09
NUW782,8,126.614,8,5,Empresas,DOBLETROQUE,0.45,7,0.39,0.06
NUW984,1,3.48,1,1,Empresas,TURBO,0.06,1,0.06,0.01
NUX056,1,23.843,1,1,Empresas,TRACTOMULA,0.06,1,0.06,0.01
NUX064,1,5.0,1,1,Empresas,SENCILLO,0.06,1,0.06,0.01
NUX174,11,352.395,11,8,Empresas,TRACTOMULA,0.61,9,0.5,0.08
NUX418,2,65.89699999999999,2,2,Empresas,TRACTOMULA,0.11,2,0.11,0.01
NUX470,3,44.914,3,3,Terceros,CUATROMANOS,0.17,3,0.17,0.02
NUX777,1,32.386,1,1,Empresas,TRACTOMULA,0.06,1,0.06,0.01
NUX873,2,4.525,2,1,Empresas,TURBO,0.11,1,0.06,0.01
NUX900,1,30.06,1,1,Empresas,TRACTOMULA,0.06,1,0.06,0.01
NUX903,3,76.27199999999999,3,2,Empresas,TRACTOMULA,0.17,2,0.11,0.02
NUX944,3,9.969999999999999,3,3,Empresas,TURBO,0.17,3,0.17,0.02
NUY353,2,59.075,2,2,Empresas,TRACTOMULA,0.11,2,0.11,0.01
NUY424,1,30.06,1,1,Empresas,TRACTOMULA,0.06,1,0.06,0.01
NUY688,2,66.0,2,2,Terceros,TRACTOMULA,0.11,2,0.11,0.01
NUY707,2,7.811999999999999,2,2,Empresas,TURBO,0.11,1,0.06,0.01
NUY712,1,6.249,1,1,Empresas,SENCILLO,0.06,1,0.06,0.01
NUY722,1,3.753,1,1,Empresas,TURBO,0.06,1,0.06,0.01
NUY865,1,13.879,1,1,Empresas,TRACTOMULA,0.06,1,0.06,0.01
NUY866,5,59.185,5,2,Empresas,TRACTOMULA,0.28,5,0.28,0.04
NUY958,2,6.803,2,2,Empresas,TURBO,0.11,2,0.11,0.01
NUY961,1,12.0,1,1,Empresas,TRACTOMULA,0.06,1,0.06,0.01
NUY981,3,41.0,3,2,Terceros,TRACTOMULA,0.17,1,0.06,0.02
NUZ080,2,2.9530000000000003,2,1,Terceros,CAMIONETA,0.11,1,0.06,0.01
NUZ089,1,16.466,1,1,Empresas,DOBLETROQUE,0.06,1,0.06,0.01
NUZ124,2,7.654,2,2,Empresas,TURBO,0.11,2,0.11,0.01
NUZ149,1,3.166,1,1,Empresas,TURBO,0.06,1,0.06,0.01
NUZ182,1,3.217,1,1,Empresas,TURBO,0.06,1,0.06,0.01
NXR008,1,8.552,1,1,Empresas,SENCILLO,0.06,1,0.06,0.01
NXY871,37,1162.501,37,19,Terceros,TRACTOMULA,2.07,12,0.67,0.27
NXY896,1,17.412,1,1,Empresas,TRACTOMULA,0.06,1,0.06,0.01
NYP223,2,11.982,2,2,Empresas,SENCILLO,0.11,2,0.11,0.01
OAI363,8,244.854,8,7,Terceros,TRACTOMULA,0.45,5,0.28,0.06
OJF439,10,77.234,7,10,Terceros,SENCILLO,0.56,2,0.11,0.07
ONH381,1,7.164,1,1,Empresas,SENCILLO,0.06,1,0.06,0.01
OYF280,1,16.427,1,1,Terceros,DOBLETROQUE,0.06,1,0.06,0.01
PAQ001,1,1.13,1,1,Empresas,TRACTOMULA,0.06,1,0.06,0.01
PEN130,2,16.472,2,1,Empresas,TRACTOMULA,0.11,1,0.06,0.01
PIB011,1,9.12,1,1,Empresas,SENCILLO,0.06,1,0.06,0.01
PKA887,14,118.411,14,6,Terceros,SENCILLO,0.78,3,0.17,0.1
PKK478,1,33.0,1,1,Empresas,TRACTOMULA,0.06,1,0.06,0.01
PKK649,30,40.592,28,8,Terceros,CAMIONETA,1.68,4,0.22,0.22
PKK693,2,27.968,2,2,Empresas,TRACTOMULA,0.11,2,0.11,0.01
PKK696,1,1.654,1,1,Empresas,SENCILLO,0.06,1,0.06,0.01
PMT533,1,9.22,1,1,Empresas,SENCILLO,0.06,1,0.06,0.01
PMT547,8,32.363,8,5,Terceros,TURBO,0.45,5,0.28,0.06
PMT949,16,478.733,16,11,Terceros,TRACTOMULA,0.89,7,0.39,0.12
PMU993,1,3.038,1,1,Terceros,TURBO,0.06,1,0.06,0.01
PMV017,2,36.635999999999996,2,2,Empresas,TRACTOMULA,0.11,2,0.11,0.01
PMV024,1,4.299,1,1,Empresas,TURBO,0.06,1,0.06,0.01
PMV111,1,4.216,1,1,Empresas,TURBO,0.06,1,0.06,0.01
PMV330,1,3.7009999999999996,1,1,Empresas,SENCILLO,0.06,1,0.06,0.01
PMV407,288,317.622,259,7,Terceros,CAMIONETA,16.09,15,0.83,1.5
PMV413,5,12.216999999999999,5,4,Empresas,TURBO,0.28,5,0.28,0.04
PMV431,1,3.22,1,1,Empresas,TURBO,0.06,1,0.06,0.01
PMV675,2,5.757,2,2,Terceros,TURBO,0.11,2,0.11,0.01
PMV866,1,34.5,1,1,Empresas,TRACTOMULA,0.06,1,0.06,0.01
PMV881,1,33.7,1,1,Empresas,TRACTOMULA,0.06,1,0.06,0.01
PMW232,1,30.148999999999997,1,1,Empresas,TRACTOMULA,0.06,1,0.06,0.01
PMW235,2,60.274,2,2,Empresas,TRACTOMULA,0.11,2,0.11,0.01
PMW506,1,17.75,1,1,Empresas,TRACTOMULA,0.06,1,0.06,0.01
PMW596,6,182.352,6,6,Empresas,TRACTOMULA,0.34,5,0.28,0.05
PMW625,2,22.983,2,1,Empresas,TRACTOMULA,0.11,2,0.11,0.01
PMX006,6,25.086,6,4,Terceros,SENCILLO,0.34,5,0.28,0.05
PMX018,1,0.424,1,1,Empresas,TURBO,0.06,1,0.06,0.01
PMX304,13,45.239,13,8,Terceros,TURBO,0.73,5,0.28,0.1
PMX552,43,59.402,39,6,Terceros,TURBO,2.4,4,0.22,0.32
PMX681,1,3.0,1,1,Empresas,TURBO,0.06,1,0.06,0.01
PMX695,3,11.383,3,3,Terceros,TURBO,0.17,2,0.11,0.02
POP014,1,4.0,1,1,Empresas,SENCILLO,0.06,1,0.06,0.01
POP106,1,4.054,1,1,Empresas,TURBO,0.06,1,0.06,0.01
POZ668,1,32.967,1,1,Empresas,TRACTOMULA,0.06,1,0.06,0.01
POZ707,1,32.4,1,1,Empresas,TRACTOMULA,0.06,1,0.06,0.01
POZ825,1,33.0,1,1,Empresas,TRACTOMULA,0.06,1,0.06,0.01
POZ867,6,174.5,6,5,Empresas,TRACTOMULA,0.34,3,0.17,0.05
POZ880,1,33.278000000000006,1,1,Empresas,TRACTOMULA,0.06,1,0.06,0.01
PPK020,3,55.334999999999994,3,3,Empresas,TRACTOMULA,0.17,3,0.17,0.02
PPK021,6,187.08599999999998,6,6,Terceros,TRACTOMULA,0.34,4,0.22,0.05
PPK033,1,16.459,1,1,Empresas,TRACTOMULA,0.06,1,0.06,0.01
PPK113,3,11.548,3,3,Terceros,TURBO,0.17,2,0.11,0.02
PPK171,2,61.628,2,1,Empresas,TRACTOMULA,0.11,2,0.11,0.01
PPK250,1,32.066,1,1,Empresas,TRACTOMULA,0.06,1,0.06,0.01
PPK359,1,16.716,1,1,Empresas,TRACTOMULA,0.06,1,0.06,0.01
PPK441,1,17.315,1,1,Empresas,TRACTOMULA,0.06,1,0.06,0.01
PPK446,2,45.653,2,2,Terceros,TRACTOMULA,0.11,1,0.06,0.01
PPK500,1,4.492,1,1,Empresas,SENCILLO,0.06,1,0.06,0.01
PPK522,3,72.843,3,1,Empresas,TRACTOMULA,0.17,3,0.17,0.02
PPQ659,1,1.794,1,1,Empresas,TURBO,0.06,1,0.06,0.01
PQU190,2,1.1239999999999999,2,2,Empresas,TURBO,0.11,1,0.06,0.01
PRY908,1,34.5,1,1,Empresas,TRACTOMULA,0.06,1,0.06,0.01
PRY957,2,5.425,2,2,Empresas,TURBO,0.11,2,0.11,0.01
PRZ140,2,65.11599999999999,2,2,Empresas,TRACTOMULA,0.11,2,0.11,0.01
PRZ169,59,1768.815,58,29,Terceros,TRACTOMULA,3.3,11,0.61,0.44
PRZ400,22,69.40899999999999,21,18,Terceros,TURBO,1.23,8,0.44,0.16
PRZ549,1,0.532,1,1,Empresas,TURBO,0.06,1,0.06,0.01
PRZ829,20,123.744,14,9,Terceros,TURBO,1.12,3,0.17,0.15
PSX113,19,584.442,19,13,Empresas,TRACTOMULA,1.06,9,0.5,0.14
PSX351,1,30.547,1,1,Terceros,TRACTOMULA,0.06,1,0.06,0.01
PSX577,5,9.081,5,3,Terceros,TURBO,0.28,2,0.11,0.04
PSX771,1,2.049,1,1,Terceros,TURBO,0.06,1,0.06,0.01
PSX804,1,3.964,1,1,Empresas,TURBO,0.06,1,0.06,0.01
PSX899,1,4.05,1,1,Empresas,TURBO,0.06,1,0.06,0.01
PSY444,1,21.96,1,1,Empresas,TRACTOMULA,0.06,1,0.06,0.01
PSY603,2,6.183,2,2,Empresas,TURBO,0.11,2,0.11,0.01
PSY640,2,68.0,2,2,Empresas,TRACTOMULA,0.11,2,0.11,0.01
PSY653,5,170.0,5,4,Empresas,TRACTOMULA,0.28,3,0.17,0.04
PUM304,1,27.606,1,1,Empresas,TRACTOMULA,0.06,1,0.06,0.01
PUN431,19,71.759,19,7,Terceros,TURBO,1.06,7,0.39,0.14
PUN432,16,58.802,16,7,Terceros,TURBO,0.89,8,0.44,0.12
PUN669,1,3.6,1,1,Empresas,TURBO,0.06,1,0.06,0.01
PUP047,8,225.52599999999998,8,7,Terceros,TRACTOMULA,0.45,2,0.11,0.06
PVB265,23,154.822,22,12,Terceros,SENCILLO,1.28,5,0.28,0.17
PVS750,1,0.9359999999999999,1,1,Empresas,TURBO,0.06,1,0.06,0.01
PWK535,2,7.0280000000000005,2,2,Empresas,TURBO,0.11,2,0.11,0.01
PWK998,18,102.506,16,9,Terceros,TURBO,1.01,2,0.11,0.13
PXK077,1,4.241,1,1,Terceros,TURBO,0.06,1,0.06,0.01
PXK088,2,14.15,2,2,Empresas,TRACTOMULA,0.11,2,0.11,0.01
PXK502,2,37.586,2,2,Empresas,TRACTOMULA,0.11,2,0.11,0.01
PXK551,16,418.251,14,12,Terceros,TRACTOMULA,0.89,5,0.28,0.12
PXK554,1,12.899,1,1,Empresas,TRACTOMULA,0.06,1,0.06,0.01
PXL022,9,31.431,9,6,Terceros,TURBO,0.5,4,0.22,0.07
PXL223,3,11.656,3,3,Terceros,TURBO,0.17,2,0.11,0.02
PXL241,1,2.823,1,1,Empresas,TURBO,0.06,1,0.06,0.01
QAE063,1,5.531000000000001,1,1,Empresas,SENCILLO,0.06,1,0.06,0.01
QGO598,2,15.431000000000001,2,2,Empresas,SENCILLO,0.11,2,0.11,0.01
QIS000,2,16.230999999999998,2,2,Empresas,SENCILLO,0.11,2,0.11,0.01
QIS579,1,0.616,1,1,Terceros,CAMIONETA,0.06,1,0.06,0.01
QIS609,1,4.291,1,1,Empresas,TURBO,0.06,1,0.06,0.01
QIS862,1,1.404,1,1,Empresas,SENCILLO,0.06,1,0.06,0.01
QIZ430,2,8.481,2,2,Terceros,TURBO,0.11,1,0.06,0.01
QIZ531,7,19.663,7,7,Terceros,TURBO,0.39,2,0.11,0.05
QJK466,1,3.3,1,1,Empresas,TURBO,0.06,1,0.06,0.01
QJK610,1,13.096,1,1,Empresas,TRACTOMULA,0.06,1,0.06,0.01
QJK663,1,4.0,1,1,Empresas,TURBO,0.06,1,0.06,0.01
QJK846,16,439.696,14,12,Terceros,TRACTOMULA,0.89,7,0.39,0.12
QJK873,2,55.152,2,2,Empresas,TRACTOMULA,0.11,2,0.11,0.01
QJK882,17,477.687,17,16,Terceros,TRACTOMULA,0.95,6,0.33,0.13
QJL028,2,23.918999999999997,2,1,Empresas,TRACTOMULA,0.11,2,0.11,0.01
QJL049,3,52.912,3,1,Empresas,TRACTOMULA,0.17,3,0.17,0.02
QJL106,11,27.25,11,10,Terceros,TURBO,0.61,5,0.28,0.08
QJL198,2,49.955,2,2,Empresas,TRACTOMULA,0.11,2,0.11,0.01
QJL251,35,746.677,27,12,Terceros,TRACTOMULA,1.95,7,0.39,0.26
QJL664,7,15.53,7,6,Terceros,TURBO,0.39,2,0.11,0.05
QJL665,1,1.447,1,1,Terceros,CAMIONETA,0.06,1,0.06,0.01
QJL697,9,158.933,9,3,Empresas,TRACTOMULA,0.5,5,0.28,0.07
QJL726,25,523.668,21,18,Terceros,TRACTOMULA,1.4,5,0.28,0.19
QJL801,35,1109.942,35,12,Terceros,TRACTOMULA,1.95,5,0.28,0.26
QJL802,1,32.327,1,1,Terceros,TRACTOMULA,0.06,1,0.06,0.01
QJL877,2,54.0,2,1,Empresas,TRACTOMULA,0.11,2,0.11,0.01
QJL918,7,23.114,7,6,Terceros,TURBO,0.39,4,0.22,0.05
QJL987,1,27.0,1,1,Empresas,TRACTOMULA,0.06,1,0.06,0.01
QJN516,2,69.0,2,1,Empresas,TRACTOMULA,0.11,2,0.11,0.01
QJN542,2,17.981,2,2,Empresas,SENCILLO,0.11,2,0.11,0.01
QJN588,1,33.0,1,1,Empresas,TRACTOMULA,0.06,1,0.06,0.01
QJN624,1,7.602,1,1,Empresas,SENCILLO,0.06,1,0.06,0.01
QJX074,1,2.356,1,1,Empresas,TURBO,0.06,1,0.06,0.01
QJX312,1,0.433,1,1,Terceros,TURBO,0.06,1,0.06,0.01
QJX336,1,5.45,1,1,Empresas,SENCILLO,0.06,1,0.06,0.01
QJY037,3,10.26,3,3,Terceros,TURBO,0.17,1,0.06,0.02
QJY301,5,17.999000000000002,5,5,Terceros,TURBO,0.28,4,0.22,0.04
QJY359,209,290.157,124,16,Terceros,TURBO,11.67,7,0.39,1.5
QJY468,2,7.323,2,2,Terceros,TURBO,0.11,1,0.06,0.01
QJY785,2,6.2,2,1,Empresas,TURBO,0.11,2,0.11,0.01
QJY836,2,26.836,2,2,Empresas,TRACTOMULA,0.11,1,0.06,0.01
QJZ087,2,32.796,2,1,Empresas,DOBLETROQUE,0.11,1,0.06,0.01
QJZ164,2,6.615,2,2,Terceros,TURBO,0.11,1,0.06,0.01
QJZ186,1,2.074,1,1,Empresas,SENCILLO,0.06,1,0.06,0.01
QJZ387,3,45.0,3,2,Terceros,TRACTOMULA,0.17,2,0.11,0.02
QJZ508,1,28.0,1,1,Empresas,TRACTOMULA,0.06,1,0.06,0.01
QJZ660,1,12.124,1,1,Empresas,TRACTOMULA,0.06,1,0.06,0.01
QJZ932,1,9.947,1,1,Empresas,TRACTOMULA,0.06,1,0.06,0.01
QJZ945,1,2.42,1,1,Empresas,TURBO,0.06,1,0.06,0.01
QLP770,14,39.086,13,4,Empresas,TURBO,0.78,3,0.17,0.1
QLQ931,2,32.43,1,1,Empresas,TRACTOMULA,0.11,1,0.06,0.01
QLQ994,1,31.488999999999997,1,1,Empresas,TRACTOMULA,0.06,1,0.06,0.01
QOL274,17,17.525000000000002,14,6,Terceros,CAMIONETA,0.95,2,0.11,0.13
QOM482,1,0.694,1,1,Empresas,TURBO,0.06,1,0.06,0.01
QOM514,2,25.056,2,1,Empresas,TRACTOMULA,0.11,1,0.06,0.01
QON118,1,2.0,1,1,Empresas,TURBO,0.06,1,0.06,0.01
QON558,3,5.351,3,2,Terceros,TURBO,0.17,2,0.11,0.02
QON927,1,2.41,1,1,Empresas,TURBO,0.06,1,0.06,0.01
QOO585,4,13.904,4,4,Empresas,TURBO,0.22,2,0.11,0.03
QOO825,2,52.0,2,2,Empresas,TRACTOMULA,0.11,1,0.06,0.01
QOP162,2,31.41,2,1,Empresas,TRACTOMULA,0.11,2,0.11,0.01
QOR003,1,29.48,1,1,Terceros,TRACTOMULA,0.06,1,0.06,0.01
QPO504,1,20.485,1,1,Empresas,TRACTOMULA,0.06,1,0.06,0.01
QTY860,2,15.314,2,2,Terceros,SENCILLO,0.11,2,0.11,0.01
QTZ001,1,14.881,1,1,Empresas,TRACTOMULA,0.06,1,0.06,0.01
QUP636,260,2326.785,244,28,Terceros,SENCILLO,14.52,18,1.0,1.5
RCG757,15,118.324,15,13,Terceros,SENCILLO,0.84,3,0.17,0.11
SAK008,2,32.275999999999996,2,2,Empresas,DOBLETROQUE,0.11,1,0.06,0.01
SAK011,3,48.046,3,2,Empresas,DOBLETROQUE,0.17,2,0.11,0.02
SAK014,22,333.238,22,15,Terceros,DOBLETROQUE,1.23,10,0.56,0.16
SAK017,32,515.6129999999999,31,20,Terceros,DOBLETROQUE,1.79,14,0.78,0.24
SAK031,142,2221.858,138,65,Terceros,DOBLETROQUE,7.93,18,1.0,1.05
SAK042,51,764.341,50,26,Terceros,DOBLETROQUE,2.85,18,1.0,0.38
SAK144,272,2339.324,255,12,Terceros,SENCILLO,15.19,16,0.89,1.5
SAK192,2,12.596,2,2,Empresas,SENCILLO,0.11,1,0.06,0.01
SAK200,58,892.915,58,31,Terceros,DOBLETROQUE,3.24,16,0.89,0.43
SAK206,28,448.248,28,19,Terceros,DOBLETROQUE,1.56,7,0.39,0.21
SAK207,7,111.548,7,4,Terceros,DOBLETROQUE,0.39,3,0.17,0.05
SAK450,342,826.77,305,24,Terceros,TURBO,19.1,18,1.0,1.5
SAK454,1,34.5,1,1,Empresas,TRACTOMULA,0.06,1,0.06,0.01
SAV181,2,2.7640000000000002,2,1,Empresas,SENCILLO,0.11,2,0.11,0.01
SAV194,1,27.36,1,1,Empresas,TRACTOMULA,0.06,1,0.06,0.01
SAV205,9,259.741,9,1,Empresas,TRACTOMULA,0.5,9,0.5,0.07
SAV209,1,29.077,1,1,Empresas,TRACTOMULA,0.06,1,0.06,0.01
SAV366,1,29.633,1,1,Empresas,TRACTOMULA,0.06,1,0.06,0.01
SAV371,1,29.199,1,1,Empresas,TRACTOMULA,0.06,1,0.06,0.01
SAV384,1,33.0,1,1,Empresas,TRACTOMULA,0.06,1,0.06,0.01
SAV389,1,14.737,1,1,Empresas,TRACTOMULA,0.06,1,0.06,0.01
SAV409,4,86.72699999999999,4,3,Empresas,TRACTOMULA,0.22,4,0.22,0.03
SAV415,2,69.0,2,1,Empresas,TRACTOMULA,0.11,1,0.06,0.01
SAV511,1,32.337,1,1,Empresas,TRACTOMULA,0.06,1,0.06,0.01
SAV514,1,28.669,1,1,Empresas,TRACTOMULA,0.06,1,0.06,0.01
SAV701,1,34.5,1,1,Empresas,TRACTOMULA,0.06,1,0.06,0.01
SAV746,3,87.276,3,2,Empresas,TRACTOMULA,0.17,3,0.17,0.02
SAV766,1,30.03,1,1,Empresas,TRACTOMULA,0.06,1,0.06,0.01
SAV792,2,16.796,2,2,Empresas,SENCILLO,0.11,2,0.11,0.01
SAV793,5,133.071,5,2,Empresas,TRACTOMULA,0.28,5,0.28,0.04
SAV800,2,60.955,2,1,Empresas,TRACTOMULA,0.11,2,0.11,0.01
SAV823,3,77.10300000000001,3,1,Empresas,TRACTOMULA,0.17,3,0.17,0.02
SAV835,3,88.58,3,1,Empresas,TRACTOMULA,0.17,3,0.17,0.02
SAV843,3,16.908,3,2,Empresas,DOBLETROQUE,0.17,3,0.17,0.02
SAV850,1,28.96,1,1,Empresas,TRACTOMULA,0.06,1,0.06,0.01
SAV852,2,56.547000000000004,2,2,Empresas,TRACTOMULA,0.11,2,0.11,0.01
SAV855,2,5.8629999999999995,2,1,Empresas,SENCILLO,0.11,2,0.11,0.01
SAV862,1,12.195,1,1,Empresas,TRACTOMULA,0.06,1,0.06,0.01
SAV911,1,30.03,1,1,Empresas,TRACTOMULA,0.06,1,0.06,0.01
SAV918,6,121.606,6,4,Empresas,TRACTOMULA,0.34,5,0.28,0.05
SAV920,1,29.294999999999998,1,1,Empresas,TRACTOMULA,0.06,1,0.06,0.01
SAV922,1,29.03,1,1,Empresas,TRACTOMULA,0.06,1,0.06,0.01
SAV933,2,57.769,2,2,Empresas,TRACTOMULA,0.11,2,0.11,0.01
SAV945,1,33.601000000000006,1,1,Empresas,TRACTOMULA,0.06,1,0.06,0.01
SAW086,4,59.336999999999996,4,3,Empresas,DOBLETROQUE,0.22,3,0.17,0.03
SBG921,101,832.903,94,48,Terceros,SENCILLO,5.64,9,0.5,0.75
SBH939,267,2348.245,260,14,Terceros,SENCILLO,14.91,18,1.0,1.5
SBK081,2,16.169,2,2,Terceros,SENCILLO,0.11,1,0.06,0.01
SBK898,75,2244.419,67,17,Terceros,TRACTOMULA,4.19,7,0.39,0.56
SBL010,207,3105.833,197,17,Terceros,DOBLETROQUE,11.56,18,1.0,1.5
SBL422,222,3304.838,218,13,Terceros,DOBLETROQUE,12.4,18,1.0,1.5
SBL456,1,4.293,1,1,Empresas,TURBO,0.06,1,0.06,0.01
SBN307,2,58.565999999999995,2,2,Empresas,TRACTOMULA,0.11,2,0.11,0.01
SBN315,1,6.622,1,1,Empresas,SENCILLO,0.06,1,0.06,0.01
SBN333,5,37.674,5,4,Terceros,SENCILLO,0.28,5,0.28,0.04
SBN335,60,382.082,57,12,Terceros,SENCILLO,3.35,17,0.94,0.44
SBN337,39,294.856,39,18,Terceros,SENCILLO,2.18,17,0.94,0.29
SBN380,7,54.040000000000006,7,7,Terceros,SENCILLO,0.39,4,0.22,0.05
SBN619,14,94.227,14,7,Terceros,SENCILLO,0.78,9,0.5,0.1
SBN750,2,7.841,2,1,Terceros,TURBO,0.11,1,0.06,0.01
SBN770,1,24.0,1,1,Empresas,TRACTOMULA,0.06,1,0.06,0.01
SBN870,2,18.137999999999998,2,2,Terceros,SENCILLO,0.11,2,0.11,0.01
SBN930,21,147.418,21,12,Terceros,SENCILLO,1.17,14,0.78,0.16
SBV215,18,76.094,15,2,Terceros,TURBO,1.01,5,0.28,0.13
SBV322,2,31.534,2,1,Empresas,DOBLETROQUE,0.11,2,0.11,0.01
SCK055,1,16.692,1,1,Empresas,TRACTOMULA,0.06,1,0.06,0.01
SCN014,1,11.006,1,1,Empresas,TRACTOMULA,0.06,1,0.06,0.01
SCT060,14,212.734,13,13,Terceros,DOBLETROQUE,0.78,7,0.39,0.1
SCT138,1,18.0,1,1,Empresas,TRACTOMULA,0.06,1,0.06,0.01
SCT241,1,32.507000000000005,1,1,Empresas,TRACTOMULA,0.06,1,0.06,0.01
SCT548,2,12.855,2,2,Terceros,SENCILLO,0.11,2,0.11,0.01
SCX022,1,3.072,1,1,Empresas,TURBO,0.06,1,0.06,0.01
SDC084,3,21.092,3,3,Empresas,SENCILLO,0.17,2,0.11,0.02
SDK108,2,21.745000000000005,2,2,Empresas,CUATROMANOS,0.11,2,0.11,0.01
SDK551,2,64.06899999999999,2,1,Empresas,TRACTOMULA,0.11,2,0.11,0.01
SDK571,2,58.848,2,1,Empresas,TRACTOMULA,0.11,2,0.11,0.01
SDK580,2,65.388,2,2,Empresas,TRACTOMULA,0.11,1,0.06,0.01
SDM014,160,1384.6970000000001,152,37,Terceros,SENCILLO,8.94,14,0.78,1.19
SDM602,2,32.007,2,2,Terceros,DOBLETROQUE,0.11,2,0.11,0.01
SDN307,1,30.03,1,1,Empresas,TRACTOMULA,0.06,1,0.06,0.01
SDN759,3,90.09,3,1,Empresas,TRACTOMULA,0.17,3,0.17,0.02
SDO020,1,4.682,1,1,Empresas,TRACTOMULA,0.06,1,0.06,0.01
SDO157,2,48.30499999999999,2,2,Empresas,TRACTOMULA,0.11,2,0.11,0.01
SDP621,1,20.0,1,1,Empresas,TRACTOMULA,0.06,1,0.06,0.01
SDW197,11,351.079,11,5,Terceros,TRACTOMULA,0.61,8,0.44,0.08
SEA132,1,6.247,1,1,Empresas,SENCILLO,0.06,1,0.06,0.01
SEK859,1,14.029,1,1,Empresas,DOBLETROQUE,0.06,1,0.06,0.01
SET134,1,20.0,1,1,Terceros,TRACTOMULA,0.06,1,0.06,0.01
SET139,3,47.845,3,1,Empresas,TRACTOMULA,0.17,2,0.11,0.02
SET190,3,87.67699999999999,3,2,Empresas,TRACTOMULA,0.17,3,0.17,0.02
SET193,34,287.117,31,7,Terceros,SENCILLO,1.9,3,0.17,0.25
SET270,5,101.439,5,4,Empresas,TRACTOMULA,0.28,4,0.22,0.04
SET272,1,34.5,1,1,Empresas,TRACTOMULA,0.06,1,0.06,0.01
SET285,3,103.0,3,2,Empresas,TRACTOMULA,0.17,3,0.17,0.02
SET315,107,881.8679999999999,107,38,Terceros,SENCILLO,5.98,17,0.94,0.79
SET333,2,57.76899999999999,2,2,Empresas,TRACTOMULA,0.11,1,0.06,0.01
SET350,1,9.0,1,1,Empresas,SENCILLO,0.06,1,0.06,0.01
SEY032,2,42.907,2,2,Empresas,TRACTOMULA,0.11,2,0.11,0.01
SEY038,1,32.978,1,1,Empresas,TRACTOMULA,0.06,1,0.06,0.01
SEY066,2,54.85,2,2,Empresas,TRACTOMULA,0.11,2,0.11,0.01
SEY074,2,31.186,2,1,Empresas,TRACTOMULA,0.11,2,0.11,0.01
SEY086,1,29.0,1,1,Empresas,TRACTOMULA,0.06,1,0.06,0.01
SEY114,11,76.33500000000001,11,6,Terceros,SENCILLO,0.61,7,0.39,0.08
SEY180,1,23.741,1,1,Empresas,TRACTOMULA,0.06,1,0.06,0.01
SEY280,1,7.916,1,1,Empresas,SENCILLO,0.06,1,0.06,0.01
SEY315,14,54.402,14,9,Terceros,TURBO,0.78,8,0.44,0.1
SEY319,2,57.718,2,1,Empresas,TRACTOMULA,0.11,2,0.11,0.01
SEY392,1,15.897,1,1,Empresas,TRACTOMULA,0.06,1,0.06,0.01
SEY430,1,16.875,1,1,Empresas,TRACTOMULA,0.06,1,0.06,0.01
SEY436,3,90.09,3,1,Empresas,TRACTOMULA,0.17,3,0.17,0.02
SGC785,4,58.349000000000004,4,1,Empresas,TRACTOMULA,0.22,3,0.17,0.03
SGE389,1,30.226,1,1,Empresas,TRACTOMULA,0.06,1,0.06,0.01
SGG274,1,9.164,1,1,Terceros,SENCILLO,0.06,1,0.06,0.01
SGM232,59,899.136,57,26,Terceros,DOBLETROQUE,3.3,17,0.94,0.44
SHB453,201,1311.689,188,8,Terceros,SENCILLO,11.23,18,1.0,1.49
SHT987,1,28.968000000000004,1,1,Empresas,TRACTOMULA,0.06,1,0.06,0.01
SIR134,250,3946.03,244,43,Terceros,DOBLETROQUE,13.96,18,1.0,1.5
SIS285,2,69.0,2,2,Empresas,TRACTOMULA,0.11,2,0.11,0.01
SIS882,2,31.003999999999998,2,2,Empresas,DOBLETROQUE,0.11,2,0.11,0.01
SJK177,1,32.21,1,1,Empresas,TRACTOMULA,0.06,1,0.06,0.01
SJK194,2,35.0,2,1,Terceros,TRACTOMULA,0.11,1,0.06,0.01
SJK199,5,37.469,5,2,Empresas,TRACTOMULA,0.28,5,0.28,0.04
SJK247,16,512.778,16,3,Empresas,TRACTOMULA,0.89,9,0.5,0.12
SJK250,2,64.463,2,1,Terceros,TRACTOMULA,0.11,1,0.06,0.01
SJP339,2,43.047,2,2,Empresas,TRACTOMULA,0.11,2,0.11,0.01
SJP463,2,61.187000000000005,2,2,Empresas,TRACTOMULA,0.11,2,0.11,0.01
SJP563,6,175.722,6,3,Empresas,TRACTOMULA,0.34,6,0.33,0.05
SJP724,1,30.03,1,1,Empresas,TRACTOMULA,0.06,1,0.06,0.01
SJP817,2,64.307,2,1,Empresas,TRACTOMULA,0.11,2,0.11,0.01
SJQ011,4,132.121,4,4,Terceros,TRACTOMULA,0.22,3,0.17,0.03
SJQ040,1,32.0,1,1,Empresas,TRACTOMULA,0.06,1,0.06,0.01
SJQ193,1,33.0,1,1,Empresas,TRACTOMULA,0.06,1,0.06,0.01
SJQ635,3,98.098,3,2,Empresas,TRACTOMULA,0.17,2,0.11,0.02
SJQ656,140,1107.843,138,55,Terceros,SENCILLO,7.82,18,1.0,1.04
SJS992,1,8.92,1,1,Empresas,SENCILLO,0.06,1,0.06,0.01
SJU212,1,3.593,1,1,Empresas,SENCILLO,0.06,1,0.06,0.01
SJU426,2,10.427,2,2,Empresas,SENCILLO,0.11,2,0.11,0.01
SJU980,1,30.001,1,1,Empresas,TRACTOMULA,0.06,1,0.06,0.01
SKA110,324,2706.395,300,16,Terceros,SENCILLO,18.1,18,1.0,1.5
SKB183,362,3124.203,337,12,Terceros,SENCILLO,20.22,18,1.0,1.5
SKB192,29,464.347,29,16,Terceros,CUATROMANOS,1.62,14,0.78,0.21
SKB223,8,139.4,5,2,Empresas,TRACTOMULA,0.45,3,0.17,0.06
SKB233,1,28.0,1,1,Empresas,TRACTOMULA,0.06,1,0.06,0.01
SKB627,31,220.796,31,8,Terceros,SENCILLO,1.73,6,0.33,0.23
SKE727,90,1389.067,89,37,Terceros,DOBLETROQUE,5.03,12,0.67,0.67
SKE955,2,31.698999999999998,2,2,Empresas,DOBLETROQUE,0.11,1,0.06,0.01
SKE959,2,61.351,2,2,Empresas,TRACTOMULA,0.11,2,0.11,0.01
SKE998,1,30.03,1,1,Empresas,TRACTOMULA,0.06,1,0.06,0.01
SKF056,44,1396.672,44,19,Terceros,TRACTOMULA,2.46,16,0.89,0.33
SKF387,3,103.5,3,1,Empresas,TRACTOMULA,0.17,3,0.17,0.02
SKF404,87,1373.363,83,20,Terceros,DOBLETROQUE,4.86,11,0.61,0.64
SKF491,30,453.531,30,22,Terceros,DOBLETROQUE,1.68,14,0.78,0.22
SKF609,247,2133.392,220,21,Terceros,SENCILLO,13.8,17,0.94,1.5
SKF708,217,3404.159,202,51,Terceros,DOBLETROQUE,12.12,17,0.94,1.5
SKF832,21,174.24,21,19,Terceros,SENCILLO,1.17,7,0.39,0.16
SKG570,1,33.21,1,1,Empresas,TRACTOMULA,0.06,1,0.06,0.01
SKG673,1,9.078,1,1,Terceros,SENCILLO,0.06,1,0.06,0.01
SKG691,1,8.618,1,1,Empresas,SENCILLO,0.06,1,0.06,0.01
SKH330 ,1,19.526,1,1,Empresas,TRACTOMULA,0.06,1,0.06,0.01
SKH489,1,7.7,1,1,Terceros,SENCILLO,0.06,1,0.06,0.01
SKH535,5,42.219,5,5,Empresas,SENCILLO,0.28,4,0.22,0.04
SKH766,1,30.03,1,1,Empresas,TRACTOMULA,0.06,1,0.06,0.01
SKH773,97,1320.442,96,40,Terceros,DOBLETROQUE,5.42,18,1.0,0.72
SKI187,24,370.758,24,17,Terceros,DOBLETROQUE,1.34,13,0.72,0.18
SKI494,7,56.812,7,3,Empresas,SENCILLO,0.39,5,0.28,0.05
SKI863,51,436.943,49,37,Terceros,SENCILLO,2.85,11,0.61,0.38
SKJ856,198,1266.6970000000001,190,6,Terceros,SENCILLO,11.06,18,1.0,1.47
SKK808,1,10.651,1,1,Empresas,TRACTOMULA,0.06,1,0.06,0.01
SKK811,1,33.26,1,1,Empresas,TRACTOMULA,0.06,1,0.06,0.01
SKL030,30,576.039,30,8,Empresas,TRACTOMULA,1.68,12,0.67,0.22
SKL226,1,4.058,1,1,Terceros,TURBO,0.06,1,0.06,0.01
SKL274,23,374.133,22,13,Terceros,DOBLETROQUE,1.28,7,0.39,0.17
SKL285,20,628.944,20,17,Terceros,TRACTOMULA,1.12,10,0.56,0.15
SKL608,1,16.0,1,1,Empresas,TRACTOMULA,0.06,1,0.06,0.01
SKL725,22,759.0,22,1,Empresas,TRACTOMULA,1.23,11,0.61,0.16
SKM699,4,119.337,4,4,Empresas,TRACTOMULA,0.22,3,0.17,0.03
SKM716,2,66.749,2,2,Empresas,TRACTOMULA,0.11,2,0.11,0.01
SKM789,1,14.217,1,1,Empresas,TRACTOMULA,0.06,1,0.06,0.01
SKM861,10,180.755,10,2,Empresas,TRACTOMULA,0.56,9,0.5,0.07
SKM935,80,629.517,79,44,Terceros,SENCILLO,4.47,13,0.72,0.59
SKN009,27,908.59,26,16,Terceros,TRACTOMULA,1.51,7,0.39,0.2
SKN083,17,535.114,17,6,Terceros,TRACTOMULA,0.95,8,0.44,0.13
SKN145,2,58.664,2,2,Empresas,TRACTOMULA,0.11,2,0.11,0.01
SKN156,78,652.897,77,41,Terceros,SENCILLO,4.36,17,0.94,0.58
SKN165,1,30.507,1,1,Terceros,TRACTOMULA,0.06,1,0.06,0.01
SKN235,5,172.5,5,1,Empresas,TRACTOMULA,0.28,3,0.17,0.04
SKN244,3,95.192,3,2,Empresas,TRACTOMULA,0.17,1,0.06,0.02
SKN298,31,492.15,28,20,Terceros,DOBLETROQUE,1.73,8,0.44,0.23
SKN533,80,1679.5529999999999,78,11,Terceros,TRACTOMULA,4.47,17,0.94,0.59
SKN540,5,33.668,4,2,Empresas,SENCILLO,0.28,3,0.17,0.04
SKN634,1,32.313,1,1,Terceros,TRACTOMULA,0.06,1,0.06,0.01
SKN819,1,32.664,1,1,Empresas,TRACTOMULA,0.06,1,0.06,0.01
SKN879,6,207.0,6,1,Empresas,TRACTOMULA,0.34,4,0.22,0.05
SKN898,11,346.343,11,5,Empresas,TRACTOMULA,0.61,6,0.33,0.08
SKN905,1,28.479,1,1,Empresas,TRACTOMULA,0.06,1,0.06,0.01
SKN978,1,29.470999999999997,1,1,Empresas,TRACTOMULA,0.06,1,0.06,0.01
SKO000,6,96.91,6,1,Empresas,TRACTOMULA,0.34,5,0.28,0.05
SKO135,53,422.95,53,27,Terceros,SENCILLO,2.96,18,1.0,0.39
SKO264,73,616.351,73,17,Terceros,SENCILLO,4.08,17,0.94,0.54
SKO516,3,103.5,3,2,Empresas,TRACTOMULA,0.17,2,0.11,0.02
SKO557,1,20.898,1,1,Empresas,TRACTOMULA,0.06,1,0.06,0.01
SKO564,3,50.8,3,2,Empresas,TRACTOMULA,0.17,3,0.17,0.02
SKO963,1,27.0,1,1,Empresas,TRACTOMULA,0.06,1,0.06,0.01
SKP125,1,4.223,1,1,Empresas,TURBO,0.06,1,0.06,0.01
SKP564,1,22.5,1,1,Empresas,TRACTOMULA,0.06,1,0.06,0.01
SKR324,57,889.039,57,29,Terceros,DOBLETROQUE,3.18,18,1.0,0.42
SKR418,2,32.07,1,1,Empresas,TRACTOMULA,0.11,1,0.06,0.01
SKR452,1,30.019,1,1,Empresas,TRACTOMULA,0.06,1,0.06,0.01
SKR508,2,31.678,2,1,Empresas,DOBLETROQUE,0.11,2,0.11,0.01
SKR542,6,141.445,6,5,Empresas,TRACTOMULA,0.34,4,0.22,0.05
SKR581,3,96.936,3,3,Terceros,TRACTOMULA,0.17,2,0.11,0.02
SKR736,2,32.730000000000004,2,2,Terceros,DOBLETROQUE,0.11,2,0.11,0.01
SKV048,1,32.509,1,1,Empresas,TRACTOMULA,0.06,1,0.06,0.01
SKV195,61,483.309,59,28,Terceros,SENCILLO,3.41,17,0.94,0.45
SKV199,4,138.0,4,2,Empresas,TRACTOMULA,0.22,3,0.17,0.03
SKV376,6,191.65,6,2,Empresas,TRACTOMULA,0.34,6,0.33,0.05
SKV614,4,29.119,4,4,Terceros,SENCILLO,0.22,1,0.06,0.03
SKV718,3,84.925,3,3,Terceros,TRACTOMULA,0.17,3,0.17,0.02
SKV742,14,119.514,14,10,Terceros,SENCILLO,0.78,7,0.39,0.1
SKX174,1,27.358,1,1,Empresas,TRACTOMULA,0.06,1,0.06,0.01
SKX182,1,30.276,1,1,Empresas,TRACTOMULA,0.06,1,0.06,0.01
SKX215,5,134.7,5,1,Empresas,TRACTOMULA,0.28,4,0.22,0.04
SKX299,2,54.0,2,1,Empresas,TRACTOMULA,0.11,1,0.06,0.01
SKY150,41,343.187,36,26,Terceros,SENCILLO,2.29,15,0.83,0.3
SKY156,26,217.625,26,12,Terceros,SENCILLO,1.45,11,0.61,0.19
SKY392,192,3051.718,183,55,Terceros,DOBLETROQUE,10.72,18,1.0,1.42
SKY742,106,2980.821,106,22,Flota Propia,TRACTOMULA,5.92,18,1.0,0.79
SKY906,1,33.300999999999995,1,1,Terceros,TRACTOMULA,0.06,1,0.06,0.01
SKY925,9,28.688,9,7,Terceros,TURBO,0.5,5,0.28,0.07
SKY956,2,9.678,2,2,Empresas,TURBO,0.11,1,0.06,0.01
SKZ151,71,1905.429,63,28,Terceros,TRACTOMULA,3.97,18,1.0,0.53
SKZ193,1,25.0,1,1,Empresas,TRACTOMULA,0.06,1,0.06,0.01
SKZ208,130,406.763,121,52,Terceros,TURBO,7.26,16,0.89,0.96
SKZ311,5,29.154,5,5,Empresas,SENCILLO,0.28,4,0.22,0.04
SKZ376,3,92.87299999999999,2,2,Terceros,TRACTOMULA,0.17,2,0.11,0.02
SKZ435,8,33.091,8,8,Terceros,TURBO,0.45,2,0.11,0.06
SKZ509,31,957.74,30,22,Terceros,TRACTOMULA,1.73,11,0.61,0.23
SKZ710,1,3.98,1,1,Empresas,TURBO,0.06,1,0.06,0.01
SKZ831,5,83.226,5,1,Empresas,TRACTOMULA,0.28,5,0.28,0.04
SKZ831 ,4,60.597,4,1,Empresas,TRACTOMULA,0.22,4,0.22,0.03
SKZ853,89,2472.465,89,22,Flota Propia,TRACTOMULA,4.97,18,1.0,0.66
SKZ878,30,924.664,30,17,Terceros,TRACTOMULA,1.68,12,0.67,0.22
SKZ881,7,241.5,7,1,Empresas,TRACTOMULA,0.39,4,0.22,0.05
SLF400,1,21.585,1,1,Empresas,TRACTOMULA,0.06,1,0.06,0.01
SLF449,53,859.936,49,22,Terceros,DOBLETROQUE,2.96,9,0.5,0.39
SLF567,14,457.331,14,6,Terceros,TRACTOMULA,0.78,5,0.28,0.1
SLF709,1,15.295,1,1,Empresas,TRACTOMULA,0.06,1,0.06,0.01
SLF745,2,60.666,2,2,Empresas,TRACTOMULA,0.11,2,0.11,0.01
SLF799,2,50.958,2,2,Empresas,TRACTOMULA,0.11,2,0.11,0.01
SLF900,2,42.823,2,2,Empresas,TRACTOMULA,0.11,2,0.11,0.01
SLG510,1,4.884,1,1,Empresas,SENCILLO,0.06,1,0.06,0.01
SLG894,3,91.121,3,3,Empresas,TRACTOMULA,0.17,3,0.17,0.02
SLH589,4,131.662,4,4,Empresas,TRACTOMULA,0.22,3,0.17,0.03
SLH837,37,104.45,35,22,Terceros,TURBO,2.07,10,0.56,0.27
SLH859,113,817.648,112,44,Terceros,SENCILLO,6.31,17,0.94,0.84
SLI249,17,66.845,17,12,Terceros,TURBO,0.95,4,0.22,0.13
SLI430,12,187.451,12,11,Terceros,DOBLETROQUE,0.67,9,0.5,0.09
SLI797,1,7.768,1,1,Terceros,TURBO,0.06,1,0.06,0.01
SLJ034,2,16.173000000000002,2,1,Terceros,SENCILLO,0.11,2,0.11,0.01
SLJ179,1,0.685,1,1,Empresas,SENCILLO,0.06,1,0.06,0.01
SLK238,1,32.22,1,1,Empresas,TRACTOMULA,0.06,1,0.06,0.01
SLK279,35,83.375,28,2,Empresas,TURBO,1.95,17,0.94,0.26
SLK536,1,30.222,1,1,Empresas,TRACTOMULA,0.06,1,0.06,0.01
SLP086,3,100.92099999999999,3,2,Empresas,TRACTOMULA,0.17,3,0.17,0.02
SLP087,1,34.5,1,1,Empresas,TRACTOMULA,0.06,1,0.06,0.01
SLP121,1,9.092,1,1,Empresas,SENCILLO,0.06,1,0.06,0.01
SLP320,260,1741.149,255,16,Empresas,SENCILLO,14.52,18,1.0,1.5
SMA373,1,33.04,1,1,Terceros,TRACTOMULA,0.06,1,0.06,0.01
SMA537,1,32.0,1,1,Empresas,TRACTOMULA,0.06,1,0.06,0.01
SMA539,2,60.385,2,2,Empresas,TRACTOMULA,0.11,2,0.11,0.01
SMA670,3,96.104,3,2,Empresas,TRACTOMULA,0.17,2,0.11,0.02
SMA719,1,34.5,1,1,Empresas,TRACTOMULA,0.06,1,0.06,0.01
SMA829,1,11.83,1,1,Empresas,TRACTOMULA,0.06,1,0.06,0.01
SMB006,2,31.838,2,2,Terceros,DOBLETROQUE,0.11,2,0.11,0.01
SMB029,153,2463.431,137,22,Terceros,DOBLETROQUE,8.55,13,0.72,1.13
SMB042,1,27.358,1,1,Empresas,TRACTOMULA,0.06,1,0.06,0.01
SMB051,1,33.336,1,1,Empresas,TRACTOMULA,0.06,1,0.06,0.01
SMB098,1,4.0,1,1,Empresas,SENCILLO,0.06,1,0.06,0.01
SMB233,5,154.901,5,4,Terceros,TRACTOMULA,0.28,4,0.22,0.04
SMB248,3,12.075,3,3,Terceros,TURBO,0.17,3,0.17,0.02
SMB272,2,69.0,2,1,Empresas,TRACTOMULA,0.11,1,0.06,0.01
SMB845,2,48.0,2,2,Empresas,TRACTOMULA,0.11,1,0.06,0.01
SMD872,30,916.65,30,16,Terceros,TRACTOMULA,1.68,15,0.83,0.22
SMD927,1,18.869,1,1,Empresas,TRACTOMULA,0.06,1,0.06,0.01
SMD991,6,42.931,6,5,Terceros,SENCILLO,0.34,3,0.17,0.05
SMG016,52,1542.044,52,29,Terceros,TRACTOMULA,2.9,18,1.0,0.38
SMG032,1,31.976000000000003,1,1,Empresas,TRACTOMULA,0.06,1,0.06,0.01
SMG756,312,5013.578,277,26,Terceros,DOBLETROQUE,17.43,18,1.0,1.5
SMG858,1,30.016,1,1,Empresas,TRACTOMULA,0.06,1,0.06,0.01
SMH326,1,3.9,1,1,Empresas,TURBO,0.06,1,0.06,0.01
SMH362,26,177.153,24,15,Terceros,SENCILLO,1.45,15,0.83,0.19
SMH477,161,1408.907,143,52,Terceros,SENCILLO,8.99,18,1.0,1.19
SMH848,4,92.33,4,1,Empresas,TRACTOMULA,0.22,4,0.22,0.03
SMH910,3,28.242,3,2,Empresas,SENCILLO,0.17,3,0.17,0.02
SMH940,1,32.039,1,1,Empresas,TRACTOMULA,0.06,1,0.06,0.01
SMH977,9,79.078,9,5,Terceros,SENCILLO,0.5,3,0.17,0.07
SMI033,1,16.982,1,1,Empresas,TRACTOMULA,0.06,1,0.06,0.01
SMI148,35,1162.879,29,17,Terceros,TRACTOMULA,1.95,8,0.44,0.26
SMI193,1,31.9,1,1,Empresas,TRACTOMULA,0.06,1,0.06,0.01
SMI392,1,34.5,1,1,Empresas,TRACTOMULA,0.06,1,0.06,0.01
SMI499,1,32.5,1,1,Empresas,TRACTOMULA,0.06,1,0.06,0.01
SMI960,2,61.499,2,2,Empresas,TRACTOMULA,0.11,1,0.06,0.01
SMI989,26,92.932,26,11,Terceros,TURBO,1.45,13,0.72,0.19
SMK069,28,246.333,28,17,Terceros,SENCILLO,1.56,13,0.72,0.21
SMK090,3,27.084000000000003,3,1,Empresas,TRACTOMULA,0.17,2,0.11,0.02
SMK148,1,7.6,1,1,Empresas,SENCILLO,0.06,1,0.06,0.01
SMK320,57,212.642,57,21,Terceros,TURBO,3.18,18,1.0,0.42
SMK353,71,1099.687,69,31,Terceros,DOBLETROQUE,3.97,18,1.0,0.53
SMK357,67,1062.632,67,25,Terceros,DOBLETROQUE,3.74,13,0.72,0.5
SMK812,1,20.0,1,1,Empresas,TRACTOMULA,0.06,1,0.06,0.01
SMK818,1,20.1,1,1,Empresas,TRACTOMULA,0.06,1,0.06,0.01
SMK824,2,67.0,2,2,Empresas,TRACTOMULA,0.11,2,0.11,0.01
SML686,15,429.697,14,10,Terceros,TRACTOMULA,0.84,9,0.5,0.11
SML689,1,18.923,1,1,Empresas,TRACTOMULA,0.06,1,0.06,0.01
SML694,2,32.0,2,1,Terceros,TRACTOMULA,0.11,2,0.11,0.01
SML850,1,30.078,1,1,Empresas,TRACTOMULA,0.06,1,0.06,0.01
SML918,1,31.104,1,1,Empresas,TRACTOMULA,0.06,1,0.06,0.01
SMN077,1,34.5,1,1,Empresas,TRACTOMULA,0.06,1,0.06,0.01
SMO324,1,33.0,1,1,Terceros,TRACTOMULA,0.06,1,0.06,0.01
SMR864,16,550.5,16,3,Empresas,TRACTOMULA,0.89,7,0.39,0.12
SMR886,1,34.5,1,1,Empresas,TRACTOMULA,0.06,1,0.06,0.01
SMT123,3,24.589,3,1,Terceros,SENCILLO,0.17,2,0.11,0.02
SMT493,2,6.885,2,1,Terceros,TURBO,0.11,1,0.06,0.01
SMW173,1,6.883000000000001,1,1,Empresas,SENCILLO,0.06,1,0.06,0.01
SMX281,1,32.596,1,1,Terceros,TRACTOMULA,0.06,1,0.06,0.01
SMZ539,18,127.155,18,15,Terceros,SENCILLO,1.01,8,0.44,0.13
SNA235,262,4755.564,251,39,Terceros,CUATROMANOS,14.63,18,1.0,1.5
SNA267,1,15.776000000000002,1,1,Terceros,DOBLETROQUE,0.06,1,0.06,0.01
SNA333,286,4442.297,277,24,Terceros,DOBLETROQUE,15.97,18,1.0,1.5
SNA571,135,2118.874,115,6,Terceros,DOBLETROQUE,7.54,12,0.67,1.0
SNA893,27,412.527,24,4,Terceros,DOBLETROQUE,1.51,3,0.17,0.2
SNA915,29,457.067,29,14,Terceros,DOBLETROQUE,1.62,12,0.67,0.21
SNB501,98,1514.0,79,18,Terceros,DOBLETROQUE,5.47,11,0.61,0.73
SNC264,2,33.0,2,2,Terceros,CUATROMANOS,0.11,2,0.11,0.01
SNC945,1,33.498,1,1,Empresas,TRACTOMULA,0.06,1,0.06,0.01
SNC949,18,543.867,18,8,Terceros,TRACTOMULA,1.01,5,0.28,0.13
SND014,12,89.463,12,2,Empresas,SENCILLO,0.67,8,0.44,0.09
SND151,24,196.074,24,8,Terceros,SENCILLO,1.34,12,0.67,0.18
SND210,219,1953.153,163,18,Terceros,SENCILLO,12.23,12,0.67,1.5
SND267,1,9.742,1,1,Empresas,TRACTOMULA,0.06,1,0.06,0.01
SND325,20,296.185,18,10,Terceros,DOBLETROQUE,1.12,9,0.5,0.15
SND549,1,32.665,1,1,Empresas,TRACTOMULA,0.06,1,0.06,0.01
SND638,7,241.5,7,2,Empresas,TRACTOMULA,0.39,3,0.17,0.05
SND680,1,34.5,1,1,Empresas,TRACTOMULA,0.06,1,0.06,0.01
SND694,189,1614.251,172,14,Terceros,SENCILLO,10.56,13,0.72,1.4
SND709,39,273.171,39,27,Terceros,SENCILLO,2.18,17,0.94,0.29
SND817,2,63.464,2,2,Empresas,TRACTOMULA,0.11,1,0.06,0.01
SND855,5,172.5,5,2,Empresas,TRACTOMULA,0.28,4,0.22,0.04
SND869,13,370.18100000000004,11,9,Terceros,TRACTOMULA,0.73,8,0.44,0.1
SND875,1,23.4,1,1,Empresas,TRACTOMULA,0.06,1,0.06,0.01
SND876,1,32.796,1,1,Empresas,TRACTOMULA,0.06,1,0.06,0.01
SND922,3,81.086,3,1,Empresas,TRACTOMULA,0.17,2,0.11,0.02
SND971,7,241.5,6,1,Empresas,TRACTOMULA,0.39,4,0.22,0.05
SND984,2,67.094,2,2,Empresas,TRACTOMULA,0.11,2,0.11,0.01
SNE664,232,3348.996,212,12,Terceros,DOBLETROQUE,12.96,17,0.94,1.5
SNF648,27,429.582,27,14,Terceros,DOBLETROQUE,1.51,8,0.44,0.2
SNG928,34,533.69,34,11,Terceros,DOBLETROQUE,1.9,15,0.83,0.25
SNH441,172,1542.858,168,16,Terceros,SENCILLO,9.61,11,0.61,1.27
SNH959,15,129.573,15,11,Terceros,SENCILLO,0.84,5,0.28,0.11
SNJ799,321,4904.57,306,11,Terceros,DOBLETROQUE,17.93,18,1.0,1.5
SNK052,77,1027.894,76,27,Terceros,DOBLETROQUE,4.3,18,1.0,0.57
SNK284,2,50.714,2,2,Empresas,TRACTOMULA,0.11,2,0.11,0.01
SNK377,2,63.169,2,2,Empresas,TRACTOMULA,0.11,2,0.11,0.01
SNK649,1,34.5,1,1,Empresas,TRACTOMULA,0.06,1,0.06,0.01
SNK656,1,31.313,1,1,Empresas,TRACTOMULA,0.06,1,0.06,0.01
SNK666,1,18.0,1,1,Empresas,TRACTOMULA,0.06,1,0.06,0.01
SNK746,57,400.267,57,10,Terceros,SENCILLO,3.18,18,1.0,0.42
SNK856,2,66.356,2,2,Empresas,TRACTOMULA,0.11,2,0.11,0.01
SNK893,73,571.921,70,11,Terceros,SENCILLO,4.08,13,0.72,0.54
SNL989,79,1710.169,77,17,Terceros,TRACTOMULA,4.41,17,0.94,0.58
SNM309,2,44.475,2,2,Terceros,TRACTOMULA,0.11,2,0.11,0.01
SNM340,34,431.497,34,4,Empresas,TRACTOMULA,1.9,15,0.83,0.25
SNM477,1,18.0,1,1,Empresas,TRACTOMULA,0.06,1,0.06,0.01
SNM483,301,9344.207,273,7,Terceros,TRACTOMULA,16.81,18,1.0,1.5
SNM559,2,64.0,2,1,Terceros,TRACTOMULA,0.11,2,0.11,0.01
SNM634,1,29.957,1,1,Empresas,TRACTOMULA,0.06,1,0.06,0.01
SNM716,3,101.0,3,3,Terceros,TRACTOMULA,0.17,3,0.17,0.02
SNM771,5,40.404,5,5,Terceros,SENCILLO,0.28,4,0.22,0.04
SNM781,1,14.041,1,1,Empresas,TRACTOMULA,0.06,1,0.06,0.01
SNM819,93,657.777,93,44,Terceros,SENCILLO,5.19,17,0.94,0.69
SNM948,71,496.84,71,30,Terceros,SENCILLO,3.97,17,0.94,0.53
SNN010,111,2347.453,103,12,Terceros,TRACTOMULA,6.2,18,1.0,0.82
SNN136,2,60.06,2,1,Empresas,TRACTOMULA,0.11,2,0.11,0.01
SNN166,3,90.09,3,1,Empresas,TRACTOMULA,0.17,3,0.17,0.02
SNN197,7,152.046,7,4,Empresas,TRACTOMULA,0.39,5,0.28,0.05
SNN220,14,418.626,13,10,Terceros,TRACTOMULA,0.78,9,0.5,0.1
SNN527,1,14.348,1,1,Empresas,TRACTOMULA,0.06,1,0.06,0.01
SNN540,1,22.584,1,1,Empresas,TRACTOMULA,0.06,1,0.06,0.01
SNN609,312,2267.082,164,9,Terceros,SENCILLO,17.43,18,1.0,1.5
SNN629,2,32.422,2,1,Empresas,TRACTOMULA,0.11,2,0.11,0.01
SNN683,4,37.724000000000004,4,1,Empresas,TRACTOMULA,0.22,4,0.22,0.03
SNN688,2,64.5,2,2,Empresas,TRACTOMULA,0.11,2,0.11,0.01
SNN698,7,227.886,7,5,Terceros,TRACTOMULA,0.39,5,0.28,0.05
SNN720,281,803.168,272,10,Terceros,TURBO,15.69,17,0.94,1.5
SNN796,76,1711.3319999999999,69,15,Terceros,TRACTOMULA,4.24,16,0.89,0.56
SNN807,1,34.5,1,1,Empresas,TRACTOMULA,0.06,1,0.06,0.01
SNN949,1,30.882,1,1,Empresas,TRACTOMULA,0.06,1,0.06,0.01
SNO017,5,136.074,5,3,Empresas,TRACTOMULA,0.28,3,0.17,0.04
SNO032,1,26.158,1,1,Empresas,TRACTOMULA,0.06,1,0.06,0.01
SNO079,10,345.0,10,1,Empresas,TRACTOMULA,0.56,7,0.39,0.07
SNO082,1,31.537999999999997,1,1,Empresas,TRACTOMULA,0.06,1,0.06,0.01
SNO093,29,865.077,29,22,Terceros,TRACTOMULA,1.62,13,0.72,0.21
SNO109,3,75.358,3,2,Empresas,TRACTOMULA,0.17,2,0.11,0.02
SNO131,2,22.332,2,2,Empresas,TRACTOMULA,0.11,1,0.06,0.01
SNO147,65,1001.702,65,37,Terceros,DOBLETROQUE,3.63,18,1.0,0.48
SNO314,237,4969.437,52,2,Empresas,TRACTOMULA,13.24,15,0.83,1.5
SNO336,1,9.814,1,1,Terceros,SENCILLO,0.06,1,0.06,0.01
SNO394,1,28.189,1,1,Empresas,TRACTOMULA,0.06,1,0.06,0.01
SNO501,6,104.06,6,3,Empresas,TRACTOMULA,0.34,5,0.28,0.05
SNO525,1,27.939999999999998,1,1,Empresas,TRACTOMULA,0.06,1,0.06,0.01
SNO670,1,21.65,1,1,Empresas,TRACTOMULA,0.06,1,0.06,0.01
SNP007,3,43.118,3,3,Terceros,DOBLETROQUE,0.17,3,0.17,0.02
SNP257,28,192.15200000000002,27,9,Terceros,SENCILLO,1.56,18,1.0,0.21
SNP386,3,53.367,3,2,Empresas,TRACTOMULA,0.17,3,0.17,0.02
SNP431,1,12.461,1,1,Empresas,TRACTOMULA,0.06,1,0.06,0.01
SNP534,1,32.87299999999999,1,1,Empresas,TRACTOMULA,0.06,1,0.06,0.01
SNP546,2,35.358000000000004,2,1,Empresas,TRACTOMULA,0.11,2,0.11,0.01
SNP988,28,197.995,28,13,Terceros,SENCILLO,1.56,13,0.72,0.21
SNQ332,83,2378.02,83,21,Terceros,TRACTOMULA,4.64,18,1.0,0.62
SNQ341,1,25.0,1,1,Empresas,TRACTOMULA,0.06,1,0.06,0.01
SNQ415,63,1302.237,57,11,Terceros,TRACTOMULA,3.52,11,0.61,0.47
SNQ504,44,799.171,44,4,Empresas,TRACTOMULA,2.46,18,1.0,0.33
SNQ869,30,919.029,29,21,Terceros,TRACTOMULA,1.68,16,0.89,0.22
SNQ871,1,25.375,1,1,Empresas,TRACTOMULA,0.06,1,0.06,0.01
SNQ881,4,80.05799999999999,4,4,Empresas,TRACTOMULA,0.22,3,0.17,0.03
SNQ882,2,54.650999999999996,2,2,Empresas,TRACTOMULA,0.11,2,0.11,0.01
SNQ895,22,703.221,22,12,Terceros,TRACTOMULA,1.23,12,0.67,0.16
SNQ902,3,103.5,3,2,Empresas,TRACTOMULA,0.17,3,0.17,0.02
SNQ941,1001,4408.5,335,18,Terceros,TURBO,55.91,18,1.0,1.5
SNQ972,1,2.211,1,1,Empresas,SENCILLO,0.06,1,0.06,0.01
SNQ988,1,34.5,1,1,Empresas,TRACTOMULA,0.06,1,0.06,0.01
SNR025,1,32.0,1,1,Terceros,TRACTOMULA,0.06,1,0.06,0.01
SNR040,2,47.223,2,2,Empresas,TRACTOMULA,0.11,2,0.11,0.01
SNR046,2,60.06,2,1,Empresas,TRACTOMULA,0.11,2,0.11,0.01
SNR066,1,33.066,1,1,Empresas,TRACTOMULA,0.06,1,0.06,0.01
SNR070,1,29.0,1,1,Empresas,TRACTOMULA,0.06,1,0.06,0.01
SNR179,14,257.462,14,5,Empresas,TRACTOMULA,0.78,7,0.39,0.1
SNR312,1,6.778,1,1,Empresas,SENCILLO,0.06,1,0.06,0.01
SNR487,1,33.0,1,1,Empresas,TRACTOMULA,0.06,1,0.06,0.01
SNR533,101,2556.232,95,38,Terceros,TRACTOMULA,5.64,18,1.0,0.75
SNR552,1,25.025,1,1,Empresas,TRACTOMULA,0.06,1,0.06,0.01
SNR715,2,6.829,2,1,Empresas,TURBO,0.11,1,0.06,0.01
SNR718,10,38.387,10,4,Empresas,TURBO,0.56,6,0.33,0.07
SNR771,82,2049.358,70,29,Terceros,TRACTOMULA,4.58,18,1.0,0.61
SNR781,107,1700.783,106,25,Terceros,DOBLETROQUE,5.98,18,1.0,0.79
SNR808,32,881.837,28,23,Terceros,TRACTOMULA,1.79,13,0.72,0.24
SNR812,3,95.924,3,2,Terceros,TRACTOMULA,0.17,2,0.11,0.02
SNR912,85,189.677,85,9,Terceros,TURBO,4.75,6,0.33,0.63
SNS312,73,2482.0,52,8,Terceros,TRACTOMULA,4.08,6,0.33,0.54
SNS425,33,507.725,33,26,Terceros,DOBLETROQUE,1.84,14,0.78,0.24
SNS443,24,743.374,24,17,Terceros,TRACTOMULA,1.34,9,0.5,0.18
SNS490,1,4.18,1,1,Empresas,TURBO,0.06,1,0.06,0.01
SNS769,3,90.09,3,1,Empresas,TRACTOMULA,0.17,3,0.17,0.02
SNS771,2,69.0,2,1,Empresas,TRACTOMULA,0.11,2,0.11,0.01
SNS942,71,1462.215,70,12,Terceros,TRACTOMULA,3.97,18,1.0,0.53
SNT039,4,129.013,4,4,Empresas,TRACTOMULA,0.22,3,0.17,0.03
SNT153,81,274.46999999999997,78,35,Terceros,TURBO,4.52,18,1.0,0.6
SNT235,88,2391.136,88,33,Terceros,TRACTOMULA,4.92,18,1.0,0.65
SNT288,2,66.165,2,2,Empresas,TRACTOMULA,0.11,2,0.11,0.01
SNT475,2,12.587,2,1,Empresas,SENCILLO,0.11,2,0.11,0.01
SNT512,27,104.619,27,19,Terceros,TURBO,1.51,10,0.56,0.2
SNT660,25,440.319,25,3,Empresas,TRACTOMULA,1.4,14,0.78,0.19
SNT807,1,14.01,1,1,Empresas,TRACTOMULA,0.06,1,0.06,0.01
SNT861,1,9.535,1,1,Empresas,TRACTOMULA,0.06,1,0.06,0.01
SNT974,69,2021.334,69,25,Terceros,TRACTOMULA,3.85,18,1.0,0.51
SNT988,1,28.339,1,1,Empresas,TRACTOMULA,0.06,1,0.06,0.01
SNT999,6,60.769,6,3,Empresas,TRACTOMULA,0.34,6,0.33,0.05
SNU032,3,77.812,3,3,Empresas,TRACTOMULA,0.17,3,0.17,0.02
SNU082,2,62.532,2,1,Empresas,TRACTOMULA,0.11,2,0.11,0.01
SNU232,7,126.439,7,5,Terceros,DOBLETROQUE,0.39,4,0.22,0.05
SNU246,1,32.348,1,1,Empresas,TRACTOMULA,0.06,1,0.06,0.01
SNU273,1,32.5,1,1,Empresas,TRACTOMULA,0.06,1,0.06,0.01
SNU310,1029,4510.0,369,15,Terceros,TURBO,57.47,18,1.0,1.5
SNU512,1,32.793000000000006,1,1,Empresas,TRACTOMULA,0.06,1,0.06,0.01
SNU541,8,28.728,8,8,Terceros,TURBO,0.45,3,0.17,0.06
SNU568,77,2179.605,71,21,Terceros,TRACTOMULA,4.3,17,0.94,0.57
SNU684,44,165.254,44,14,Empresas,TURBO,2.46,14,0.78,0.33
SNU723,1,22.8,1,1,Empresas,TRACTOMULA,0.06,1,0.06,0.01
SNU733,1,34.0,1,1,Empresas,TRACTOMULA,0.06,1,0.06,0.01
SNU783,60,177.59199999999998,59,25,Terceros,TURBO,3.35,17,0.94,0.44
SNU880,17,536.523,17,8,Terceros,TRACTOMULA,0.95,9,0.5,0.13
SNU884,3,99.0,3,3,Empresas,TRACTOMULA,0.17,3,0.17,0.02
SNU889,1,24.8,1,1,Empresas,TRACTOMULA,0.06,1,0.06,0.01
SNU891,1,34.5,1,1,Empresas,TRACTOMULA,0.06,1,0.06,0.01
SNV090,251,7682.828,213,11,Terceros,TRACTOMULA,14.02,18,1.0,1.5
SNV091,8,258.056,8,2,Terceros,TRACTOMULA,0.45,3,0.17,0.06
SNV194,6,180.18,6,1,Empresas,TRACTOMULA,0.34,6,0.33,0.05
SNV339,3,54.691,3,1,Empresas,TRACTOMULA,0.17,3,0.17,0.02
SNV340,4,73.751,4,2,Empresas,TRACTOMULA,0.22,4,0.22,0.03
SNV358,35,1105.622,35,17,Terceros,TRACTOMULA,1.95,11,0.61,0.26
SNV370,1,34.5,1,1,Empresas,TRACTOMULA,0.06,1,0.06,0.01
SNV452,1,15.826,1,1,Empresas,TRACTOMULA,0.06,1,0.06,0.01
SNV485,4,138.0,3,2,Empresas,TRACTOMULA,0.22,3,0.17,0.03
SNV499,1,20.27,1,1,Empresas,TRACTOMULA,0.06,1,0.06,0.01
SNV527,1,21.5,1,1,Empresas,TRACTOMULA,0.06,1,0.06,0.01
SNV611,1,28.156999999999996,1,1,Empresas,TRACTOMULA,0.06,1,0.06,0.01
SNW250,19,142.922,19,18,Terceros,SENCILLO,1.06,6,0.33,0.14
SNW253,1,34.5,1,1,Empresas,TRACTOMULA,0.06,1,0.06,0.01
SNW685,1,32.55,1,1,Empresas,TRACTOMULA,0.06,1,0.06,0.01
SNW690,10,83.529,10,8,Terceros,SENCILLO,0.56,4,0.22,0.07
SNW750,3,96.167,3,2,Empresas,TRACTOMULA,0.17,3,0.17,0.02
SNW767,1,17.653,1,1,Empresas,TRACTOMULA,0.06,1,0.06,0.01
SNW887,1,27.757,1,1,Empresas,TRACTOMULA,0.06,1,0.06,0.01
SNW943,280,8403.589,239,8,Terceros,TRACTOMULA,15.64,18,1.0,1.5
SNW977,1,31.645,1,1,Empresas,TRACTOMULA,0.06,1,0.06,0.01
SNW978,7,139.402,7,5,Empresas,TRACTOMULA,0.39,3,0.17,0.05
SNX080,42,316.038,42,22,Terceros,SENCILLO,2.35,17,0.94,0.31
SNX155,1,7.2,1,1,Empresas,SENCILLO,0.06,1,0.06,0.01
SNX405,302,1142.427,293,27,Terceros,TURBO,16.87,18,1.0,1.5
SNX500,1,3.663,1,1,Terceros,TURBO,0.06,1,0.06,0.01
SNX530,5,145.13400000000001,5,5,Terceros,TRACTOMULA,0.28,2,0.11,0.04
SNX552,30,435.424,30,5,Empresas,TRACTOMULA,1.68,15,0.83,0.22
SNX586,2,32.173,2,1,Empresas,TRACTOMULA,0.11,2,0.11,0.01
SNX587,2,29.169,2,1,Empresas,TRACTOMULA,0.11,2,0.11,0.01
SNX698,23,82.076,23,15,Terceros,TURBO,1.28,9,0.5,0.17
SNX828,2,24.339,2,2,Empresas,TRACTOMULA,0.11,2,0.11,0.01
SNX886,110,2523.9629999999997,110,10,Terceros,TRACTOMULA,6.14,18,1.0,0.81
SNX964,4,55.339,4,2,Empresas,TRACTOMULA,0.22,4,0.22,0.03
SNY049,1,31.96,1,1,Empresas,TRACTOMULA,0.06,1,0.06,0.01
SNY270,49,183.897,49,9,Terceros,TURBO,2.74,17,0.94,0.36
SNY684,8,217.722,7,8,Empresas,TRACTOMULA,0.45,4,0.22,0.06
SNY695,13,91.553,13,8,Terceros,SENCILLO,0.73,9,0.5,0.1
SNZ061,2,7.7829999999999995,2,2,Empresas,TURBO,0.11,2,0.11,0.01
SNZ119,1,34.5,1,1,Empresas,TRACTOMULA,0.06,1,0.06,0.01
SNZ219,1,11.806,1,1,Terceros,TRACTOMULA,0.06,1,0.06,0.01
SNZ252,1,8.596,1,1,Empresas,SENCILLO,0.06,1,0.06,0.01
SNZ297,6,21.017,6,6,Terceros,TURBO,0.34,5,0.28,0.05
SNZ865,2,58.25,2,1,Empresas,TRACTOMULA,0.11,2,0.11,0.01
SOA110,6,98.173,6,3,Terceros,DOBLETROQUE,0.34,3,0.17,0.05
SOA191,1,27.535,1,1,Empresas,TRACTOMULA,0.06,1,0.06,0.01
SOA548,1,33.50599999999999,1,1,Empresas,TRACTOMULA,0.06,1,0.06,0.01
SOB024,40,631.91,40,25,Terceros,DOBLETROQUE,2.23,16,0.89,0.3
SOB447,1,16.443,1,1,Empresas,DOBLETROQUE,0.06,1,0.06,0.01
SOD245,6,189.39100000000002,6,5,Terceros,TRACTOMULA,0.34,5,0.28,0.05
SOD577,4,74.64699999999999,4,3,Empresas,TRACTOMULA,0.22,3,0.17,0.03
SOD819,3,103.5,3,1,Empresas,TRACTOMULA,0.17,3,0.17,0.02
SOD820,9,310.5,9,1,Empresas,TRACTOMULA,0.5,4,0.22,0.07
SOF284,1,34.5,1,1,Empresas,TRACTOMULA,0.06,1,0.06,0.01
SOF335,1,27.0,1,1,Empresas,TRACTOMULA,0.06,1,0.06,0.01
SOF338,27,859.547,27,14,Terceros,TRACTOMULA,1.51,14,0.78,0.2
SOF377,1,17.674,1,1,Empresas,TRACTOMULA,0.06,1,0.06,0.01
SOF401,2,63.459,2,2,Empresas,TRACTOMULA,0.11,2,0.11,0.01
SOF403,6,207.0,6,2,Empresas,TRACTOMULA,0.34,6,0.33,0.05
SOF404,2,61.5,2,2,Empresas,TRACTOMULA,0.11,2,0.11,0.01
SOF478,285,9027.012,260,9,Terceros,TRACTOMULA,15.92,18,1.0,1.5
SOI077,1,34.5,1,1,Empresas,TRACTOMULA,0.06,1,0.06,0.01
SOI079,85,2550.151,83,22,Terceros,TRACTOMULA,4.75,18,1.0,0.63
SOI124,2,65.977,2,1,Empresas,TRACTOMULA,0.11,2,0.11,0.01
SOI150,1,16.758,1,1,Empresas,TRACTOMULA,0.06,1,0.06,0.01
SOI184,2,47.414,2,2,Empresas,TRACTOMULA,0.11,2,0.11,0.01
SOI212,1,5.965,1,1,Empresas,TRACTOMULA,0.06,1,0.06,0.01
SOI233,1,12.801,1,1,Empresas,TRACTOMULA,0.06,1,0.06,0.01
SOI296,97,381.962,83,25,Terceros,TURBO,5.42,11,0.61,0.72
SOI425,1,6.574,1,1,Empresas,SENCILLO,0.06,1,0.06,0.01
SOI484,8,51.379,8,6,Terceros,SENCILLO,0.45,3,0.17,0.06
SOI624,1,7.019,1,1,Empresas,SENCILLO,0.06,1,0.06,0.01
SOI681,1,3.651,1,1,Empresas,TURBO,0.06,1,0.06,0.01
SON320,1,18.0,1,1,Terceros,TRACTOMULA,0.06,1,0.06,0.01
SON336,1,8.0,1,1,Empresas,SENCILLO,0.06,1,0.06,0.01
SON343,1,32.504,1,1,Empresas,TRACTOMULA,0.06,1,0.06,0.01
SON477,1,16.465,1,1,Empresas,DOBLETROQUE,0.06,1,0.06,0.01
SON485,2,57.11500000000001,2,2,Empresas,TRACTOMULA,0.11,2,0.11,0.01
SON517,17,548.967,17,6,Terceros,TRACTOMULA,0.95,4,0.22,0.13
SON534,3,79.228,3,3,Empresas,TRACTOMULA,0.17,2,0.11,0.02
SON558,1,33.376999999999995,1,1,Empresas,TRACTOMULA,0.06,1,0.06,0.01
SOO053,77,725.632,56,24,Terceros,SENCILLO,4.3,4,0.22,0.57
SOO086,1,15.27,1,1,Empresas,TRACTOMULA,0.06,1,0.06,0.01
SOO298,1,16.264,1,1,Empresas,DOBLETROQUE,0.06,1,0.06,0.01
SOO400,1,3.0,1,1,Empresas,TRACTOMULA,0.06,1,0.06,0.01
SOO513,1,34.5,1,1,Empresas,TRACTOMULA,0.06,1,0.06,0.01
SOO846,20,317.546,20,19,Terceros,DOBLETROQUE,1.12,14,0.78,0.15
SOP062,1,28.0,1,1,Empresas,TRACTOMULA,0.06,1,0.06,0.01
SOP146,1,9.622,1,1,Empresas,TRACTOMULA,0.06,1,0.06,0.01
SOP167,1,6.2,1,1,Empresas,SENCILLO,0.06,1,0.06,0.01
SOQ006,1,31.937,1,1,Empresas,TRACTOMULA,0.06,1,0.06,0.01
SOQ015,1,34.5,1,1,Empresas,TRACTOMULA,0.06,1,0.06,0.01
SOQ085,1,9.996,1,1,Terceros,TURBO,0.06,1,0.06,0.01
SOQ530,2,61.858000000000004,2,2,Empresas,TRACTOMULA,0.11,2,0.11,0.01
SOQ536,33,987.172,33,14,Terceros,TRACTOMULA,1.84,16,0.89,0.24
SOQ544,50,1436.223,50,23,Terceros,TRACTOMULA,2.79,14,0.78,0.37
SOQ545,1,33.0,1,1,Empresas,TRACTOMULA,0.06,1,0.06,0.01
SOQ758,1,27.0,1,1,Empresas,TRACTOMULA,0.06,1,0.06,0.01
SOQ977,1,8.0,1,1,Empresas,TRACTOMULA,0.06,1,0.06,0.01
SOR269,2,63.342,2,1,Terceros,TRACTOMULA,0.11,2,0.11,0.01
SOR308,1,6.096,1,1,Empresas,TRACTOMULA,0.06,1,0.06,0.01
SOR319,3,93.101,3,3,Empresas,TRACTOMULA,0.17,3,0.17,0.02
SOR323,2,50.266999999999996,2,2,Empresas,TRACTOMULA,0.11,2,0.11,0.01
SOR327,1,27.0,1,1,Empresas,TRACTOMULA,0.06,1,0.06,0.01
SOR328,9,236.064,9,3,Empresas,TRACTOMULA,0.5,5,0.28,0.07
SOR332,9,152.813,9,2,Empresas,TRACTOMULA,0.5,7,0.39,0.07
SOR345,1,29.0,1,1,Empresas,TRACTOMULA,0.06,1,0.06,0.01
SOR405,2,42.063,2,2,Empresas,TRACTOMULA,0.11,2,0.11,0.01
SOR658,2,63.292,2,2,Terceros,TRACTOMULA,0.11,1,0.06,0.01
SOR785,3,72.0,3,1,Empresas,TRACTOMULA,0.17,2,0.11,0.02
SOS151,4,138.0,4,2,Empresas,TRACTOMULA,0.22,4,0.22,0.03
SOS430,62,222.942,59,36,Terceros,TURBO,3.46,17,0.94,0.46
SOS577,44,1479.5,41,16,Terceros,TRACTOMULA,2.46,12,0.67,0.33
SOS579,1,2.13,1,1,Empresas,TURBO,0.06,1,0.06,0.01
SOS773,339,3150.74,253,34,Terceros,SENCILLO,18.93,15,0.83,1.5
SOS893,8,239.453,8,8,Terceros,TRACTOMULA,0.45,4,0.22,0.06
SOT031,2,56.576,2,1,Empresas,TRACTOMULA,0.11,2,0.11,0.01
SOT080,1,14.845,1,1,Empresas,TRACTOMULA,0.06,1,0.06,0.01
SOT108,1,3.418,1,1,Empresas,SENCILLO,0.06,1,0.06,0.01
SOW062,9,291.03499999999997,9,3,Terceros,TRACTOMULA,0.5,4,0.22,0.07
SOW095,1,32.4,1,1,Empresas,TRACTOMULA,0.06,1,0.06,0.01
SOW100,1,25.375,1,1,Empresas,TRACTOMULA,0.06,1,0.06,0.01
SOY062,16,474.62,16,8,Terceros,TRACTOMULA,0.89,11,0.61,0.12
SOY091,83,639.285,83,22,Terceros,SENCILLO,4.64,18,1.0,0.62
SOY145,1,25.704,1,1,Empresas,TRACTOMULA,0.06,1,0.06,0.01
SOY146,2,32.55,2,2,Empresas,DOBLETROQUE,0.11,2,0.11,0.01
SOZ468,3,103.5,3,1,Empresas,TRACTOMULA,0.17,2,0.11,0.02
SOZ595,34,191.247,33,11,Terceros,TURBO,1.9,6,0.33,0.25
SOZ702,8,54.650999999999996,8,5,Empresas,SENCILLO,0.45,6,0.33,0.06
SOZ702.,1,8.772,1,1,Empresas,SENCILLO,0.06,1,0.06,0.01
SOZ790,1,29.855,1,1,Empresas,TRACTOMULA,0.06,1,0.06,0.01
SPC126,1,26.026,1,1,Empresas,TRACTOMULA,0.06,1,0.06,0.01
SPE348,2,8.331,2,2,Terceros,TURBO,0.11,1,0.06,0.01
SPH196,1,3.864,1,1,Empresas,TURBO,0.06,1,0.06,0.01
SPI982,2,46.585,2,2,Terceros,TRACTOMULA,0.11,2,0.11,0.01
SPJ936,1,34.5,1,1,Empresas,TRACTOMULA,0.06,1,0.06,0.01
SPK402,78,250.359,78,29,Terceros,TURBO,4.36,18,1.0,0.58
SPK670,1,20.0,1,1,Empresas,TRACTOMULA,0.06,1,0.06,0.01
SPK701,1,17.0,1,1,Empresas,TRACTOMULA,0.06,1,0.06,0.01
SPK706,4,130.524,4,2,Empresas,TRACTOMULA,0.22,3,0.17,0.03
SPK782,1,4.27,1,1,Empresas,TURBO,0.06,1,0.06,0.01
SPK971,2,29.0,2,1,Terceros,TRACTOMULA,0.11,1,0.06,0.01
SPL055,1,6.714,1,1,Empresas,SENCILLO,0.06,1,0.06,0.01
SPL087,12,242.852,12,8,Empresas,TRACTOMULA,0.67,10,0.56,0.09
SPL154,1,30.03,1,1,Empresas,TRACTOMULA,0.06,1,0.06,0.01
SPL164,2,66.166,2,2,Terceros,TRACTOMULA,0.11,1,0.06,0.01
SPL420,4,137.5,4,2,Empresas,TRACTOMULA,0.22,4,0.22,0.03
SPL421,50,1563.807,48,23,Terceros,TRACTOMULA,2.79,13,0.72,0.37
SPL476,1,27.564,1,1,Empresas,TRACTOMULA,0.06,1,0.06,0.01
SPL485,78,545.668,72,13,Terceros,SENCILLO,4.36,13,0.72,0.58
SPL562,209,3173.968,205,18,Terceros,DOBLETROQUE,11.67,17,0.94,1.5
SPL819,50,389.664,50,18,Terceros,SENCILLO,2.79,17,0.94,0.37
SPM006,10,85.535,10,4,Empresas,SENCILLO,0.56,2,0.11,0.07
SPM214,101,348.586,101,45,Terceros,TURBO,5.64,18,1.0,0.75
SPM368,2,65.849,2,1,Empresas,TRACTOMULA,0.11,1,0.06,0.01
SPM753,209,639.73,196,16,Flota Propia,TURBO,11.67,13,0.72,1.5
SPN368,66,208.813,65,31,Terceros,TURBO,3.69,18,1.0,0.49
SPN796,2,17.578000000000003,2,2,Empresas,SENCILLO,0.11,2,0.11,0.01
SPO016,2,69.0,2,1,Empresas,TRACTOMULA,0.11,1,0.06,0.01
SPO045,1,29.662999999999997,1,1,Empresas,TRACTOMULA,0.06,1,0.06,0.01
SPO109,1,33.0,1,1,Empresas,TRACTOMULA,0.06,1,0.06,0.01
SPO114,17,537.32,17,13,Terceros,TRACTOMULA,0.95,11,0.61,0.13
SPO150,1,34.5,1,1,Empresas,TRACTOMULA,0.06,1,0.06,0.01
SPO174,4,138.0,4,2,Empresas,TRACTOMULA,0.22,3,0.17,0.03
SPO237,2,34.657,2,1,Empresas,TRACTOMULA,0.11,1,0.06,0.01
SPO334,1,34.5,1,1,Empresas,TRACTOMULA,0.06,1,0.06,0.01
SPO358,12,25.48,9,4,Empresas,SENCILLO,0.67,4,0.22,0.09
SPO405,2,67.5,2,2,Empresas,TRACTOMULA,0.11,2,0.11,0.01
SPO458,1,0.832,1,1,Empresas,SENCILLO,0.06,1,0.06,0.01
SPO469,2,64.59,2,2,Terceros,TRACTOMULA,0.11,2,0.11,0.01
SPO491,1,3.643,1,1,Terceros,TURBO,0.06,1,0.06,0.01
SPO529,5,76.463,5,5,Empresas,DOBLETROQUE,0.28,5,0.28,0.04
SPO694,152,4605.32,145,38,Terceros,TRACTOMULA,8.49,18,1.0,1.13
SPP308,1,34.5,1,1,Empresas,TRACTOMULA,0.06,1,0.06,0.01
SPQ003,1,5.436999999999999,1,1,Empresas,SENCILLO,0.06,1,0.06,0.01
SPQ164,1,30.375,1,1,Empresas,TRACTOMULA,0.06,1,0.06,0.01
SPQ333,1,32.603,1,1,Empresas,TRACTOMULA,0.06,1,0.06,0.01
SPQ877,2,5.092,2,2,Empresas,TURBO,0.11,1,0.06,0.01
SPQ884,4,107.46300000000001,4,3,Empresas,TRACTOMULA,0.22,3,0.17,0.03
SPR109,2,58.502,2,1,Empresas,TRACTOMULA,0.11,2,0.11,0.01
SPR113,1,28.0,1,1,Empresas,TRACTOMULA,0.06,1,0.06,0.01
SPR137,520,618.619,328,12,Terceros,TURBO,29.04,18,1.0,1.5
SPR171,6,207.0,6,2,Empresas,TRACTOMULA,0.34,5,0.28,0.05
SPR282,3,93.446,3,3,Empresas,TRACTOMULA,0.17,2,0.11,0.02
SPR707,265,818.418,236,14,Terceros,TURBO,14.8,18,1.0,1.5
SPR811,4,138.0,4,1,Empresas,TRACTOMULA,0.22,4,0.22,0.03
SPS270,25,99.882,25,18,Terceros,TURBO,1.4,13,0.72,0.19
SPS780,3,51.806000000000004,3,1,Empresas,TRACTOMULA,0.17,2,0.11,0.02
SPT552,1,34.5,1,1,Empresas,TRACTOMULA,0.06,1,0.06,0.01
SPU277,2,7.377,2,2,Empresas,TURBO,0.11,1,0.06,0.01
SPU498,1,19.143,1,1,Empresas,TRACTOMULA,0.06,1,0.06,0.01
SPU742,1,32.0,1,1,Empresas,TRACTOMULA,0.06,1,0.06,0.01
SPU956,2,42.309,2,2,Empresas,TRACTOMULA,0.11,2,0.11,0.01
SPV008,28,884.831,28,15,Terceros,TRACTOMULA,1.56,7,0.39,0.21
SPV072,17,521.127,17,9,Terceros,TRACTOMULA,0.95,10,0.56,0.13
SPV109,19,588.909,19,11,Terceros,TRACTOMULA,1.06,11,0.61,0.14
SPV173,2,3.771,2,2,Terceros,TURBO,0.11,1,0.06,0.01
SPV303,1,34.5,1,1,Empresas,TRACTOMULA,0.06,1,0.06,0.01
SPV949,1,31.4,1,1,Empresas,TRACTOMULA,0.06,1,0.06,0.01
SPW013,1,14.441,1,1,Empresas,TRACTOMULA,0.06,1,0.06,0.01
SPW086,13,429.0,13,1,Terceros,TRACTOMULA,0.73,3,0.17,0.1
SPW097,81,2239.309,81,17,Flota Propia,TRACTOMULA,4.52,18,1.0,0.6
SPW195,2,61.42700000000001,2,2,Empresas,TRACTOMULA,0.11,1,0.06,0.01
SPW201,2,66.95400000000001,2,1,Empresas,TRACTOMULA,0.11,1,0.06,0.01
SPW268,1,3.721,1,1,Empresas,TURBO,0.06,1,0.06,0.01
SPW281,5,168.0,5,3,Empresas,TRACTOMULA,0.28,4,0.22,0.04
SPW293,4,132.69299999999998,4,4,Terceros,TRACTOMULA,0.22,4,0.22,0.03
SPW343,6,102.369,6,1,Empresas,TRACTOMULA,0.34,6,0.33,0.05
SPW431,3,93.176,3,2,Empresas,TRACTOMULA,0.17,3,0.17,0.02
SPX262,6,19.288,6,5,Terceros,TURBO,0.34,4,0.22,0.05
SPX565,1,34.5,1,1,Empresas,TRACTOMULA,0.06,1,0.06,0.01
SPX582,1,29.589,1,1,Empresas,TRACTOMULA,0.06,1,0.06,0.01
SPX583,1,29.18,1,1,Empresas,TRACTOMULA,0.06,1,0.06,0.01
SPX594,2,59.167,2,2,Empresas,TRACTOMULA,0.11,2,0.11,0.01
SPX595,1,32.233,1,1,Empresas,TRACTOMULA,0.06,1,0.06,0.01
SPX653,2,69.0,2,2,Empresas,TRACTOMULA,0.11,2,0.11,0.01
SPX723,1,3.481,1,1,Empresas,TURBO,0.06,1,0.06,0.01
SPX743,1,33.486,1,1,Empresas,TRACTOMULA,0.06,1,0.06,0.01
SPX758,1,30.959,1,1,Empresas,TRACTOMULA,0.06,1,0.06,0.01
SPX791,322,1153.022,302,32,Terceros,TURBO,17.98,18,1.0,1.5
SPX918,9,151.971,9,2,Empresas,TRACTOMULA,0.5,7,0.39,0.07
SPX952,16,273.997,16,1,Empresas,TRACTOMULA,0.89,7,0.39,0.12
SPX960,8,65.792,8,4,Terceros,SENCILLO,0.45,5,0.28,0.06
SPY022,1,3.526,1,1,Empresas,TURBO,0.06,1,0.06,0.01
SPY144,5,16.69,5,2,Empresas,SENCILLO,0.28,4,0.22,0.04
SQA162,35,267.959,35,14,Terceros,SENCILLO,1.95,16,0.89,0.26
SQA848,117,764.99,112,35,Terceros,SENCILLO,6.53,15,0.83,0.87
SQA960,3,87.66000000000001,3,1,Empresas,TRACTOMULA,0.17,3,0.17,0.02
SQB436,5,158.745,5,2,Empresas,TRACTOMULA,0.28,3,0.17,0.04
SQB691,1,14.914,1,1,Empresas,TRACTOMULA,0.06,1,0.06,0.01
SQB709,15,241.405,15,9,Terceros,DOBLETROQUE,0.84,10,0.56,0.11
SQB868,42,296.362,42,21,Terceros,SENCILLO,2.35,14,0.78,0.31
SQE674,2,14.741,2,2,Empresas,SENCILLO,0.11,2,0.11,0.01
SQE808,21,679.96,21,16,Terceros,TRACTOMULA,1.17,11,0.61,0.16
SQF018,14,445.892,14,9,Terceros,TRACTOMULA,0.78,7,0.39,0.1
SQF138,16,495.66499999999996,16,10,Terceros,TRACTOMULA,0.89,6,0.33,0.12
SQF188,1,7.795,1,1,Terceros,SENCILLO,0.06,1,0.06,0.01
SQF704,1,2.0,1,1,Empresas,TURBO,0.06,1,0.06,0.01
SQJ121,65,595.381,62,8,Terceros,SENCILLO,3.63,4,0.22,0.48
SQL699,1,6.04,1,1,Empresas,SENCILLO,0.06,1,0.06,0.01
SQL995,1,34.5,1,1,Empresas,TRACTOMULA,0.06,1,0.06,0.01
SQL996,2,65.91999999999999,2,2,Empresas,TRACTOMULA,0.11,2,0.11,0.01
SQM058,1,5.993,1,1,Empresas,TRACTOMULA,0.06,1,0.06,0.01
SQM061,1,29.432,1,1,Empresas,TRACTOMULA,0.06,1,0.06,0.01
SQM132,12,352.567,11,10,Empresas,TRACTOMULA,0.67,7,0.39,0.09
SQM149,1,34.5,1,1,Empresas,TRACTOMULA,0.06,1,0.06,0.01
SQM231,6,167.689,6,3,Empresas,TRACTOMULA,0.34,4,0.22,0.05
SQW246,12,235.208,12,7,Empresas,TRACTOMULA,0.67,9,0.5,0.09
SQW693,134,4230.374,118,6,Terceros,TRACTOMULA,7.48,9,0.5,0.99
SQW904,1,7.853,1,1,Empresas,SENCILLO,0.06,1,0.06,0.01
SQX786,1,28.57,1,1,Empresas,TRACTOMULA,0.06,1,0.06,0.01
SQX814,2,59.909000000000006,2,2,Empresas,TRACTOMULA,0.11,2,0.11,0.01
SQX836,1,29.191,1,1,Terceros,TRACTOMULA,0.06,1,0.06,0.01
SQX850,1,22.354,1,1,Empresas,TRACTOMULA,0.06,1,0.06,0.01
SQX869,8,49.131,8,8,Terceros,SENCILLO,0.45,7,0.39,0.06
SQX891,2,63.05500000000001,2,2,Empresas,TRACTOMULA,0.11,2,0.11,0.01
SQX892,1,29.783,1,1,Empresas,TRACTOMULA,0.06,1,0.06,0.01
SQX905,2,61.918,2,2,Empresas,TRACTOMULA,0.11,2,0.11,0.01
SQX945,2,14.767,2,2,Terceros,SENCILLO,0.11,1,0.06,0.01
SQY033,3,90.09,3,1,Empresas,TRACTOMULA,0.17,3,0.17,0.02
SQY076,25,393.062,25,5,Empresas,TRACTOMULA,1.4,15,0.83,0.19
SQY089,2,69.0,2,1,Empresas,TRACTOMULA,0.11,1,0.06,0.01
SQY110,3,20.284,3,3,Empresas,SENCILLO,0.17,3,0.17,0.02
SQY114,12,389.531,12,4,Terceros,TRACTOMULA,0.67,7,0.39,0.09
SQY141,11,353.774,11,9,Terceros,TRACTOMULA,0.61,8,0.44,0.08
SQY328,1,30.328,1,1,Empresas,TRACTOMULA,0.06,1,0.06,0.01
SQY353,1,26.291,1,1,Empresas,TRACTOMULA,0.06,1,0.06,0.01
SQY423,1,30.03,1,1,Empresas,TRACTOMULA,0.06,1,0.06,0.01
SQY493,1,33.0,1,1,Empresas,TRACTOMULA,0.06,1,0.06,0.01
SQY507,2,32.034,1,1,Empresas,TRACTOMULA,0.11,1,0.06,0.01
SQY566,1,18.453,1,1,Empresas,TRACTOMULA,0.06,1,0.06,0.01
SQY593,1,27.358,1,1,Empresas,TRACTOMULA,0.06,1,0.06,0.01
SQY629,7,228.68,7,7,Terceros,TRACTOMULA,0.39,4,0.22,0.05
SQZ041,255,2278.945,250,15,Terceros,SENCILLO,14.24,14,0.78,1.5
SQZ059,1,23.4,1,1,Empresas,TRACTOMULA,0.06,1,0.06,0.01
SQZ076,1,12.477,1,1,Empresas,TRACTOMULA,0.06,1,0.06,0.01
SQZ285,2,62.5,2,2,Empresas,TRACTOMULA,0.11,2,0.11,0.01
SQZ418,39,103.327,39,23,Terceros,TURBO,2.18,17,0.94,0.29
SQZ437,4,132.63,4,4,Empresas,TRACTOMULA,0.22,4,0.22,0.03
SQZ444,2,57.291000000000004,2,2,Empresas,TRACTOMULA,0.11,2,0.11,0.01
SQZ457,4,125.422,4,3,Empresas,TRACTOMULA,0.22,3,0.17,0.03
SQZ458,2,64.5,2,2,Empresas,TRACTOMULA,0.11,2,0.11,0.01
SQZ459,5,160.693,5,5,Empresas,TRACTOMULA,0.28,3,0.17,0.04
SQZ460,6,196.186,6,5,Empresas,TRACTOMULA,0.34,4,0.22,0.05
SQZ461,4,129.515,4,4,Empresas,TRACTOMULA,0.22,3,0.17,0.03
SQZ462,1,34.5,1,1,Empresas,TRACTOMULA,0.06,1,0.06,0.01
SQZ470,3,97.73,3,3,Empresas,TRACTOMULA,0.17,2,0.11,0.02
SQZ472,11,352.187,11,9,Empresas,TRACTOMULA,0.61,6,0.33,0.08
SQZ473,6,191.55,6,4,Empresas,TRACTOMULA,0.34,4,0.22,0.05
SRA202,276,4856.952,257,36,Terceros,CUATROMANOS,15.42,18,1.0,1.5
SRC412,4,124.301,4,3,Empresas,TRACTOMULA,0.22,4,0.22,0.03
SRC543,1,16.362,1,1,Empresas,DOBLETROQUE,0.06,1,0.06,0.01
SRC574,2,63.248999999999995,2,1,Empresas,TRACTOMULA,0.11,2,0.11,0.01
SRC700,19,149.408,19,15,Terceros,SENCILLO,1.06,10,0.56,0.14
SRC718,2,66.82,2,2,Empresas,TRACTOMULA,0.11,2,0.11,0.01
SRC736,1,32.151,1,1,Empresas,TRACTOMULA,0.06,1,0.06,0.01
SRC773,258,2027.441,226,44,Terceros,SENCILLO,14.41,18,1.0,1.5
SRC895,1,16.311999999999998,1,1,Empresas,DOBLETROQUE,0.06,1,0.06,0.01
SRD103,54,423.026,54,26,Terceros,SENCILLO,3.02,16,0.89,0.4
SRD208,189,1685.485,163,19,Terceros,SENCILLO,10.56,14,0.78,1.4
SRD244,2,8.823,2,2,Empresas,SENCILLO,0.11,1,0.06,0.01
SRD325,1,15.588000000000001,1,1,Empresas,DOBLETROQUE,0.06,1,0.06,0.01
SRD525,2,60.940999999999995,2,1,Empresas,TRACTOMULA,0.11,1,0.06,0.01
SRD915,75,1094.569,71,49,Terceros,DOBLETROQUE,4.19,18,1.0,0.56
SRD933,1,28.0,1,1,Empresas,TRACTOMULA,0.06,1,0.06,0.01
SRE109,2,64.16499999999999,2,2,Empresas,TRACTOMULA,0.11,2,0.11,0.01
SRE144,5,172.5,5,2,Empresas,TRACTOMULA,0.28,5,0.28,0.04
SRF116,54,1516.914,52,33,Terceros,TRACTOMULA,3.02,17,0.94,0.4
SRF445,2,48.888000000000005,2,2,Empresas,TRACTOMULA,0.11,2,0.11,0.01
SRF558,1,34.5,1,1,Empresas,TRACTOMULA,0.06,1,0.06,0.01
SRF576,13,379.261,12,4,Empresas,TRACTOMULA,0.73,9,0.5,0.1
SRJ489,18,159.252,17,8,Terceros,SENCILLO,1.01,3,0.17,0.13
SRL363,19,203.932,19,3,Empresas,TRACTOMULA,1.06,12,0.67,0.14
SRL394,1,27.393,1,1,Empresas,TRACTOMULA,0.06,1,0.06,0.01
SRL473,8,32.869,8,7,Terceros,TURBO,0.45,6,0.33,0.06
SRL570,62,426.986,62,18,Terceros,SENCILLO,3.46,18,1.0,0.46
SRL604,206,3101.087,201,18,Terceros,DOBLETROQUE,11.51,18,1.0,1.5
SRL636,37,1155.83,37,23,Terceros,TRACTOMULA,2.07,17,0.94,0.27
SRL658,459,4261.174,332,42,Terceros,SENCILLO,25.64,18,1.0,1.5
SRL723,1,29.203000000000003,1,1,Empresas,TRACTOMULA,0.06,1,0.06,0.01
SRL730,162,4904.969,153,23,Terceros,TRACTOMULA,9.05,18,1.0,1.2
SRL759,1,32.87800000000001,1,1,Empresas,TRACTOMULA,0.06,1,0.06,0.01
SRL770,1,8.24,1,1,Empresas,SENCILLO,0.06,1,0.06,0.01
SRL859,2,65.345,2,2,Empresas,TRACTOMULA,0.11,2,0.11,0.01
SRL860,1,29.217999999999996,1,1,Empresas,TRACTOMULA,0.06,1,0.06,0.01
SRL917,2,6.776,2,2,Terceros,TURBO,0.11,1,0.06,0.01
SRL981,1,32.0,1,1,Empresas,TRACTOMULA,0.06,1,0.06,0.01
SRL984,1,32.813,1,1,Empresas,TRACTOMULA,0.06,1,0.06,0.01
SRM094,3,93.76,3,3,Empresas,TRACTOMULA,0.17,3,0.17,0.02
SRM230,1,8.399,1,1,Empresas,SENCILLO,0.06,1,0.06,0.01
SRM330,1,32.933,1,1,Empresas,TRACTOMULA,0.06,1,0.06,0.01
SRM444,8,275.5,8,3,Empresas,TRACTOMULA,0.45,4,0.22,0.06
SRM505,1,1.8,1,1,Empresas,SENCILLO,0.06,1,0.06,0.01
SRM520,1,18.374,1,1,Empresas,TRACTOMULA,0.06,1,0.06,0.01
SRM539,1,3.0,1,1,Empresas,TRACTOMULA,0.06,1,0.06,0.01
SRM589,1,28.418,1,1,Empresas,TRACTOMULA,0.06,1,0.06,0.01
SRM614,1,16.164,1,1,Empresas,DOBLETROQUE,0.06,1,0.06,0.01
SRM683,2,59.17399999999999,2,1,Empresas,TRACTOMULA,0.11,1,0.06,0.01
SRM698,1,34.5,1,1,Empresas,TRACTOMULA,0.06,1,0.06,0.01
SRM781,54,1709.828,54,23,Terceros,TRACTOMULA,3.02,18,1.0,0.4
SRM800,14,450.276,14,1,Terceros,TRACTOMULA,0.78,7,0.39,0.1
SRM828,23,607.201,23,7,Terceros,TRACTOMULA,1.28,11,0.61,0.17
SRM852,34,1106.0,32,11,Terceros,TRACTOMULA,1.9,8,0.44,0.25
SRM864,1,34.5,1,1,Empresas,TRACTOMULA,0.06,1,0.06,0.01
SRM868,1,33.484,1,1,Empresas,TRACTOMULA,0.06,1,0.06,0.01
SRM924,1,28.0,1,1,Empresas,TRACTOMULA,0.06,1,0.06,0.01
SRM966,67,538.864,67,28,Terceros,SENCILLO,3.74,15,0.83,0.5
SRM993,6,206.5,6,3,Empresas,TRACTOMULA,0.34,5,0.28,0.05
SRN022,1,9.832,1,1,Empresas,TRACTOMULA,0.06,1,0.06,0.01
SRN032,1,30.03,1,1,Empresas,TRACTOMULA,0.06,1,0.06,0.01
SRN106,1,24.0,1,1,Empresas,TRACTOMULA,0.06,1,0.06,0.01
SRN113,18,554.264,17,13,Terceros,TRACTOMULA,1.01,6,0.33,0.13
SRN122,1,34.5,1,1,Empresas,TRACTOMULA,0.06,1,0.06,0.01
SRN125,4,99.23,4,3,Empresas,TRACTOMULA,0.22,3,0.17,0.03
SRN146,196,4112.246,183,14,Terceros,TRACTOMULA,10.95,18,1.0,1.45
SRN241,1,20.0,1,1,Empresas,TRACTOMULA,0.06,1,0.06,0.01
SRN261,20,539.898,19,14,Terceros,TRACTOMULA,1.12,8,0.44,0.15
SRN323,1,32.291,1,1,Empresas,TRACTOMULA,0.06,1,0.06,0.01
SRN337,1,33.405,1,1,Empresas,TRACTOMULA,0.06,1,0.06,0.01
SRN346,1,8.106,1,1,Empresas,TRACTOMULA,0.06,1,0.06,0.01
SRN377,1,34.5,1,1,Empresas,TRACTOMULA,0.06,1,0.06,0.01
SRN413,1,33.0,1,1,Terceros,TRACTOMULA,0.06,1,0.06,0.01
SRN418,1,18.869,1,1,Empresas,TRACTOMULA,0.06,1,0.06,0.01
SRN421,2,54.0,2,2,Empresas,TRACTOMULA,0.11,2,0.11,0.01
SRN470,1,33.286,1,1,Empresas,TRACTOMULA,0.06,1,0.06,0.01
SRN497,1,30.03,1,1,Empresas,TRACTOMULA,0.06,1,0.06,0.01
SRN520,1,32.366,1,1,Empresas,TRACTOMULA,0.06,1,0.06,0.01
SRN578,2,63.638999999999996,2,2,Empresas,TRACTOMULA,0.11,2,0.11,0.01
SRN622,1,33.406,1,1,Empresas,TRACTOMULA,0.06,1,0.06,0.01
SRN687,1,32.421,1,1,Empresas,TRACTOMULA,0.06,1,0.06,0.01
SRN692,2,23.759999999999998,2,1,Empresas,TRACTOMULA,0.11,2,0.11,0.01
SRN701,2,32.917,1,1,Empresas,TRACTOMULA,0.11,1,0.06,0.01
SRN708,227,7329.641,218,2,Terceros,TRACTOMULA,12.68,18,1.0,1.5
SRN727,13,195.086,13,9,Terceros,DOBLETROQUE,0.73,7,0.39,0.1
SRN742,1,31.223000000000003,1,1,Empresas,TRACTOMULA,0.06,1,0.06,0.01
SRN768,2,54.716,2,1,Empresas,TRACTOMULA,0.11,1,0.06,0.01
SRN804,1,7.179,1,1,Empresas,TRACTOMULA,0.06,1,0.06,0.01
SRN821,5,125.37100000000001,4,5,Empresas,TRACTOMULA,0.28,3,0.17,0.04
SRN918,1,32.512,1,1,Empresas,TRACTOMULA,0.06,1,0.06,0.01
SRN921,1,34.5,1,1,Empresas,TRACTOMULA,0.06,1,0.06,0.01
SRN956,1,29.944,1,1,Empresas,TRACTOMULA,0.06,1,0.06,0.01
SRN990,1,18.108,1,1,Empresas,TRACTOMULA,0.06,1,0.06,0.01
SRN991,1,30.764,1,1,Empresas,TRACTOMULA,0.06,1,0.06,0.01
SRO008,14,247.47400000000002,14,6,Empresas,TRACTOMULA,0.78,11,0.61,0.1
SRO020,8,228.92000000000002,8,7,Terceros,TRACTOMULA,0.45,4,0.22,0.06
SRO086,1,29.235,1,1,Empresas,TRACTOMULA,0.06,1,0.06,0.01
SRO093,2,32.0,2,1,Terceros,TRACTOMULA,0.11,1,0.06,0.01
SRO122,1,12.538,1,1,Empresas,TRACTOMULA,0.06,1,0.06,0.01
SRO151,1,31.9,1,1,Empresas,TRACTOMULA,0.06,1,0.06,0.01
SRO161,1,32.0,1,1,Empresas,TRACTOMULA,0.06,1,0.06,0.01
SRO192,1,34.5,1,1,Empresas,TRACTOMULA,0.06,1,0.06,0.01
SRO217,1,34.5,1,1,Empresas,TRACTOMULA,0.06,1,0.06,0.01
SRO243,76,645.421,75,19,Terceros,SENCILLO,4.24,17,0.94,0.56
SRO278,4,67.642,4,1,Empresas,TRACTOMULA,0.22,3,0.17,0.03
SRO310,1,1.231,1,1,Empresas,SENCILLO,0.06,1,0.06,0.01
SRO367,1,33.012,1,1,Empresas,TRACTOMULA,0.06,1,0.06,0.01
SRO376,1,34.5,1,1,Empresas,TRACTOMULA,0.06,1,0.06,0.01
SRO395,1,27.227000000000004,1,1,Empresas,TRACTOMULA,0.06,1,0.06,0.01
SRO440,3,86.673,3,3,Empresas,TRACTOMULA,0.17,2,0.11,0.02
SRO559,3,69.718,3,1,Empresas,TRACTOMULA,0.17,2,0.11,0.02
SRO638,11,350.682,11,8,Terceros,TRACTOMULA,0.61,8,0.44,0.08
SRO652,2,69.0,2,1,Empresas,TRACTOMULA,0.11,2,0.11,0.01
SRO734,38,663.857,38,14,Terceros,TRACTOMULA,2.12,14,0.78,0.28
SRO739,1,18.907,1,1,Empresas,TRACTOMULA,0.06,1,0.06,0.01
SRO769,1,33.676,1,1,Empresas,TRACTOMULA,0.06,1,0.06,0.01
SRO889,100,3157.011,100,24,Terceros,TRACTOMULA,5.59,18,1.0,0.74
SRO918,1,33.459,1,1,Empresas,TRACTOMULA,0.06,1,0.06,0.01
SRO928,2,64.477,2,2,Empresas,TRACTOMULA,0.11,1,0.06,0.01
SRO935,2,68.5,2,2,Empresas,TRACTOMULA,0.11,2,0.11,0.01
SRO959,2,45.069,2,2,Empresas,TRACTOMULA,0.11,2,0.11,0.01
SRO980,2,58.06,2,1,Empresas,TRACTOMULA,0.11,2,0.11,0.01
SRP030,6,48.942,6,6,Terceros,SENCILLO,0.34,3,0.17,0.05
SRP067,1,33.696000000000005,1,1,Empresas,TRACTOMULA,0.06,1,0.06,0.01
SRP122,1,8.5,1,1,Empresas,SENCILLO,0.06,1,0.06,0.01
SRP176,10,322.504,10,10,Terceros,TRACTOMULA,0.56,6,0.33,0.07
SRP259,4,136.0,4,4,Terceros,TRACTOMULA,0.22,4,0.22,0.03
SRP293,15,461.646,15,10,Empresas,TRACTOMULA,0.84,9,0.5,0.11
SRP392,1,8.946,1,1,Empresas,TRACTOMULA,0.06,1,0.06,0.01
SRP393,6,192.025,6,3,Empresas,TRACTOMULA,0.34,4,0.22,0.05
SRP482,15,487.767,15,3,Empresas,TRACTOMULA,0.84,6,0.33,0.11
SRP558,1,34.5,1,1,Empresas,TRACTOMULA,0.06,1,0.06,0.01
SRP617,1,27.0,1,1,Empresas,TRACTOMULA,0.06,1,0.06,0.01
SRP641,2,63.528999999999996,2,1,Empresas,TRACTOMULA,0.11,2,0.11,0.01
SRP659,1,32.978,1,1,Empresas,TRACTOMULA,0.06,1,0.06,0.01
SRP660,1,34.5,1,1,Empresas,TRACTOMULA,0.06,1,0.06,0.01
SRP665,3,68.4,3,3,Empresas,TRACTOMULA,0.17,3,0.17,0.02
SRP668,3,103.5,3,2,Empresas,TRACTOMULA,0.17,2,0.11,0.02
SRP726,44,305.822,43,18,Terceros,SENCILLO,2.46,18,1.0,0.33
SRP744,1,19.332,1,1,Empresas,TRACTOMULA,0.06,1,0.06,0.01
SRP745,3,103.5,3,2,Empresas,TRACTOMULA,0.17,3,0.17,0.02
SRP779,3,12.553,3,3,Empresas,TURBO,0.17,3,0.17,0.02
SRP806,3,87.915,3,1,Empresas,TRACTOMULA,0.17,3,0.17,0.02
SRP819,1,34.5,1,1,Empresas,TRACTOMULA,0.06,1,0.06,0.01
SRP840,1,33.048,1,1,Empresas,TRACTOMULA,0.06,1,0.06,0.01
SRP849,15,121.8,15,13,Terceros,SENCILLO,0.84,5,0.28,0.11
SRP853,19,164.796,19,16,Terceros,SENCILLO,1.06,7,0.39,0.14
SRP890,1,16.592,1,1,Empresas,TRACTOMULA,0.06,1,0.06,0.01
SRR081,1,7.525,1,1,Empresas,TRACTOMULA,0.06,1,0.06,0.01
SRR742,232,2042.971,224,20,Terceros,SENCILLO,12.96,17,0.94,1.5
SRR784,1,13.197,1,1,Empresas,TRACTOMULA,0.06,1,0.06,0.01
SRR926,1,11.111,1,1,Empresas,TRACTOMULA,0.06,1,0.06,0.01
SRR970,1,7.3999999999999995,1,1,Empresas,SENCILLO,0.06,1,0.06,0.01
SRS022,1,14.88,1,1,Empresas,DOBLETROQUE,0.06,1,0.06,0.01
SRS042,1,6.969,1,1,Empresas,SENCILLO,0.06,1,0.06,0.01
SRS178,5,126.405,5,2,Empresas,TRACTOMULA,0.28,3,0.17,0.04
SRS195,1,8.562,1,1,Empresas,SENCILLO,0.06,1,0.06,0.01
SRS205,1,7.731,1,1,Empresas,SENCILLO,0.06,1,0.06,0.01
SRS306,1,6.032,1,1,Empresas,SENCILLO,0.06,1,0.06,0.01
SRX934,1,16.437,1,1,Empresas,DOBLETROQUE,0.06,1,0.06,0.01
SRY700,1,6.7,1,1,Empresas,SENCILLO,0.06,1,0.06,0.01
SRZ338,112,970.77,102,18,Terceros,SENCILLO,6.26,7,0.39,0.83
SRZ457,215,3459.037,195,31,Terceros,DOBLETROQUE,12.01,14,0.78,1.5
SRZ759,103,866.828,103,51,Terceros,SENCILLO,5.75,18,1.0,0.76
SRZ929,10,292.604,10,9,Terceros,TRACTOMULA,0.56,7,0.39,0.07
SRZ965,3,94.0,3,1,Empresas,TRACTOMULA,0.17,2,0.11,0.02
SSA079,1,31.974,1,1,Empresas,TRACTOMULA,0.06,1,0.06,0.01
SSA103,37,1258.0,36,14,Terceros,TRACTOMULA,2.07,13,0.72,0.27
SSA104,49,1666.0,47,18,Terceros,TRACTOMULA,2.74,12,0.67,0.36
SSA105,1,20.0,1,1,Empresas,TRACTOMULA,0.06,1,0.06,0.01
SSE241,37,331.86199999999997,31,9,Terceros,SENCILLO,2.07,8,0.44,0.27
SSG395,1,33.451,1,1,Empresas,TRACTOMULA,0.06,1,0.06,0.01
SSK253,100,1568.588,100,27,Terceros,DOBLETROQUE,5.59,18,1.0,0.74
SSL043.,1,33.109,1,1,Empresas,TRACTOMULA,0.06,1,0.06,0.01
SSL439,1,7.319,1,1,Empresas,TRACTOMULA,0.06,1,0.06,0.01
SSL504,1,20.029,1,1,Empresas,TRACTOMULA,0.06,1,0.06,0.01
SSM704,8,60.084,8,4,Terceros,SENCILLO,0.45,7,0.39,0.06
SSM708,31,233.689,31,19,Terceros,SENCILLO,1.73,15,0.83,0.23
SSM710,1,6.347,1,1,Terceros,SENCILLO,0.06,1,0.06,0.01
SSM713,8,57.231,8,6,Terceros,SENCILLO,0.45,6,0.33,0.06
SSM715,19,122.395,19,10,Terceros,SENCILLO,1.06,8,0.44,0.14
SSM720,16,100.5,15,12,Terceros,SENCILLO,0.89,7,0.39,0.12
SSM770,34,252.877,34,19,Terceros,SENCILLO,1.9,15,0.83,0.25
SSM810,3,25.835,3,3,Terceros,SENCILLO,0.17,2,0.11,0.02
SSM814,18,124.884,18,13,Terceros,SENCILLO,1.01,13,0.72,0.13
SSM817,4,28.569000000000003,4,4,Terceros,SENCILLO,0.22,3,0.17,0.03
SSP982,2,69.0,2,1,Empresas,TRACTOMULA,0.11,2,0.11,0.01
SSQ051,1,24.75,1,1,Empresas,TRACTOMULA,0.06,1,0.06,0.01
SSQ108,26,785.501,26,20,Terceros,TRACTOMULA,1.45,15,0.83,0.19
SSQ134,6,197.606,6,6,Terceros,TRACTOMULA,0.34,3,0.17,0.05
SSQ158,9,310.5,9,2,Empresas,TRACTOMULA,0.5,7,0.39,0.07
SSQ161,2,64.623,2,1,Empresas,TRACTOMULA,0.11,2,0.11,0.01
SSQ164,1,34.5,1,1,Empresas,TRACTOMULA,0.06,1,0.06,0.01
SSQ211,1028,34952.0,137,1,Flota Propia,TRACTOMULA,57.42,18,1.0,1.5
SSQ401,15,510.0,15,8,Terceros,TRACTOMULA,0.84,4,0.22,0.11
SSQ406,1,34.5,1,1,Empresas,TRACTOMULA,0.06,1,0.06,0.01
SSQ432,2,65.4,2,1,Empresas,TRACTOMULA,0.11,2,0.11,0.01
SSQ470,9,71.184,9,5,Terceros,SENCILLO,0.5,7,0.39,0.07
SSQ522,1,6.533,1,1,Empresas,SENCILLO,0.06,1,0.06,0.01
SSQ524,2,16.921,2,2,Empresas,SENCILLO,0.11,2,0.11,0.01
SSQ527,1,8.941,1,1,Empresas,SENCILLO,0.06,1,0.06,0.01
SSQ595,3,96.99799999999999,3,3,Empresas,TRACTOMULA,0.17,3,0.17,0.02
SSQ990,1,19.627,1,1,Empresas,TRACTOMULA,0.06,1,0.06,0.01
SSR052,8,125.002,8,4,Empresas,DOBLETROQUE,0.45,5,0.28,0.06
SSR138,54,1549.121,53,20,Terceros,TRACTOMULA,3.02,18,1.0,0.4
SSR139,1,32.150999999999996,1,1,Empresas,TRACTOMULA,0.06,1,0.06,0.01
SSR191,2,16.723,2,2,Empresas,SENCILLO,0.11,2,0.11,0.01
SSR285,165,4750.903,162,61,Flota Propia,TRACTOMULA,9.22,17,0.94,1.22
SSR286,154,4539.282,150,54,Flota Propia,TRACTOMULA,8.6,18,1.0,1.14
SSR287,153,4440.396,151,62,Flota Propia,TRACTOMULA,8.55,17,0.94,1.13
SSR288,160,4563.57,157,53,Flota Propia,TRACTOMULA,8.94,17,0.94,1.19
SSR289,148,4273.985,140,74,Flota Propia,TRACTOMULA,8.27,18,1.0,1.1
SSR290,156,4325.073,152,53,Flota Propia,TRACTOMULA,8.71,18,1.0,1.16
SSR291,172,4717.082,160,49,Flota Propia,TRACTOMULA,9.61,17,0.94,1.27
SSR292,175,5009.72,171,63,Flota Propia,TRACTOMULA,9.77,18,1.0,1.3
SSR293,186,5365.241,166,52,Flota Propia,TRACTOMULA,10.39,18,1.0,1.38
SSR294,167,4860.963,165,67,Flota Propia,TRACTOMULA,9.33,18,1.0,1.24
SSR297,34,927.6940000000001,34,19,Flota Propia,TRACTOMULA,1.9,5,0.28,0.25
SSR305,11,286.923,11,11,Flota Propia,TRACTOMULA,0.61,2,0.11,0.08
SSR331,175,4770.805,158,58,Flota Propia,TRACTOMULA,9.77,18,1.0,1.3
SSR334,101,2866.649,99,48,Flota Propia,TRACTOMULA,5.64,12,0.67,0.75
SSR342,59,1471.519,53,36,Flota Propia,TRACTOMULA,3.3,9,0.5,0.44
SSR348,77,2113.193,65,38,Flota Propia,TRACTOMULA,4.3,8,0.44,0.57
SSR351,164,2773.815,162,33,Flota Propia,TRACTOMULA,9.16,14,0.78,1.21
SSR740,1,26.421,1,1,Empresas,TRACTOMULA,0.06,1,0.06,0.01
SSR796,5,142.786,5,2,Terceros,TRACTOMULA,0.28,4,0.22,0.04
SST020,3,86.0,3,3,Terceros,TRACTOMULA,0.17,3,0.17,0.02
SST082,1,32.0,1,1,Empresas,TRACTOMULA,0.06,1,0.06,0.01
SST253,23,433.853,23,7,Empresas,TRACTOMULA,1.28,12,0.67,0.17
SST893,2,62.498000000000005,2,2,Empresas,TRACTOMULA,0.11,1,0.06,0.01
SSW038,1,8.488,1,1,Empresas,SENCILLO,0.06,1,0.06,0.01
SSW310,1,32.83,1,1,Empresas,TRACTOMULA,0.06,1,0.06,0.01
SSW329,14,439.067,14,11,Terceros,TRACTOMULA,0.78,10,0.56,0.1
SSW622,1,34.5,1,1,Empresas,TRACTOMULA,0.06,1,0.06,0.01
SSW662,1,34.0,1,1,Empresas,TRACTOMULA,0.06,1,0.06,0.01
SSW697,18,520.068,17,11,Terceros,TRACTOMULA,1.01,7,0.39,0.13
SSW812,2,53.668,2,1,Empresas,TRACTOMULA,0.11,1,0.06,0.01
SSW822,1,7.722,1,1,Terceros,SENCILLO,0.06,1,0.06,0.01
SSX034,1,34.5,1,1,Empresas,TRACTOMULA,0.06,1,0.06,0.01
SSX719,13,448.5,13,2,Empresas,TRACTOMULA,0.73,7,0.39,0.1
SSX808,1,3.46,1,1,Empresas,TURBO,0.06,1,0.06,0.01
SSX926,1,34.5,1,1,Empresas,TRACTOMULA,0.06,1,0.06,0.01
SSX948,1,30.312,1,1,Empresas,TRACTOMULA,0.06,1,0.06,0.01
SSY118,3,98.989,3,3,Empresas,TRACTOMULA,0.17,3,0.17,0.02
SSY312,4,128.315,4,4,Empresas,TRACTOMULA,0.22,3,0.17,0.03
SSY448,2,64.691,2,1,Empresas,TRACTOMULA,0.11,2,0.11,0.01
SSY481,1,33.573,1,1,Empresas,TRACTOMULA,0.06,1,0.06,0.01
SSY527,1,33.0,1,1,Empresas,TRACTOMULA,0.06,1,0.06,0.01
SSY560,7,78.96799999999999,7,2,Empresas,TRACTOMULA,0.39,5,0.28,0.05
SSY579,1,32.8,1,1,Empresas,TRACTOMULA,0.06,1,0.06,0.01
SSY592,1,32.847,1,1,Empresas,TRACTOMULA,0.06,1,0.06,0.01
SSY640,1,19.113,1,1,Empresas,TRACTOMULA,0.06,1,0.06,0.01
SSY671,2,58.0,2,2,Empresas,TRACTOMULA,0.11,2,0.11,0.01
SSY672,3,98.596,3,3,Empresas,TRACTOMULA,0.17,2,0.11,0.02
SSY710,1,9.986,1,1,Terceros,TRACTOMULA,0.06,1,0.06,0.01
SSY740,8,225.375,7,3,Empresas,TRACTOMULA,0.45,4,0.22,0.06
SSZ042,2,58.78399999999999,2,2,Empresas,TRACTOMULA,0.11,2,0.11,0.01
SSZ044,1,10.152,1,1,Empresas,TRACTOMULA,0.06,1,0.06,0.01
SSZ047,1,31.818,1,1,Empresas,TRACTOMULA,0.06,1,0.06,0.01
SSZ060,1,33.476,1,1,Empresas,TRACTOMULA,0.06,1,0.06,0.01
SSZ080,1,33.0,1,1,Empresas,TRACTOMULA,0.06,1,0.06,0.01
SSZ149,1,28.32,1,1,Empresas,TRACTOMULA,0.06,1,0.06,0.01
SSZ206,1,20.072,1,1,Empresas,TRACTOMULA,0.06,1,0.06,0.01
SSZ241,1,8.609,1,1,Empresas,SENCILLO,0.06,1,0.06,0.01
SSZ261,5,134.018,5,3,Empresas,TRACTOMULA,0.28,4,0.22,0.04
SSZ279,9,310.0,9,3,Empresas,TRACTOMULA,0.5,5,0.28,0.07
SSZ285,5,172.0,5,3,Empresas,TRACTOMULA,0.28,3,0.17,0.04
SSZ403,2,69.0,2,1,Empresas,TRACTOMULA,0.11,1,0.06,0.01
SSZ476,1,32.0,1,1,Terceros,TRACTOMULA,0.06,1,0.06,0.01
SSZ481,6,190.31400000000002,6,4,Empresas,TRACTOMULA,0.34,5,0.28,0.05
SSZ504,45,1400.928,44,7,Terceros,TRACTOMULA,2.51,17,0.94,0.33
SSZ561,1,33.0,1,1,Empresas,TRACTOMULA,0.06,1,0.06,0.01
SSZ575,7,219.228,7,3,Empresas,TRACTOMULA,0.39,3,0.17,0.05
SSZ626,2,59.235,2,2,Empresas,TRACTOMULA,0.11,2,0.11,0.01
SSZ648,1,32.792,1,1,Empresas,TRACTOMULA,0.06,1,0.06,0.01
SSZ668,2,59.108999999999995,2,2,Empresas,TRACTOMULA,0.11,2,0.11,0.01
SSZ677,1,22.85,1,1,Empresas,TRACTOMULA,0.06,1,0.06,0.01
SSZ708,1,32.381,1,1,Empresas,TRACTOMULA,0.06,1,0.06,0.01
SSZ742,1,30.04199999999999,1,1,Empresas,TRACTOMULA,0.06,1,0.06,0.01
SSZ822,1,32.005,1,1,Empresas,TRACTOMULA,0.06,1,0.06,0.01
SSZ863,3,97.788,3,1,Empresas,TRACTOMULA,0.17,3,0.17,0.02
SSZ917,18,597.711,18,9,Terceros,TRACTOMULA,1.01,10,0.56,0.13
SSZ951,60,1613.482,60,28,Terceros,TRACTOMULA,3.35,18,1.0,0.44
SSZ994,54,1702.141,53,31,Terceros,TRACTOMULA,3.02,15,0.83,0.4
STA070,3,87.877,3,2,Empresas,TRACTOMULA,0.17,2,0.11,0.02
STA193,3,68.5,2,2,Empresas,TRACTOMULA,0.17,2,0.11,0.02
STA389,9,310.5,9,1,Empresas,TRACTOMULA,0.5,6,0.33,0.07
STA398,5,154.40900000000002,5,5,Empresas,TRACTOMULA,0.28,5,0.28,0.04
STA498,1,32.443,1,1,Empresas,TRACTOMULA,0.06,1,0.06,0.01
STA574,1,8.249,1,1,Empresas,SENCILLO,0.06,1,0.06,0.01
STA578,2,65.33,2,2,Empresas,TRACTOMULA,0.11,1,0.06,0.01
STA613,18,266.656,17,11,Empresas,DOBLETROQUE,1.01,10,0.56,0.13
STA620,8,241.965,8,7,Terceros,TRACTOMULA,0.45,6,0.33,0.06
STA714,1,33.189,1,1,Empresas,TRACTOMULA,0.06,1,0.06,0.01
STB297,1,4.3,1,1,Empresas,TURBO,0.06,1,0.06,0.01
STC080,284,1246.45,129,13,Terceros,TURBO,15.86,7,0.39,1.5
STD843,1,11.367,1,1,Empresas,TRACTOMULA,0.06,1,0.06,0.01
STD963,1,6.903,1,1,Empresas,SENCILLO,0.06,1,0.06,0.01
STD976,24,170.39600000000002,24,4,Empresas,SENCILLO,1.34,4,0.22,0.18
STE041,5,122.725,3,2,Empresas,TRACTOMULA,0.28,3,0.17,0.04
STE063,2,8.0,2,2,Empresas,SENCILLO,0.11,2,0.11,0.01
STE171,1,11.094,1,1,Empresas,TRACTOMULA,0.06,1,0.06,0.01
STE207,1,4.2,1,1,Empresas,TURBO,0.06,1,0.06,0.01
STE214,11,82.136,11,3,Empresas,SENCILLO,0.61,7,0.39,0.08
STE367,1,22.095,1,1,Empresas,TRACTOMULA,0.06,1,0.06,0.01
STE371,2,37.152,2,2,Empresas,TRACTOMULA,0.11,2,0.11,0.01
STE439,2,34.628,2,2,Empresas,TRACTOMULA,0.11,1,0.06,0.01
STE453,2,64.485,2,2,Empresas,TRACTOMULA,0.11,2,0.11,0.01
STE455,2,62.113,2,2,Empresas,TRACTOMULA,0.11,2,0.11,0.01
STE467,1,29.608000000000004,1,1,Empresas,TRACTOMULA,0.06,1,0.06,0.01
STE468,20,153.001,19,2,Empresas,SENCILLO,1.12,9,0.5,0.15
STE469,1,33.0,1,1,Empresas,TRACTOMULA,0.06,1,0.06,0.01
STE488,1,8.231,1,1,Terceros,SENCILLO,0.06,1,0.06,0.01
STE537,1,32.932,1,1,Empresas,TRACTOMULA,0.06,1,0.06,0.01
STE538,1,33.0,1,1,Empresas,TRACTOMULA,0.06,1,0.06,0.01
STE541,1,24.258,1,1,Empresas,TRACTOMULA,0.06,1,0.06,0.01
STE571,2,64.13900000000001,2,1,Empresas,TRACTOMULA,0.11,2,0.11,0.01
STH083,5,146.89100000000002,5,5,Terceros,TRACTOMULA,0.28,3,0.17,0.04
STI826,13,51.425,12,9,Empresas,TURBO,0.73,5,0.28,0.1
STI846,2,32.595,2,1,Empresas,TRACTOMULA,0.11,2,0.11,0.01
STI860,1,7.696,1,1,Empresas,TRACTOMULA,0.06,1,0.06,0.01
STI928,1,12.531,1,1,Empresas,TRACTOMULA,0.06,1,0.06,0.01
STI948,1,19.197,1,1,Empresas,TRACTOMULA,0.06,1,0.06,0.01
STI961,2,41.657,2,2,Terceros,TRACTOMULA,0.11,2,0.11,0.01
STI973,1,17.108,1,1,Empresas,TRACTOMULA,0.06,1,0.06,0.01
STI976,1,3.228,1,1,Empresas,TRACTOMULA,0.06,1,0.06,0.01
STI983,1,24.0,1,1,Terceros,TRACTOMULA,0.06,1,0.06,0.01
STI998,21,663.511,21,18,Terceros,TRACTOMULA,1.17,9,0.5,0.16
STJ025,1,18.76,1,1,Empresas,TRACTOMULA,0.06,1,0.06,0.01
STJ040,1,25.375,1,1,Empresas,TRACTOMULA,0.06,1,0.06,0.01
STJ057,4,99.717,4,3,Empresas,TRACTOMULA,0.22,4,0.22,0.03
STJ150,6,51.662,6,5,Terceros,SENCILLO,0.34,2,0.11,0.05
STJ199,20,79.934,20,3,Terceros,TURBO,1.12,8,0.44,0.15
STM596,376,8116.113,81,3,Empresas,TRACTOMULA,21.0,10,0.56,1.5
STO172,1,15.79,1,1,Empresas,TRACTOMULA,0.06,1,0.06,0.01
STO185,12,216.008,12,2,Empresas,TRACTOMULA,0.67,9,0.5,0.09
STO186,8,142.893,8,1,Empresas,TRACTOMULA,0.45,7,0.39,0.06
STO272,17,261.73900000000003,17,4,Empresas,DOBLETROQUE,0.95,6,0.33,0.13
STO392,2,69.0,2,1,Empresas,TRACTOMULA,0.11,1,0.06,0.01
STO412,3,50.852,3,1,Empresas,TRACTOMULA,0.17,3,0.17,0.02
STO421,1,29.168,1,1,Empresas,TRACTOMULA,0.06,1,0.06,0.01
STO438,11,334.3,11,9,Terceros,TRACTOMULA,0.61,5,0.28,0.08
STO526,1,7.356,1,1,Empresas,SENCILLO,0.06,1,0.06,0.01
STP116,41,161.119,41,11,Terceros,TURBO,2.29,15,0.83,0.3
STP205,1,4.089,1,1,Terceros,TURBO,0.06,1,0.06,0.01
STP549,1,16.348,1,1,Empresas,TRACTOMULA,0.06,1,0.06,0.01
STQ209,2,7.393,2,2,Empresas,TURBO,0.11,2,0.11,0.01
STQ770,1,3.311,1,1,Empresas,SENCILLO,0.06,1,0.06,0.01
STR647,2,8.485,2,1,Empresas,TURBO,0.11,1,0.06,0.01
STR692,11,90.08200000000001,11,7,Terceros,SENCILLO,0.61,5,0.28,0.08
STR779,1,34.5,1,1,Empresas,TRACTOMULA,0.06,1,0.06,0.01
STR867,1,33.066,1,1,Terceros,TRACTOMULA,0.06,1,0.06,0.01
STR870,5,117.036,5,3,Empresas,TRACTOMULA,0.28,3,0.17,0.04
STR871,1,30.772,1,1,Terceros,TRACTOMULA,0.06,1,0.06,0.01
STR907,1,15.677,1,1,Empresas,TRACTOMULA,0.06,1,0.06,0.01
STR971,2,45.739999999999995,2,2,Empresas,TRACTOMULA,0.11,2,0.11,0.01
STR973,1,30.0,1,1,Empresas,TRACTOMULA,0.06,1,0.06,0.01
STR974,1,31.231,1,1,Empresas,TRACTOMULA,0.06,1,0.06,0.01
STR984,2,31.967,2,2,Empresas,TRACTOMULA,0.11,2,0.11,0.01
STS122,135,880.862,130,15,Terceros,TURBO,7.54,17,0.94,1.0
STS185,5,119.725,5,2,Empresas,TRACTOMULA,0.28,3,0.17,0.04
STS189,1,24.566,1,1,Empresas,TRACTOMULA,0.06,1,0.06,0.01
STS228,1,12.408,1,1,Empresas,TRACTOMULA,0.06,1,0.06,0.01
STS233,1,29.394,1,1,Empresas,TRACTOMULA,0.06,1,0.06,0.01
STS236,1,18.869,1,1,Empresas,TRACTOMULA,0.06,1,0.06,0.01
STS238,2,25.576999999999998,2,1,Empresas,TRACTOMULA,0.11,2,0.11,0.01
STS334,2,52.514,2,2,Empresas,TRACTOMULA,0.11,2,0.11,0.01
STS336,1,33.0,1,1,Empresas,TRACTOMULA,0.06,1,0.06,0.01
STS337,2,64.301,2,2,Empresas,TRACTOMULA,0.11,2,0.11,0.01
STS345,3,88.2,3,2,Empresas,TRACTOMULA,0.17,2,0.11,0.02
STS478,2,32.847,2,2,Empresas,TRACTOMULA,0.11,2,0.11,0.01
STT017,12,339.906,12,5,Empresas,TRACTOMULA,0.67,9,0.5,0.09
STT038,15,128.708,15,9,Terceros,SENCILLO,0.84,3,0.17,0.11
STT632,16,61.673,15,3,Terceros,TURBO,0.89,6,0.33,0.12
STT684,127,1098.554,94,9,Terceros,SENCILLO,7.09,6,0.33,0.94
STT751,1,3.789,1,1,Terceros,SENCILLO,0.06,1,0.06,0.01
STT838,15,113.418,15,12,Terceros,SENCILLO,0.84,13,0.72,0.11
STU055,104,1370.884,101,36,Terceros,DOBLETROQUE,5.81,18,1.0,0.77
STU072,1,30.03,1,1,Empresas,TRACTOMULA,0.06,1,0.06,0.01
STU121,2,37.613,2,2,Empresas,TRACTOMULA,0.11,2,0.11,0.01
STU142,69,1990.829,66,43,Terceros,TRACTOMULA,3.85,18,1.0,0.51
STU393,1,32.5,1,1,Empresas,TRACTOMULA,0.06,1,0.06,0.01
STV060,2,30.392000000000003,2,1,Empresas,TRACTOMULA,0.11,2,0.11,0.01
STV503,2,64.223,2,2,Terceros,TRACTOMULA,0.11,2,0.11,0.01
STV803,1,3.9,1,1,Empresas,TURBO,0.06,1,0.06,0.01
STV896,1,27.2,1,1,Empresas,TRACTOMULA,0.06,1,0.06,0.01
STW298,2,52.72,2,1,Empresas,TRACTOMULA,0.11,1,0.06,0.01
STW636,1,23.604000000000003,1,1,Empresas,TRACTOMULA,0.06,1,0.06,0.01
STW757,63,1723.908,60,30,Terceros,TRACTOMULA,3.52,12,0.67,0.47
STX065,1,16.595,1,1,Terceros,TRACTOMULA,0.06,1,0.06,0.01
STX824,355,2816.764,302,43,Terceros,SENCILLO,19.83,18,1.0,1.5
STX836,1,33.0,1,1,Terceros,TRACTOMULA,0.06,1,0.06,0.01
STY475,3,5.226,3,1,Empresas,TURBO,0.17,2,0.11,0.02
STY503,1,9.039,1,1,Empresas,SENCILLO,0.06,1,0.06,0.01
STZ008,34,135.619,29,13,Terceros,TURBO,1.9,3,0.17,0.25
STZ113,3,23.562,3,3,Terceros,SENCILLO,0.17,3,0.17,0.02
STZ118,521,13405.079,225,9,Terceros,TRACTOMULA,29.1,18,1.0,1.5
STZ382,4,102.71600000000001,4,1,Empresas,TRACTOMULA,0.22,4,0.22,0.03
STZ447,12,43.205,12,8,Empresas,TURBO,0.67,8,0.44,0.09
STZ824,7,104.39,7,2,Empresas,TRACTOMULA,0.39,5,0.28,0.05
STZ826,1,7.743,1,1,Empresas,TRACTOMULA,0.06,1,0.06,0.01
STZ830,1,27.0,1,1,Empresas,TRACTOMULA,0.06,1,0.06,0.01
STZ832,10,187.726,10,5,Empresas,TRACTOMULA,0.56,6,0.33,0.07
STZ873,69,1087.197,69,31,Terceros,DOBLETROQUE,3.85,18,1.0,0.51
SUA044,16,249.814,16,12,Terceros,DOBLETROQUE,0.89,9,0.5,0.12
SUA145,90,1335.518,79,11,Terceros,CUATROMANOS,5.03,18,1.0,0.67
SUA232,268,3930.105,242,11,Terceros,DOBLETROQUE,14.97,17,0.94,1.5
SUA369,273,4077.921,245,11,Terceros,DOBLETROQUE,15.25,18,1.0,1.5
SUA373,9,145.943,9,7,Terceros,DOBLETROQUE,0.5,6,0.33,0.07
SUA465,6,193.357,6,4,Terceros,TRACTOMULA,0.34,5,0.28,0.05
SUA549,50,784.897,50,9,Terceros,DOBLETROQUE,2.79,16,0.89,0.37
SUA646,82,1257.878,81,31,Terceros,DOBLETROQUE,4.58,18,1.0,0.61
SUA812,87,779.021,72,29,Terceros,SENCILLO,4.86,11,0.61,0.64
SUA827,27,432.266,27,15,Terceros,CUATROMANOS,1.51,15,0.83,0.2
SUB874,1,33.268,1,1,Empresas,TRACTOMULA,0.06,1,0.06,0.01
SUB989,42,1335.551,42,4,Terceros,TRACTOMULA,2.35,12,0.67,0.31
SUC134,12,186.883,12,10,Terceros,DOBLETROQUE,0.67,6,0.33,0.09
SUC312,9,138.072,9,9,Terceros,DOBLETROQUE,0.5,6,0.33,0.07
SUC584,8,251.622,8,6,Terceros,TRACTOMULA,0.45,7,0.39,0.06
SUC649,11,176.635,11,6,Terceros,DOBLETROQUE,0.61,10,0.56,0.08
SUC655,8,276.0,8,1,Empresas,TRACTOMULA,0.45,5,0.28,0.06
SUC675,1,29.363,1,1,Empresas,TRACTOMULA,0.06,1,0.06,0.01
SUC932,306,1625.179,294,2,Terceros,TRACTOMULA,17.09,18,1.0,1.5
SUD079,1,28.0,1,1,Empresas,TRACTOMULA,0.06,1,0.06,0.01
SUD210,1,16.432,1,1,Empresas,DOBLETROQUE,0.06,1,0.06,0.01
SUD420,237,2066.092,225,20,Terceros,SENCILLO,13.24,18,1.0,1.5
SUD511,3,35.132999999999996,3,3,Empresas,DOBLETROQUE,0.17,3,0.17,0.02
SUD622,2,16.068,2,2,Empresas,SENCILLO,0.11,2,0.11,0.01
SUD742,1,18.042,1,1,Empresas,TRACTOMULA,0.06,1,0.06,0.01
SUD756,1,6.658,1,1,Empresas,SENCILLO,0.06,1,0.06,0.01
SUD795,3,46.884,3,3,Empresas,DOBLETROQUE,0.17,3,0.17,0.02
SUD947,1,7.511,1,1,Empresas,SENCILLO,0.06,1,0.06,0.01
SUD971,2,24.378,2,2,Empresas,TRACTOMULA,0.11,2,0.11,0.01
SUD994,5,79.006,5,3,Empresas,DOBLETROQUE,0.28,4,0.22,0.04
SUE316,1,7.025,1,1,Empresas,SENCILLO,0.06,1,0.06,0.01
SUE640,4,18.831,4,3,Empresas,SENCILLO,0.22,3,0.17,0.03
SUE730,1,32.4,1,1,Empresas,TRACTOMULA,0.06,1,0.06,0.01
SUE788,1,30.105,1,1,Empresas,TRACTOMULA,0.06,1,0.06,0.01
SUE807,5,26.308,5,2,Empresas,SENCILLO,0.28,4,0.22,0.04
SUF157,2,62.144999999999996,2,1,Empresas,TRACTOMULA,0.11,2,0.11,0.01
SUJ105,2,16.405,2,2,Terceros,SENCILLO,0.11,1,0.06,0.01
SUJ142,21,323.318,21,15,Terceros,DOBLETROQUE,1.17,11,0.61,0.16
SUJ329,265,4082.66,255,10,Terceros,DOBLETROQUE,14.8,18,1.0,1.5
SUK013,96,808.634,96,48,Terceros,SENCILLO,5.36,17,0.94,0.71
SUK037,3,90.0,3,1,Empresas,TRACTOMULA,0.17,2,0.11,0.02
SUK053,2,7.558,2,2,Terceros,TURBO,0.11,1,0.06,0.01
SUK245,4,127.042,4,4,Empresas,TRACTOMULA,0.22,3,0.17,0.03
SUK451,3,88.0,2,3,Terceros,TRACTOMULA,0.17,2,0.11,0.02
SUK522,12,406.5,12,3,Empresas,TRACTOMULA,0.67,7,0.39,0.09
SUK890,7,206.71499999999997,7,6,Empresas,TRACTOMULA,0.39,5,0.28,0.05
SUL223,2,69.0,2,1,Empresas,TRACTOMULA,0.11,1,0.06,0.01
SUL287,2,62.17,2,2,Empresas,DOBLETROQUE,0.11,2,0.11,0.01
SUL385,1,19.703,1,1,Empresas,TRACTOMULA,0.06,1,0.06,0.01
SUL407,24,738.271,24,18,Terceros,TRACTOMULA,1.34,11,0.61,0.18
SUL455,2,64.482,2,2,Empresas,TRACTOMULA,0.11,2,0.11,0.01
SUL463,1,34.5,1,1,Empresas,TRACTOMULA,0.06,1,0.06,0.01
SUL569,1,31.702,1,1,Empresas,TRACTOMULA,0.06,1,0.06,0.01
SUL655,273,2365.546,258,21,Terceros,SENCILLO,15.25,18,1.0,1.5
SVA332,25,393.237,25,13,Terceros,DOBLETROQUE,1.4,14,0.78,0.19
SVA569,74,601.072,72,45,Terceros,SENCILLO,4.13,13,0.72,0.55
SVA612,3,66.051,3,1,Empresas,TRACTOMULA,0.17,3,0.17,0.02
SVA613,2,62.622,2,1,Empresas,TRACTOMULA,0.11,2,0.11,0.01
SVA683,1,34.5,1,1,Empresas,TRACTOMULA,0.06,1,0.06,0.01
SVA733,10,168.18200000000002,10,2,Empresas,TRACTOMULA,0.56,8,0.44,0.07
SVA781,144,1294.444,121,23,Terceros,SENCILLO,8.04,11,0.61,1.07
SVA868,1,31.986,1,1,Empresas,TRACTOMULA,0.06,1,0.06,0.01
SVB068,2,62.955,2,2,Empresas,TRACTOMULA,0.11,2,0.11,0.01
SVB292,1,34.5,1,1,Empresas,TRACTOMULA,0.06,1,0.06,0.01
SVB347,1,34.5,1,1,Empresas,TRACTOMULA,0.06,1,0.06,0.01
SVB429,5,135.938,5,5,Empresas,TRACTOMULA,0.28,4,0.22,0.04
SVB476,47,382.345,47,31,Terceros,SENCILLO,2.63,18,1.0,0.35
SVB692,1,33.174,1,1,Terceros,TRACTOMULA,0.06,1,0.06,0.01
SVC156,1,29.793,1,1,Empresas,TRACTOMULA,0.06,1,0.06,0.01
SVC715,20,157.37,20,17,Terceros,SENCILLO,1.12,4,0.22,0.15
SVC770,14,476.0,13,6,Empresas,TRACTOMULA,0.78,7,0.39,0.1
SVC825,1,8.967,1,1,Empresas,SENCILLO,0.06,1,0.06,0.01
SVC848,3,87.84,3,2,Empresas,TRACTOMULA,0.17,2,0.11,0.02
SVD048,1,31.651999999999997,1,1,Empresas,TRACTOMULA,0.06,1,0.06,0.01
SVD142,17,516.073,17,12,Terceros,TRACTOMULA,0.95,8,0.44,0.13
SVD262,2,63.852,2,2,Empresas,TRACTOMULA,0.11,2,0.11,0.01
SVD277,2,6.3420000000000005,2,2,Terceros,TURBO,0.11,1,0.06,0.01
SVD299,2,59.039,2,2,Empresas,TRACTOMULA,0.11,2,0.11,0.01
SVD324,1,31.391,1,1,Empresas,TRACTOMULA,0.06,1,0.06,0.01
SVD345,2,9.16,2,2,Empresas,SENCILLO,0.11,2,0.11,0.01
SVD406,1,4.216,1,1,Empresas,TURBO,0.06,1,0.06,0.01
SVD425,1,32.092,1,1,Empresas,TRACTOMULA,0.06,1,0.06,0.01
SVD435,1,31.557,1,1,Empresas,TRACTOMULA,0.06,1,0.06,0.01
SVD468,23,732.902,23,12,Terceros,TRACTOMULA,1.28,6,0.33,0.17
SVD527,2,59.87,2,1,Empresas,TRACTOMULA,0.11,2,0.11,0.01
SVD556,4,115.112,4,2,Empresas,TRACTOMULA,0.22,2,0.11,0.03
SVD711,7,23.523,7,7,Empresas,TURBO,0.39,5,0.28,0.05
SVD977,2,63.485,2,2,Empresas,TRACTOMULA,0.11,2,0.11,0.01
SVE719,1,33.239,1,1,Empresas,TRACTOMULA,0.06,1,0.06,0.01
SVE802,14,195.725,13,10,Terceros,DOBLETROQUE,0.78,2,0.11,0.1
SVE882,9,144.998,9,7,Terceros,DOBLETROQUE,0.5,6,0.33,0.07
SVE884,6,75.586,6,6,Terceros,DOBLETROQUE,0.34,5,0.28,0.05
SVE885,125,2002.842,122,48,Terceros,DOBLETROQUE,6.98,18,1.0,0.93
SVF241,1,3.0,1,1,Empresas,TURBO,0.06,1,0.06,0.01
SVF298,1,7.468,1,1,Empresas,SENCILLO,0.06,1,0.06,0.01
SVF350,1,7.0569999999999995,1,1,Empresas,SENCILLO,0.06,1,0.06,0.01
SVF399,1,16.613999999999997,1,1,Empresas,TRACTOMULA,0.06,1,0.06,0.01
SVF726,4,130.956,4,2,Empresas,TRACTOMULA,0.22,2,0.11,0.03
SVF762,1,32.447,1,1,Empresas,TRACTOMULA,0.06,1,0.06,0.01
SVF773,3,11.115,3,3,Empresas,TURBO,0.17,2,0.11,0.02
SVF804,1,16.376,1,1,Empresas,TRACTOMULA,0.06,1,0.06,0.01
SVF885,2,17.005,2,2,Empresas,SENCILLO,0.11,2,0.11,0.01
SVJ366,8,121.362,8,6,Terceros,DOBLETROQUE,0.45,5,0.28,0.06
SVJ382,289,2539.962,268,12,Terceros,SENCILLO,16.14,18,1.0,1.5
SVM133,1,15.133,1,1,Empresas,TRACTOMULA,0.06,1,0.06,0.01
SVM222,1,26.0,1,1,Empresas,TRACTOMULA,0.06,1,0.06,0.01
SVM334,11,293.083,11,3,Empresas,TRACTOMULA,0.61,7,0.39,0.08
SVM354,1,34.5,1,1,Empresas,TRACTOMULA,0.06,1,0.06,0.01
SVM559,1,17.0,1,1,Empresas,TRACTOMULA,0.06,1,0.06,0.01
SVM802,1,5.31,1,1,Empresas,SENCILLO,0.06,1,0.06,0.01
SVM810,1,3.982,1,1,Empresas,TURBO,0.06,1,0.06,0.01
SVM864,2,16.591,2,1,Empresas,TRACTOMULA,0.11,1,0.06,0.01
SVM970,2,24.296999999999997,2,1,Empresas,TRACTOMULA,0.11,1,0.06,0.01
SVO043,1,8.948000000000002,1,1,Empresas,TRACTOMULA,0.06,1,0.06,0.01
SVO073,322,1037.046,303,20,Terceros,TURBO,17.98,18,1.0,1.5
SVO155,3,49.675000000000004,3,3,Empresas,TRACTOMULA,0.17,3,0.17,0.02
SVO159,2,39.39,2,2,Empresas,TRACTOMULA,0.11,1,0.06,0.01
SVO172,2,31.966,2,2,Empresas,DOBLETROQUE,0.11,2,0.11,0.01
SVO192,281,899.899,268,19,Terceros,TURBO,15.69,18,1.0,1.5
SVO209,1,3.898,1,1,Empresas,TURBO,0.06,1,0.06,0.01
SVO362,2,31.907999999999998,2,1,Empresas,TRACTOMULA,0.11,2,0.11,0.01
SVO494,42,1096.036,41,26,Terceros,TRACTOMULA,2.35,16,0.89,0.31
SVO556,1,30.382,1,1,Empresas,TRACTOMULA,0.06,1,0.06,0.01
SVO628,57,1544.8700000000001,51,27,Terceros,TRACTOMULA,3.18,18,1.0,0.42
SVO680,1,25.9,1,1,Empresas,TRACTOMULA,0.06,1,0.06,0.01
SVO770,1,3.8779999999999997,1,1,Empresas,TURBO,0.06,1,0.06,0.01
SVO799,1,13.753,1,1,Empresas,TRACTOMULA,0.06,1,0.06,0.01
SVP156,3,99.12700000000001,3,3,Empresas,TRACTOMULA,0.17,3,0.17,0.02
SVP167,2,58.045,2,2,Empresas,TRACTOMULA,0.11,2,0.11,0.01
SVP758,1,29.804,1,1,Empresas,TRACTOMULA,0.06,1,0.06,0.01
SVP892,1,30.03,1,1,Empresas,TRACTOMULA,0.06,1,0.06,0.01
SVQ043,1,34.5,1,1,Empresas,TRACTOMULA,0.06,1,0.06,0.01
SVQ096,2,58.287000000000006,2,2,Empresas,TRACTOMULA,0.11,2,0.11,0.01
SVS329,53,1555.709,51,31,Terceros,TRACTOMULA,2.96,15,0.83,0.39
SWK013,1,27.0,1,1,Empresas,TRACTOMULA,0.06,1,0.06,0.01
SWK060,1,7.0,1,1,Empresas,SENCILLO,0.06,1,0.06,0.01
SWK074,77,647.378,77,27,Terceros,SENCILLO,4.3,18,1.0,0.57
SWK138,1,29.962000000000003,1,1,Empresas,TRACTOMULA,0.06,1,0.06,0.01
SWK258,1,24.0,1,1,Empresas,TRACTOMULA,0.06,1,0.06,0.01
SWK321,1,33.474000000000004,1,1,Empresas,TRACTOMULA,0.06,1,0.06,0.01
SWK322,1,13.369,1,1,Empresas,TRACTOMULA,0.06,1,0.06,0.01
SWK328,1,29.3,1,1,Empresas,TRACTOMULA,0.06,1,0.06,0.01
SWK352,1,27.0,1,1,Empresas,TRACTOMULA,0.06,1,0.06,0.01
SWK413,2,11.406,2,1,Empresas,TRACTOMULA,0.11,1,0.06,0.01
SWK441,1,8.188,1,1,Empresas,SENCILLO,0.06,1,0.06,0.01
SWK519,2,61.7,2,2,Empresas,TRACTOMULA,0.11,2,0.11,0.01
SWK534,5,166.014,5,3,Empresas,TRACTOMULA,0.28,4,0.22,0.04
SWK751,2,61.400999999999996,2,1,Empresas,TRACTOMULA,0.11,1,0.06,0.01
SWK839,2,69.0,2,1,Empresas,TRACTOMULA,0.11,2,0.11,0.01
SWK911,1,4.029,1,1,Empresas,SENCILLO,0.06,1,0.06,0.01
SWK936,1,33.168,1,1,Empresas,TRACTOMULA,0.06,1,0.06,0.01
SWK941,1,31.508,1,1,Empresas,TRACTOMULA,0.06,1,0.06,0.01
SWK942,1,20.307,1,1,Empresas,TRACTOMULA,0.06,1,0.06,0.01
SWK949,1,32.619,1,1,Empresas,TRACTOMULA,0.06,1,0.06,0.01
SWL013,1,34.5,1,1,Empresas,TRACTOMULA,0.06,1,0.06,0.01
SWL054,1,18.0,1,1,Empresas,TRACTOMULA,0.06,1,0.06,0.01
SWL057,2,15.0,2,1,Empresas,TRACTOMULA,0.11,1,0.06,0.01
SWL102,1,30.778,1,1,Empresas,TRACTOMULA,0.06,1,0.06,0.01
SWL103,2,69.0,2,2,Empresas,TRACTOMULA,0.11,2,0.11,0.01
SWL174,2,37.727,2,1,Empresas,TRACTOMULA,0.11,2,0.11,0.01
SWL197,1,8.303,1,1,Empresas,SENCILLO,0.06,1,0.06,0.01
SWL293,2,51.2,2,2,Empresas,TRACTOMULA,0.11,2,0.11,0.01
SWL303,20,613.689,20,14,Terceros,TRACTOMULA,1.12,7,0.39,0.15
SWL317,1,32.660000000000004,1,1,Empresas,TRACTOMULA,0.06,1,0.06,0.01
SWL406,1,31.379,1,1,Empresas,TRACTOMULA,0.06,1,0.06,0.01
SWL473,4,35.449,4,4,Terceros,SENCILLO,0.22,3,0.17,0.03
SWL502,1,33.327,1,1,Empresas,TRACTOMULA,0.06,1,0.06,0.01
SWL548,6,187.275,6,4,Terceros,TRACTOMULA,0.34,4,0.22,0.05
SWL658,11,359.897,11,2,Empresas,TRACTOMULA,0.61,9,0.5,0.08
SWL766,1,19.091,1,1,Empresas,TRACTOMULA,0.06,1,0.06,0.01
SWL814,1,8.668,1,1,Empresas,TRACTOMULA,0.06,1,0.06,0.01
SWL875,1,34.5,1,1,Empresas,TRACTOMULA,0.06,1,0.06,0.01
SWL929,1,30.0,1,1,Empresas,TRACTOMULA,0.06,1,0.06,0.01
SWL934,4,138.0,4,1,Empresas,TRACTOMULA,0.22,4,0.22,0.03
SWL996,3,83.0,3,1,Empresas,TRACTOMULA,0.17,2,0.11,0.02
SWM010,2,57.262,2,2,Empresas,TRACTOMULA,0.11,2,0.11,0.01
SWM019,8,78.212,8,1,Empresas,TRACTOMULA,0.45,7,0.39,0.06
SWM025,1,29.0,1,1,Empresas,TRACTOMULA,0.06,1,0.06,0.01
SWM080,1,34.5,1,1,Empresas,TRACTOMULA,0.06,1,0.06,0.01
SWM100,1,32.8,1,1,Empresas,TRACTOMULA,0.06,1,0.06,0.01
SWM178,1,12.748,1,1,Empresas,TRACTOMULA,0.06,1,0.06,0.01
SWM214,1,33.303,1,1,Empresas,TRACTOMULA,0.06,1,0.06,0.01
SWM226,2,54.716,2,1,Empresas,TRACTOMULA,0.11,1,0.06,0.01
SWM229,2,59.905,2,2,Empresas,TRACTOMULA,0.11,2,0.11,0.01
SWM292,1,18.0,1,1,Empresas,TRACTOMULA,0.06,1,0.06,0.01
SWM335,8,223.065,8,5,Terceros,TRACTOMULA,0.45,5,0.28,0.06
SWM371,69,529.999,69,12,Terceros,SENCILLO,3.85,18,1.0,0.51
SWM436,1,34.5,1,1,Empresas,TRACTOMULA,0.06,1,0.06,0.01
SWM467,87,329.972,85,37,Terceros,TURBO,4.86,18,1.0,0.64
SWM571,1,33.653,1,1,Terceros,TRACTOMULA,0.06,1,0.06,0.01
SWM583,5,41.211,5,1,Terceros,SENCILLO,0.28,1,0.06,0.04
SWM588,217,1864.852,205,36,Terceros,SENCILLO,12.12,18,1.0,1.5
SWM601,1,2.0,1,1,Empresas,TRACTOMULA,0.06,1,0.06,0.01
SWM604,1,4.5,1,1,Empresas,TRACTOMULA,0.06,1,0.06,0.01
SWM627,57,1758.534,55,33,Terceros,TRACTOMULA,3.18,18,1.0,0.42
SWM646,2,65.828,2,2,Empresas,TRACTOMULA,0.11,2,0.11,0.01
SWM727,1,33.567,1,1,Empresas,TRACTOMULA,0.06,1,0.06,0.01
SWM895,2,27.195,2,2,Empresas,TRACTOMULA,0.11,2,0.11,0.01
SWM926,1,33.349999999999994,1,1,Empresas,TRACTOMULA,0.06,1,0.06,0.01
SWM927,3,103.5,3,1,Empresas,TRACTOMULA,0.17,2,0.11,0.02
SWM998,10,345.0,10,1,Empresas,TRACTOMULA,0.56,7,0.39,0.07
SWN001,84,2693.65,83,16,Terceros,TRACTOMULA,4.69,18,1.0,0.62
SWN002,1,20.0,1,1,Empresas,TRACTOMULA,0.06,1,0.06,0.01
SWN012,1,0.854,1,1,Empresas,TRACTOMULA,0.06,1,0.06,0.01
SWN028,5,96.49499999999999,5,1,Empresas,TRACTOMULA,0.28,4,0.22,0.04
SWN032,1,19.658,1,1,Empresas,TRACTOMULA,0.06,1,0.06,0.01
SWN056,1,31.9,1,1,Empresas,TRACTOMULA,0.06,1,0.06,0.01
SWN071,1,34.5,1,1,Empresas,TRACTOMULA,0.06,1,0.06,0.01
SWN087,2,69.0,2,1,Empresas,TRACTOMULA,0.11,2,0.11,0.01
SWN113,1,18.101,1,1,Empresas,TRACTOMULA,0.06,1,0.06,0.01
SWN178,1,17.95,1,1,Empresas,TRACTOMULA,0.06,1,0.06,0.01
SWN181,47,1238.955,46,24,Terceros,TRACTOMULA,2.63,16,0.89,0.35
SWN247,6,206.5,6,2,Empresas,TRACTOMULA,0.34,5,0.28,0.05
SWN270,4,124.88300000000001,4,4,Terceros,TRACTOMULA,0.22,2,0.11,0.03
SWN276,52,1630.738,51,20,Terceros,TRACTOMULA,2.9,18,1.0,0.38
SWN331,1,34.5,1,1,Empresas,TRACTOMULA,0.06,1,0.06,0.01
SWN332,3,81.858,3,2,Empresas,TRACTOMULA,0.17,3,0.17,0.02
SWN333,1,31.871,1,1,Empresas,TRACTOMULA,0.06,1,0.06,0.01
SWN340,4,138.0,4,1,Empresas,TRACTOMULA,0.22,3,0.17,0.03
SWN348,1,34.5,1,1,Empresas,TRACTOMULA,0.06,1,0.06,0.01
SWN371,1,32.811,1,1,Empresas,TRACTOMULA,0.06,1,0.06,0.01
SWN384,48,755.408,48,31,Terceros,DOBLETROQUE,2.68,12,0.67,0.36
SWN438,1,32.982,1,1,Empresas,TRACTOMULA,0.06,1,0.06,0.01
SWN446,1,24.0,1,1,Empresas,TRACTOMULA,0.06,1,0.06,0.01
SWN456,203,1793.513,184,25,Terceros,SENCILLO,11.34,17,0.94,1.5
SWN487,117,950.58,114,40,Terceros,SENCILLO,6.53,16,0.89,0.87
SWN544,3,94.3,3,3,Terceros,TRACTOMULA,0.17,2,0.11,0.02
SWN561,1,28.254,1,1,Empresas,TRACTOMULA,0.06,1,0.06,0.01
SWN575,1,20.0,1,1,Empresas,TRACTOMULA,0.06,1,0.06,0.01
SWN579,1,31.497999999999998,1,1,Empresas,TRACTOMULA,0.06,1,0.06,0.01
SWN581,122,958.643,120,36,Terceros,SENCILLO,6.81,18,1.0,0.9
SWN585,3,91.31,3,2,Empresas,TRACTOMULA,0.17,3,0.17,0.02
SWN594,1,16.0,1,1,Terceros,TRACTOMULA,0.06,1,0.06,0.01
SWN614,3,80.834,3,3,Empresas,TRACTOMULA,0.17,2,0.11,0.02
SWN615,1,32.659,1,1,Empresas,TRACTOMULA,0.06,1,0.06,0.01
SWN623,2,60.260999999999996,2,2,Terceros,TRACTOMULA,0.11,1,0.06,0.01
SWN668,1,34.5,1,1,Empresas,TRACTOMULA,0.06,1,0.06,0.01
SWN686,1,2.868,1,1,Empresas,SENCILLO,0.06,1,0.06,0.01
SWN699,29,924.759,29,25,Terceros,TRACTOMULA,1.62,12,0.67,0.21
SWN717,1,33.645,1,1,Empresas,TRACTOMULA,0.06,1,0.06,0.01
SWN758,187,5824.664,174,19,Terceros,TRACTOMULA,10.44,18,1.0,1.38
SWN764,1,16.353,1,1,Empresas,TRACTOMULA,0.06,1,0.06,0.01
SWN781,1,4.835,1,1,Empresas,TRACTOMULA,0.06,1,0.06,0.01
SWN782,13,409.485,13,10,Empresas,TRACTOMULA,0.73,8,0.44,0.1
SWN801,12,121.80199999999999,12,1,Empresas,TRACTOMULA,0.67,9,0.5,0.09
SWN815,79,2464.492,79,39,Terceros,TRACTOMULA,4.41,18,1.0,0.58
SWN881,53,848.612,53,11,Terceros,DOBLETROQUE,2.96,17,0.94,0.39
SWN952,7,22.186999999999998,7,5,Empresas,SENCILLO,0.39,4,0.22,0.05
SWO054,3,91.648,3,2,Empresas,TRACTOMULA,0.17,2,0.11,0.02
SWO069,24,661.398,21,5,Empresas,TRACTOMULA,1.34,10,0.56,0.18
SWO148,15,372.24199999999996,15,8,Terceros,TRACTOMULA,0.84,9,0.5,0.11
SWO153,6,120.679,6,3,Empresas,TRACTOMULA,0.34,6,0.33,0.05
SWO159,50,729.417,49,10,Terceros,DOBLETROQUE,2.79,10,0.56,0.37
SWO205,1,30.902,1,1,Empresas,TRACTOMULA,0.06,1,0.06,0.01
SWO265,1,33.402,1,1,Terceros,TRACTOMULA,0.06,1,0.06,0.01
SWO266,1,4.146,1,1,Empresas,TURBO,0.06,1,0.06,0.01
SWO396,11,285.491,11,7,Terceros,TRACTOMULA,0.61,8,0.44,0.08
SWO464,1,22.0,1,1,Terceros,TRACTOMULA,0.06,1,0.06,0.01
SWO487,2,18.0,2,2,Terceros,SENCILLO,0.11,1,0.06,0.01
SWO594,2,65.786,2,2,Terceros,TRACTOMULA,0.11,1,0.06,0.01
SWO763,24,132.887,20,10,Terceros,SENCILLO,1.34,8,0.44,0.18
SWO937,3,24.914,3,3,Empresas,SENCILLO,0.17,2,0.11,0.02
SWP039,97,3145.582,97,10,Terceros,TRACTOMULA,5.42,18,1.0,0.72
SWP061,1,8.817,1,1,Empresas,SENCILLO,0.06,1,0.06,0.01
SWP097,9,246.858,9,7,Terceros,TRACTOMULA,0.5,4,0.22,0.07
SWP142,104,823.427,103,56,Terceros,SENCILLO,5.81,18,1.0,0.77
SWP267,2,65.149,2,2,Empresas,TRACTOMULA,0.11,2,0.11,0.01
SWP274,20,76.947,17,11,Terceros,TURBO,1.12,6,0.33,0.15
SWP436,1,14.998,1,1,Empresas,TRACTOMULA,0.06,1,0.06,0.01
SWP774,7,130.492,7,2,Empresas,TRACTOMULA,0.39,6,0.33,0.05
SWP783,4,128.514,4,4,Terceros,TRACTOMULA,0.22,4,0.22,0.03
SWQ007,94,319.847,93,24,Terceros,TURBO,5.25,18,1.0,0.7
SWQ168,13,195.771,13,3,Empresas,TRACTOMULA,0.73,7,0.39,0.1
SWQ202,1,31.1,1,1,Empresas,TRACTOMULA,0.06,1,0.06,0.01
SWQ256,8,135.382,8,3,Empresas,TRACTOMULA,0.45,7,0.39,0.06
SWQ343,2,64.995,2,1,Empresas,TRACTOMULA,0.11,2,0.11,0.01
SWQ350,1,15.602,1,1,Empresas,TRACTOMULA,0.06,1,0.06,0.01
SWW235,1,34.5,1,1,Empresas,TRACTOMULA,0.06,1,0.06,0.01
SWX207,2,67.069,2,2,Terceros,TRACTOMULA,0.11,2,0.11,0.01
SWX228,3,22.973,3,3,Terceros,SENCILLO,0.17,3,0.17,0.02
SXB887,1,33.644999999999996,1,1,Empresas,TRACTOMULA,0.06,1,0.06,0.01
SXC177,1,4.185,1,1,Empresas,TURBO,0.06,1,0.06,0.01
SXC915,3,9.35,3,2,Terceros,TURBO,0.17,1,0.06,0.02
SXD813,5,158.065,5,3,Empresas,TRACTOMULA,0.28,3,0.17,0.04
SXE095,1,34.5,1,1,Empresas,TRACTOMULA,0.06,1,0.06,0.01
SXE607,653,20894.0,212,2,Terceros,TRACTOMULA,36.47,18,1.0,1.5
SXF395,1,28.0,1,1,Empresas,TRACTOMULA,0.06,1,0.06,0.01
SXF546,1,3.376,1,1,Empresas,TURBO,0.06,1,0.06,0.01
SXF639,11,40.496,11,9,Terceros,TURBO,0.61,4,0.22,0.08
SXF730,3,11.26,3,3,Empresas,TURBO,0.17,2,0.11,0.02
SXF823,1,8.308,1,1,Empresas,SENCILLO,0.06,1,0.06,0.01
SXG387,2,15.943000000000001,2,2,Terceros,SENCILLO,0.11,1,0.06,0.01
SXG958,5,140.5,5,4,Empresas,TRACTOMULA,0.28,4,0.22,0.04
SXH076,29,110.881,29,12,Terceros,TURBO,1.62,12,0.67,0.21
SXH290,2,26.022000000000002,2,2,Terceros,SENCILLO,0.11,2,0.11,0.01
SXH827,12,43.018,12,6,Empresas,TURBO,0.67,8,0.44,0.09
SXI787,1,3.48,1,1,Empresas,SENCILLO,0.06,1,0.06,0.01
SXJ345,1,2.0,1,1,Empresas,TRACTOMULA,0.06,1,0.06,0.01
SXJ860,1,3.596,1,1,Empresas,TURBO,0.06,1,0.06,0.01
SXK501,2,60.06,2,1,Empresas,TRACTOMULA,0.11,2,0.11,0.01
SXK509,1,29.283,1,1,Empresas,TRACTOMULA,0.06,1,0.06,0.01
SXK511,1,31.9,1,1,Empresas,TRACTOMULA,0.06,1,0.06,0.01
SXK515,1,29.743000000000002,1,1,Empresas,TRACTOMULA,0.06,1,0.06,0.01
SXK522,2,65.83600000000001,2,2,Empresas,TRACTOMULA,0.11,2,0.11,0.01
SXL437,1,4.408,1,1,Empresas,SENCILLO,0.06,1,0.06,0.01
SXL559,18,284.102,18,8,Empresas,DOBLETROQUE,1.01,10,0.56,0.13
SXL661,1,34.5,1,1,Empresas,TRACTOMULA,0.06,1,0.06,0.01
SXL688,2,48.829,2,2,Empresas,TRACTOMULA,0.11,2,0.11,0.01
SXO736,2,64.132,2,1,Empresas,TRACTOMULA,0.11,2,0.11,0.01
SXO917,1,29.194,1,1,Empresas,TRACTOMULA,0.06,1,0.06,0.01
SXP125,5,92.072,3,3,Empresas,TRACTOMULA,0.28,2,0.11,0.04
SXP133,1,33.163,1,1,Empresas,TRACTOMULA,0.06,1,0.06,0.01
SXQ827,1,33.7,1,1,Empresas,TRACTOMULA,0.06,1,0.06,0.01
SXR204,1,33.0,1,1,Empresas,TRACTOMULA,0.06,1,0.06,0.01
SXR389,1,33.0,1,1,Empresas,TRACTOMULA,0.06,1,0.06,0.01
SXR438,32,970.731,32,17,Terceros,TRACTOMULA,1.79,16,0.89,0.24
SXR455,3,93.186,3,3,Empresas,TRACTOMULA,0.17,3,0.17,0.02
SXR508,10,314.145,10,3,Empresas,TRACTOMULA,0.56,5,0.28,0.07
SXR544,1,29.657999999999994,1,1,Empresas,TRACTOMULA,0.06,1,0.06,0.01
SXR598,2,64.678,2,2,Terceros,TRACTOMULA,0.11,2,0.11,0.01
SXR621,2,69.0,2,1,Empresas,TRACTOMULA,0.11,2,0.11,0.01
SXR640,1,20.13,1,1,Empresas,TRACTOMULA,0.06,1,0.06,0.01
SXR699,4,129.75300000000001,4,2,Empresas,TRACTOMULA,0.22,4,0.22,0.03
SXR706,3,74.063,3,3,Empresas,TRACTOMULA,0.17,3,0.17,0.02
SXR738,3,97.70100000000002,3,1,Empresas,TRACTOMULA,0.17,1,0.06,0.02
SXR745,1,14.288,1,1,Empresas,TRACTOMULA,0.06,1,0.06,0.01
SXR750,1,34.5,1,1,Empresas,TRACTOMULA,0.06,1,0.06,0.01
SXR861,1,30.618000000000002,1,1,Empresas,TRACTOMULA,0.06,1,0.06,0.01
SXR881,1,11.09,1,1,Empresas,TRACTOMULA,0.06,1,0.06,0.01
SXR947,1,33.080000000000005,1,1,Empresas,TRACTOMULA,0.06,1,0.06,0.01
SXR978,1,8.68,1,1,Empresas,SENCILLO,0.06,1,0.06,0.01
SXR985,1,33.0,1,1,Terceros,TRACTOMULA,0.06,1,0.06,0.01
SXS029,251,7481.931,240,8,Terceros,TRACTOMULA,14.02,18,1.0,1.5
SXS062,1,33.466,1,1,Empresas,TRACTOMULA,0.06,1,0.06,0.01
SXS065,1,34.5,1,1,Empresas,TRACTOMULA,0.06,1,0.06,0.01
SXS125,5,94.199,3,1,Empresas,TRACTOMULA,0.28,2,0.11,0.04
SXS135,10,171.804,10,7,Terceros,TRACTOMULA,0.56,6,0.33,0.07
SXS148,1,32.843,1,1,Empresas,TRACTOMULA,0.06,1,0.06,0.01
SXS190,1,32.824999999999996,1,1,Empresas,TRACTOMULA,0.06,1,0.06,0.01
SXS223,2,64.482,2,1,Empresas,TRACTOMULA,0.11,2,0.11,0.01
SXS232,1,18.584,1,1,Empresas,TRACTOMULA,0.06,1,0.06,0.01
SXS301,6,207.0,6,1,Empresas,TRACTOMULA,0.34,3,0.17,0.05
SXS314,1,34.5,1,1,Empresas,TRACTOMULA,0.06,1,0.06,0.01
SXS324,2,68.5,2,2,Empresas,TRACTOMULA,0.11,2,0.11,0.01
SXS349,1,31.05,1,1,Empresas,TRACTOMULA,0.06,1,0.06,0.01
SXS357,2,69.0,2,1,Empresas,TRACTOMULA,0.11,2,0.11,0.01
SXS377,3,86.886,3,3,Empresas,TRACTOMULA,0.17,2,0.11,0.02
SXS409,1,26.627000000000002,1,1,Empresas,TRACTOMULA,0.06,1,0.06,0.01
SXS434,1,33.0,1,1,Empresas,TRACTOMULA,0.06,1,0.06,0.01
SXS561,2,65.934,2,1,Empresas,TRACTOMULA,0.11,2,0.11,0.01
SXS581,1,32.083,1,1,Empresas,TRACTOMULA,0.06,1,0.06,0.01
SXS602,1,33.0,1,1,Empresas,TRACTOMULA,0.06,1,0.06,0.01
SXS668,1,29.444,1,1,Empresas,TRACTOMULA,0.06,1,0.06,0.01
SXS730,3,79.0,3,2,Empresas,TRACTOMULA,0.17,2,0.11,0.02
SXS735,1,8.742,1,1,Empresas,SENCILLO,0.06,1,0.06,0.01
SXS842,1,33.039,1,1,Empresas,TRACTOMULA,0.06,1,0.06,0.01
SXS923,1,33.565000000000005,1,1,Empresas,TRACTOMULA,0.06,1,0.06,0.01
SXS945,5,161.52599999999998,5,2,Empresas,TRACTOMULA,0.28,3,0.17,0.04
SXS958,3,89.372,3,2,Empresas,TRACTOMULA,0.17,3,0.17,0.02
SXS984,3,85.083,3,3,Terceros,TRACTOMULA,0.17,3,0.17,0.02
SXT066,1,33.547,1,1,Empresas,TRACTOMULA,0.06,1,0.06,0.01
SXT239,1,33.0,1,1,Terceros,TRACTOMULA,0.06,1,0.06,0.01
SXT302,1,33.069,1,1,Empresas,TRACTOMULA,0.06,1,0.06,0.01
SXT350,13,198.192,13,3,Empresas,DOBLETROQUE,0.73,6,0.33,0.1
SXT406,50,272.837,50,33,Terceros,SENCILLO,2.79,16,0.89,0.37
SXT644,4,129.998,4,3,Empresas,TRACTOMULA,0.22,3,0.17,0.03
SXT654,1,33.0,1,1,Empresas,TRACTOMULA,0.06,1,0.06,0.01
SXT836,1,14.902,1,1,Empresas,TRACTOMULA,0.06,1,0.06,0.01
SXU412,4,123.63400000000001,4,2,Empresas,TRACTOMULA,0.22,2,0.11,0.03
SXU417,87,737.269,85,55,Terceros,SENCILLO,4.86,18,1.0,0.64
SXU434,9,306.0,9,5,Empresas,TRACTOMULA,0.5,5,0.28,0.07
SXU445,1,34.5,1,1,Empresas,TRACTOMULA,0.06,1,0.06,0.01
SXU545,5,46.816,5,1,Terceros,SENCILLO,0.28,1,0.06,0.04
SXU557,1,29.321,1,1,Empresas,TRACTOMULA,0.06,1,0.06,0.01
SXU559,1,1.028,1,1,Empresas,TURBO,0.06,1,0.06,0.01
SXU592,1,32.237,1,1,Terceros,TRACTOMULA,0.06,1,0.06,0.01
SXU609,1,33.33,1,1,Empresas,TRACTOMULA,0.06,1,0.06,0.01
SXU624,3,103.5,3,2,Empresas,TRACTOMULA,0.17,3,0.17,0.02
SXU656,1,34.5,1,1,Empresas,TRACTOMULA,0.06,1,0.06,0.01
SXU662,4,137.5,4,2,Empresas,TRACTOMULA,0.22,4,0.22,0.03
SXU744,16,494.125,16,15,Terceros,TRACTOMULA,0.89,7,0.39,0.12
SXU756,13,419.318,13,10,Terceros,TRACTOMULA,0.73,8,0.44,0.1
SXU778,1,27.358,1,1,Empresas,TRACTOMULA,0.06,1,0.06,0.01
SXU784,4,129.323,4,4,Empresas,TRACTOMULA,0.22,2,0.11,0.03
SXU809,4,128.862,4,1,Empresas,TRACTOMULA,0.22,4,0.22,0.03
SXU835,1,34.5,1,1,Empresas,TRACTOMULA,0.06,1,0.06,0.01
SXU839,1,32.046,1,1,Empresas,TRACTOMULA,0.06,1,0.06,0.01
SXU861,3,95.33,3,2,Terceros,TRACTOMULA,0.17,2,0.11,0.02
SXU862,1,34.5,1,1,Empresas,TRACTOMULA,0.06,1,0.06,0.01
SXU881,7,218.77,7,7,Terceros,TRACTOMULA,0.39,5,0.28,0.05
SXU888,1,32.289,1,1,Empresas,TRACTOMULA,0.06,1,0.06,0.01
SXU895,1,34.5,1,1,Empresas,TRACTOMULA,0.06,1,0.06,0.01
SXU902,1,34.5,1,1,Empresas,TRACTOMULA,0.06,1,0.06,0.01
SXU933,1,34.5,1,1,Empresas,TRACTOMULA,0.06,1,0.06,0.01
SXU935,1,34.5,1,1,Empresas,TRACTOMULA,0.06,1,0.06,0.01
SXU960,22,258.597,22,2,Empresas,TRACTOMULA,1.23,10,0.56,0.16
SXU965,1,28.125,1,1,Empresas,TRACTOMULA,0.06,1,0.06,0.01
SXU968,1,15.056999999999999,1,1,Empresas,TRACTOMULA,0.06,1,0.06,0.01
SXV021,9,73.514,9,6,Empresas,SENCILLO,0.5,7,0.39,0.07
SXV023,1,28.139,1,1,Empresas,TRACTOMULA,0.06,1,0.06,0.01
SXV042,1,9.279,1,1,Empresas,TRACTOMULA,0.06,1,0.06,0.01
SXV043,1,34.5,1,1,Empresas,TRACTOMULA,0.06,1,0.06,0.01
SXV057,52,1536.401,49,23,Terceros,TRACTOMULA,2.9,17,0.94,0.38
SXV076,2,66.938,2,2,Empresas,TRACTOMULA,0.11,2,0.11,0.01
SXV090,1,28.802000000000003,1,1,Empresas,TRACTOMULA,0.06,1,0.06,0.01
SXV093,1,12.834,1,1,Empresas,TRACTOMULA,0.06,1,0.06,0.01
SXV107,2,44.107,2,2,Empresas,TRACTOMULA,0.11,1,0.06,0.01
SXV108,1,27.0,1,1,Empresas,TRACTOMULA,0.06,1,0.06,0.01
SXV119,1,30.052999999999997,1,1,Empresas,TRACTOMULA,0.06,1,0.06,0.01
SXV133,1,14.246,1,1,Empresas,TRACTOMULA,0.06,1,0.06,0.01
SXV140,133,456.296,128,45,Terceros,TURBO,7.43,18,1.0,0.99
SXV160,4,100.184,4,3,Empresas,TRACTOMULA,0.22,3,0.17,0.03
SXV162,1,20.0,1,1,Empresas,TRACTOMULA,0.06,1,0.06,0.01
SXV164,1,32.0,1,1,Empresas,TRACTOMULA,0.06,1,0.06,0.01
SXV217,31,988.179,30,14,Terceros,TRACTOMULA,1.73,6,0.33,0.23
SXV228,2,33.882999999999996,2,1,Empresas,TRACTOMULA,0.11,2,0.11,0.01
SXV269,1,27.5,1,1,Empresas,TRACTOMULA,0.06,1,0.06,0.01
SXV272,9,268.903,9,5,Terceros,TRACTOMULA,0.5,3,0.17,0.07
SXV305,1,32.961,1,1,Empresas,TRACTOMULA,0.06,1,0.06,0.01
SXV321,7,176.396,7,6,Empresas,TRACTOMULA,0.39,5,0.28,0.05
SXV322,5,118.52,5,3,Empresas,TRACTOMULA,0.28,3,0.17,0.04
SXV364,4,69.705,4,2,Empresas,TRACTOMULA,0.22,3,0.17,0.03
SXV394,1,32.129,1,1,Empresas,TRACTOMULA,0.06,1,0.06,0.01
SXV397,4,136.5,4,1,Empresas,TRACTOMULA,0.22,4,0.22,0.03
SXV439,1,7.3,1,1,Empresas,TRACTOMULA,0.06,1,0.06,0.01
SXV473,184,5418.21,182,24,Terceros,TRACTOMULA,10.28,18,1.0,1.36
SXV506,1,26.0,1,1,Empresas,TRACTOMULA,0.06,1,0.06,0.01
SXV516,1,25.569,1,1,Empresas,TRACTOMULA,0.06,1,0.06,0.01
SXV563,2,18.485,2,1,Empresas,TRACTOMULA,0.11,2,0.11,0.01
SXV586,7,172.768,7,1,Empresas,TRACTOMULA,0.39,4,0.22,0.05
SXV593,2,38.5,2,1,Empresas,TRACTOMULA,0.11,1,0.06,0.01
SXV613,1,11.887,1,1,Empresas,TRACTOMULA,0.06,1,0.06,0.01
SXV635,1,30.901,1,1,Empresas,TRACTOMULA,0.06,1,0.06,0.01
SXV649,2,61.037,2,2,Empresas,TRACTOMULA,0.11,2,0.11,0.01
SXV664,3,90.932,3,3,Empresas,TRACTOMULA,0.17,3,0.17,0.02
SXV672,109,3175.079,104,20,Flota Propia,TRACTOMULA,6.09,18,1.0,0.81
SXV706,1,31.844,1,1,Empresas,TRACTOMULA,0.06,1,0.06,0.01
SXV709,2,54.716,2,2,Empresas,TRACTOMULA,0.11,2,0.11,0.01
SXV755,1,28.765,1,1,Empresas,TRACTOMULA,0.06,1,0.06,0.01
SXV757,5,137.425,5,2,Empresas,TRACTOMULA,0.28,4,0.22,0.04
SXV772,1,34.5,1,1,Empresas,TRACTOMULA,0.06,1,0.06,0.01
SXV793,4,124.203,4,3,Empresas,TRACTOMULA,0.22,4,0.22,0.03
SXV799,28,909.717,27,13,Terceros,TRACTOMULA,1.56,5,0.28,0.21
SXV809,1,33.25,1,1,Empresas,TRACTOMULA,0.06,1,0.06,0.01
SXV841,1,34.5,1,1,Empresas,TRACTOMULA,0.06,1,0.06,0.01
SXV862,1,30.332,1,1,Empresas,TRACTOMULA,0.06,1,0.06,0.01
SXV868,1,33.57599999999999,1,1,Empresas,TRACTOMULA,0.06,1,0.06,0.01
SXV891,28,901.394,28,16,Terceros,TRACTOMULA,1.56,15,0.83,0.21
SXV911,1,33.425999999999995,1,1,Empresas,TRACTOMULA,0.06,1,0.06,0.01
SXV918,1,27.617,1,1,Empresas,TRACTOMULA,0.06,1,0.06,0.01
SXV920,48,823.877,47,5,Empresas,TRACTOMULA,2.68,18,1.0,0.36
SXV942,1,34.0,1,1,Terceros,TRACTOMULA,0.06,1,0.06,0.01
SXV954,6,182.504,6,5,Empresas,TRACTOMULA,0.34,4,0.22,0.05
SXV980,1,33.226,1,1,Empresas,TRACTOMULA,0.06,1,0.06,0.01
SXW007,3,93.732,3,2,Empresas,TRACTOMULA,0.17,3,0.17,0.02
SXW027,1,18.869,1,1,Empresas,TRACTOMULA,0.06,1,0.06,0.01
SXW033,1,21.382,1,1,Empresas,TRACTOMULA,0.06,1,0.06,0.01
SXW039,2,64.158,2,2,Empresas,TRACTOMULA,0.11,1,0.06,0.01
SXW040,2,37.362,2,1,Empresas,TRACTOMULA,0.11,2,0.11,0.01
SXW050,39,1180.68,39,15,Terceros,TRACTOMULA,2.18,17,0.94,0.29
SXW072,1,33.337,1,1,Empresas,TRACTOMULA,0.06,1,0.06,0.01
SXW084,1,33.43,1,1,Empresas,TRACTOMULA,0.06,1,0.06,0.01
SXW106,1,33.528,1,1,Empresas,TRACTOMULA,0.06,1,0.06,0.01
SXW152,9,280.767,9,7,Empresas,TRACTOMULA,0.5,6,0.33,0.07
SXW213,1,16.775,1,1,Empresas,TRACTOMULA,0.06,1,0.06,0.01
SXW228,2,17.133000000000003,2,2,Empresas,SENCILLO,0.11,2,0.11,0.01
SXX017,1,34.5,1,1,Empresas,TRACTOMULA,0.06,1,0.06,0.01
SXX058,1,33.066,1,1,Empresas,TRACTOMULA,0.06,1,0.06,0.01
SXX386,1,0.76,1,1,Terceros,CAMIONETA,0.06,1,0.06,0.01
SXX653,32,1016.255,32,13,Terceros,TRACTOMULA,1.79,18,1.0,0.24
SXY175,4,16.07,4,3,Empresas,TURBO,0.22,3,0.17,0.03
SXY997,55,891.255,53,22,Terceros,TRACTOMULA,3.07,13,0.72,0.41
SXZ209,9,286.02,9,4,Empresas,TRACTOMULA,0.5,5,0.28,0.07
SXZ211,4,114.86399999999999,4,2,Empresas,TRACTOMULA,0.22,3,0.17,0.03
SXZ221,114,459.709,98,10,Terceros,TURBO,6.37,9,0.5,0.84
SXZ309,4,36.237,3,3,Terceros,SENCILLO,0.22,2,0.11,0.03
SXZ787,14,36.327,13,9,Terceros,TURBO,0.78,6,0.33,0.1
SYB906,26,225.761,25,10,Terceros,SENCILLO,1.45,6,0.33,0.19
SYK264,241,7588.053,223,8,Terceros,TRACTOMULA,13.46,18,1.0,1.5
SYK284,34,549.836,34,9,Empresas,TRACTOMULA,1.9,15,0.83,0.25
SYK431,2,30.119,2,2,Terceros,TRACTOMULA,0.11,2,0.11,0.01
SYK456,2,61.457,2,2,Empresas,TRACTOMULA,0.11,2,0.11,0.01
SYK506,2,30.531,2,2,Empresas,DOBLETROQUE,0.11,2,0.11,0.01
SYK513,1,34.5,1,1,Empresas,TRACTOMULA,0.06,1,0.06,0.01
SYK707,6,196.516,6,6,Terceros,TRACTOMULA,0.34,5,0.28,0.05
SYK717,1,32.092,1,1,Empresas,TRACTOMULA,0.06,1,0.06,0.01
SYK776,148,1334.217,128,26,Terceros,SENCILLO,8.27,12,0.67,1.1
SYK831,97,786.115,91,26,Terceros,SENCILLO,5.42,18,1.0,0.72
SYK865,37,591.9,37,9,Terceros,DOBLETROQUE,2.07,18,1.0,0.27
SYK922,1,25.558,1,1,Empresas,TRACTOMULA,0.06,1,0.06,0.01
SYL029,14,451.29,14,8,Terceros,TRACTOMULA,0.78,2,0.11,0.1
SYL035,2,62.005,2,2,Empresas,TRACTOMULA,0.11,1,0.06,0.01
SYL186,1,33.31799999999999,1,1,Terceros,TRACTOMULA,0.06,1,0.06,0.01
SYL418,20,149.019,20,16,Terceros,SENCILLO,1.12,10,0.56,0.15
SYL588,2,36.932,2,1,Empresas,TRACTOMULA,0.11,2,0.11,0.01
SYL628,6,207.0,6,2,Empresas,TRACTOMULA,0.34,5,0.28,0.05
SYL994,151,2270.776,144,45,Terceros,DOBLETROQUE,8.43,17,0.94,1.12
SYM226,22,180.602,22,13,Terceros,SENCILLO,1.23,13,0.72,0.16
SYM356,1,8.977,1,1,Empresas,SENCILLO,0.06,1,0.06,0.01
SYM505,1,26.805,1,1,Empresas,TRACTOMULA,0.06,1,0.06,0.01
SYN018,2,32.224000000000004,2,1,Empresas,DOBLETROQUE,0.11,1,0.06,0.01
SYQ044,1,9.6,1,1,Empresas,SENCILLO,0.06,1,0.06,0.01
SYQ116,307,2119.723,268,4,Terceros,SENCILLO,17.15,18,1.0,1.5
SYQ154,1,26.618000000000002,1,1,Empresas,TRACTOMULA,0.06,1,0.06,0.01
SYQ460,187,1664.715,182,12,Terceros,SENCILLO,10.44,11,0.61,1.38
SYQ798,114,864.403,88,71,Terceros,SENCILLO,6.37,17,0.94,0.84
SYQ949,3,63.0,2,1,Empresas,TRACTOMULA,0.17,2,0.11,0.02
SYR425,1,7.838,1,1,Empresas,TRACTOMULA,0.06,1,0.06,0.01
SYR609,2,28.189,2,2,Empresas,DOBLETROQUE,0.11,2,0.11,0.01
SYR763,5,133.734,5,4,Terceros,TRACTOMULA,0.28,4,0.22,0.04
SYR933,2,34.245000000000005,2,2,Empresas,TRACTOMULA,0.11,2,0.11,0.01
SYS039,2,61.812,2,2,Empresas,TRACTOMULA,0.11,2,0.11,0.01
SYS040,56,1767.036,55,16,Terceros,TRACTOMULA,3.13,18,1.0,0.42
SYS445,209,1820.723,200,16,Terceros,SENCILLO,11.67,18,1.0,1.5
SYS496,14,447.433,14,11,Terceros,TRACTOMULA,0.78,10,0.56,0.1
SYS532,35,304.482,28,4,Terceros,SENCILLO,1.95,4,0.22,0.26
SYS743,2,66.443,2,2,Terceros,TRACTOMULA,0.11,1,0.06,0.01
SYS747,1,32.926,1,1,Empresas,TRACTOMULA,0.06,1,0.06,0.01
SYS748,5,94.411,5,1,Empresas,TRACTOMULA,0.28,5,0.28,0.04
SYS817,1,26.0,1,1,Empresas,TRACTOMULA,0.06,1,0.06,0.01
SYS861,264,7624.543,244,8,Terceros,TRACTOMULA,14.75,18,1.0,1.5
SYT727,3,92.332,3,3,Terceros,TRACTOMULA,0.17,3,0.17,0.02
SYT752,2,12.099,2,1,Empresas,SENCILLO,0.11,1,0.06,0.01
SYT854,3,96.66,3,3,Empresas,TRACTOMULA,0.17,2,0.11,0.02
SYT916,2,65.84299999999999,2,2,Empresas,TRACTOMULA,0.11,2,0.11,0.01
SYT919,1,19.729,1,1,Empresas,TRACTOMULA,0.06,1,0.06,0.01
SYT941,2,10.725999999999999,2,2,Empresas,TRACTOMULA,0.11,1,0.06,0.01
SYU005,2,64.544,2,1,Empresas,TRACTOMULA,0.11,2,0.11,0.01
SYU074,11,176.843,11,4,Terceros,TRACTOMULA,0.61,4,0.22,0.08
SYU076,1,33.0,1,1,Empresas,TRACTOMULA,0.06,1,0.06,0.01
SYU098,34,508.291,34,6,Terceros,TRACTOMULA,1.9,15,0.83,0.25
SYU138,1,29.0,1,1,Empresas,TRACTOMULA,0.06,1,0.06,0.01
SYU153,1,31.572000000000003,1,1,Empresas,TRACTOMULA,0.06,1,0.06,0.01
SYU159,97,2858.212,97,20,Flota Propia,TRACTOMULA,5.42,17,0.94,0.72
SYU195,222,3509.572,191,15,Terceros,DOBLETROQUE,12.4,18,1.0,1.5
SYU217,1,33.611,1,1,Empresas,TRACTOMULA,0.06,1,0.06,0.01
SYU227,4,70.126,4,2,Empresas,TRACTOMULA,0.22,3,0.17,0.03
SYU231,1,28.988999999999997,1,1,Empresas,TRACTOMULA,0.06,1,0.06,0.01
SYU237,3,94.153,3,1,Empresas,TRACTOMULA,0.17,2,0.11,0.02
SYU238,31,1069.5,30,3,Empresas,TRACTOMULA,1.73,11,0.61,0.23
SYU254,1,32.884,1,1,Empresas,TRACTOMULA,0.06,1,0.06,0.01
SYU282,2,54.900999999999996,2,1,Empresas,TRACTOMULA,0.11,2,0.11,0.01
SYU346,1,24.724000000000004,1,1,Terceros,TRACTOMULA,0.06,1,0.06,0.01
SYU510,1,13.555,1,1,Empresas,TRACTOMULA,0.06,1,0.06,0.01
SYU675,67,2079.561,65,6,Empresas,TRACTOMULA,3.74,7,0.39,0.5
SYU687,1,33.684,1,1,Empresas,TRACTOMULA,0.06,1,0.06,0.01
SYU761,1,32.248999999999995,1,1,Empresas,TRACTOMULA,0.06,1,0.06,0.01
SYU784,2,31.982999999999997,2,2,Empresas,TRACTOMULA,0.11,2,0.11,0.01
SYU836,4,131.33599999999998,4,4,Terceros,TRACTOMULA,0.22,3,0.17,0.03
SYU841,1,33.567,1,1,Empresas,TRACTOMULA,0.06,1,0.06,0.01
SYU924,1,34.5,1,1,Empresas,TRACTOMULA,0.06,1,0.06,0.01
SYU952,2,7.564,2,1,Terceros,TURBO,0.11,1,0.06,0.01
SZ0260,1,28.0,1,1,Empresas,TRACTOMULA,0.06,1,0.06,0.01
SZA291,80,2720.0,56,11,Terceros,TRACTOMULA,4.47,9,0.5,0.59
SZA426,10,340.0,10,7,Empresas,TRACTOMULA,0.56,7,0.39,0.07
SZK278,101,1507.611,32,3,Empresas,TRACTOMULA,5.64,12,0.67,0.75
SZK397,1,1.411,1,1,Empresas,TRACTOMULA,0.06,1,0.06,0.01
SZK553,1,26.005000000000003,1,1,Empresas,TRACTOMULA,0.06,1,0.06,0.01
SZL703,11,98.079,11,5,Empresas,SENCILLO,0.61,8,0.44,0.08
SZL812,1,0.56,1,1,Terceros,TURBO,0.06,1,0.06,0.01
SZN194,1,27.367,1,1,Empresas,TRACTOMULA,0.06,1,0.06,0.01
SZN211,1,8.239,1,1,Empresas,SENCILLO,0.06,1,0.06,0.01
SZN234,60,1732.479,59,26,Terceros,TRACTOMULA,3.35,18,1.0,0.44
SZN279,1,8.399,1,1,Empresas,TRACTOMULA,0.06,1,0.06,0.01
SZN337,34,736.989,34,10,Terceros,TRACTOMULA,1.9,15,0.83,0.25
SZN866,1,21.976,1,1,Empresas,TRACTOMULA,0.06,1,0.06,0.01
SZO413,48,1582.0,47,19,Terceros,TRACTOMULA,2.68,12,0.67,0.36
SZO582,1,5.96,1,1,Empresas,SENCILLO,0.06,1,0.06,0.01
SZO624,3,103.5,3,1,Empresas,TRACTOMULA,0.17,3,0.17,0.02
SZP553,1,34.5,1,1,Empresas,TRACTOMULA,0.06,1,0.06,0.01
SZP709,3,60.572,3,3,Empresas,TRACTOMULA,0.17,3,0.17,0.02
SZP756,1,10.731,1,1,Empresas,TRACTOMULA,0.06,1,0.06,0.01
SZP960,1,10.429,1,1,Empresas,TRACTOMULA,0.06,1,0.06,0.01
SZP966,3,89.0,3,3,Empresas,TRACTOMULA,0.17,3,0.17,0.02
SZP972,1,29.633,1,1,Empresas,TRACTOMULA,0.06,1,0.06,0.01
SZQ215,1,15.853,1,1,Empresas,TRACTOMULA,0.06,1,0.06,0.01
SZQ226,1,16.452,1,1,Empresas,TRACTOMULA,0.06,1,0.06,0.01
SZQ232,1,34.5,1,1,Empresas,TRACTOMULA,0.06,1,0.06,0.01
SZQ240,1,33.214,1,1,Empresas,TRACTOMULA,0.06,1,0.06,0.01
SZQ244,4,138.0,4,2,Empresas,TRACTOMULA,0.22,3,0.17,0.03
SZQ245,4,137.5,4,2,Empresas,TRACTOMULA,0.22,2,0.11,0.03
SZQ267,1,3.088,1,1,Empresas,SENCILLO,0.06,1,0.06,0.01
SZQ270,5,131.02100000000002,4,2,Empresas,TRACTOMULA,0.28,4,0.22,0.04
SZQ359,1,8.264,1,1,Empresas,TRACTOMULA,0.06,1,0.06,0.01
SZQ444,1,28.0,1,1,Empresas,TRACTOMULA,0.06,1,0.06,0.01
SZQ594,16,258.669,16,11,Terceros,DOBLETROQUE,0.89,9,0.5,0.12
SZQ748,8,276.0,8,2,Empresas,TRACTOMULA,0.45,5,0.28,0.06
SZQ790,63,2111.4,41,7,Terceros,TRACTOMULA,3.52,7,0.39,0.47
SZQ827,2,63.705000000000005,2,2,Empresas,TRACTOMULA,0.11,1,0.06,0.01
SZQ855,29,471.171,29,5,Empresas,TRACTOMULA,1.62,15,0.83,0.21
SZQ885,15,251.721,15,7,Empresas,TRACTOMULA,0.84,11,0.61,0.11
SZQ988,1,18.101,1,1,Empresas,TRACTOMULA,0.06,1,0.06,0.01
SZR050,1,4.475,1,1,Empresas,SENCILLO,0.06,1,0.06,0.01
SZR095,3,18.676000000000002,3,3,Empresas,SENCILLO,0.17,2,0.11,0.02
SZS239,2,44.0,2,1,Empresas,TRACTOMULA,0.11,2,0.11,0.01
SZS820,6,148.4,6,2,Empresas,TRACTOMULA,0.34,4,0.22,0.05
SZS833,4,107.1,4,1,Empresas,TRACTOMULA,0.22,2,0.11,0.03
SZS899,1,34.5,1,1,Empresas,TRACTOMULA,0.06,1,0.06,0.01
SZS910,2,68.5,2,2,Empresas,TRACTOMULA,0.11,2,0.11,0.01
SZT318,100,706.937,98,7,Terceros,SENCILLO,5.59,18,1.0,0.74
SZT521,1,2.588,1,1,Empresas,SENCILLO,0.06,1,0.06,0.01
SZT634,2,35.309,2,1,Empresas,TRACTOMULA,0.11,2,0.11,0.01
SZT884,2,8.32,2,2,Empresas,TURBO,0.11,2,0.11,0.01
SZU857,7,131.302,7,2,Empresas,TRACTOMULA,0.39,6,0.33,0.05
SZU859,2,46.168,2,2,Empresas,TRACTOMULA,0.11,2,0.11,0.01
SZV288,1,31.134,1,1,Empresas,TRACTOMULA,0.06,1,0.06,0.01
SZV546,35,183.42600000000002,35,9,Terceros,TURBO,1.95,3,0.17,0.26
SZV600,1,31.724,1,1,Empresas,TRACTOMULA,0.06,1,0.06,0.01
SZW128,1,34.5,1,1,Empresas,TRACTOMULA,0.06,1,0.06,0.01
SZW145,2,63.558,2,2,Empresas,TRACTOMULA,0.11,2,0.11,0.01
SZW147,1,9.100000000000001,1,1,Empresas,SENCILLO,0.06,1,0.06,0.01
SZW185,3,17.996000000000002,2,2,Empresas,SENCILLO,0.17,2,0.11,0.02
SZW336,1,27.0,1,1,Empresas,TRACTOMULA,0.06,1,0.06,0.01
SZW379,2,20.7,2,1,Empresas,TRACTOMULA,0.11,2,0.11,0.01
SZW380,3,99.03899999999999,3,3,Empresas,TRACTOMULA,0.17,3,0.17,0.02
SZW827,3,100.806,3,2,Empresas,TRACTOMULA,0.17,3,0.17,0.02
SZW852,12,388.056,12,6,Empresas,TRACTOMULA,0.67,8,0.44,0.09
SZW891,1,31.92,1,1,Empresas,TRACTOMULA,0.06,1,0.06,0.01
SZW896,8,276.0,8,2,Empresas,TRACTOMULA,0.45,6,0.33,0.06
SZW978,19,587.77,19,14,Terceros,TRACTOMULA,1.06,13,0.72,0.14
SZW979,3,103.5,3,2,Empresas,TRACTOMULA,0.17,3,0.17,0.02
SZX003,267,8500.545,244,5,Terceros,TRACTOMULA,14.91,15,0.83,1.5
SZX031,24,740.8870000000001,23,5,Terceros,TRACTOMULA,1.34,13,0.72,0.18
SZX034,10,160.272,10,1,Empresas,TRACTOMULA,0.56,8,0.44,0.07
SZX048,2,68.5,2,2,Empresas,TRACTOMULA,0.11,2,0.11,0.01
SZX060,2,36.321,2,1,Empresas,TRACTOMULA,0.11,1,0.06,0.01
SZX096,165,5042.895,158,10,Terceros,TRACTOMULA,9.22,18,1.0,1.22
SZX209,1,31.188,1,1,Empresas,TRACTOMULA,0.06,1,0.06,0.01
SZX211,2,47.554,2,1,Empresas,TRACTOMULA,0.11,2,0.11,0.01
SZX301,5,164.187,5,3,Terceros,TRACTOMULA,0.28,2,0.11,0.04
SZX317,1,31.444000000000003,1,1,Empresas,TRACTOMULA,0.06,1,0.06,0.01
SZX415,49,1550.795,49,20,Terceros,TRACTOMULA,2.74,17,0.94,0.36
SZX441,11,305.496,11,8,Terceros,TRACTOMULA,0.61,7,0.39,0.08
SZX500,16,267.75,16,5,Empresas,TRACTOMULA,0.89,8,0.44,0.12
SZX536,2,64.109,2,2,Empresas,TRACTOMULA,0.11,1,0.06,0.01
SZX568,21,407.08799999999997,21,7,Empresas,TRACTOMULA,1.17,8,0.44,0.16
SZX596,152,4721.907,147,18,Terceros,TRACTOMULA,8.49,17,0.94,1.13
SZX610,53,1580.517,53,22,Terceros,TRACTOMULA,2.96,15,0.83,0.39
SZX616,6,192.65800000000002,6,1,Terceros,TRACTOMULA,0.34,3,0.17,0.05
SZX678,64,2023.406,64,30,Terceros,TRACTOMULA,3.57,18,1.0,0.47
SZX691,1,6.0,1,1,Empresas,SENCILLO,0.06,1,0.06,0.01
SZX763,1,32.7,1,1,Empresas,TRACTOMULA,0.06,1,0.06,0.01
SZX785,14,236.079,14,1,Empresas,TRACTOMULA,0.78,9,0.5,0.1
SZX793,1,34.5,1,1,Empresas,TRACTOMULA,0.06,1,0.06,0.01
SZX803,2,63.495999999999995,2,1,Empresas,TRACTOMULA,0.11,1,0.06,0.01
SZX826,2,64.77799999999999,2,2,Terceros,TRACTOMULA,0.11,2,0.11,0.01
SZX836,1,20.0,1,1,Empresas,TRACTOMULA,0.06,1,0.06,0.01
SZX870,1,34.5,1,1,Empresas,TRACTOMULA,0.06,1,0.06,0.01
SZX878,1,34.5,1,1,Empresas,TRACTOMULA,0.06,1,0.06,0.01
SZX879,1,25.334,1,1,Empresas,TRACTOMULA,0.06,1,0.06,0.01
SZX912,1,27.0,1,1,Empresas,TRACTOMULA,0.06,1,0.06,0.01
SZX918,48,1535.857,46,26,Terceros,TRACTOMULA,2.68,15,0.83,0.36
SZX939,2,52.5,2,2,Empresas,TRACTOMULA,0.11,2,0.11,0.01
SZX980,16,517.352,16,6,Empresas,TRACTOMULA,0.89,12,0.67,0.12
SZY016,33,1034.254,32,19,Terceros,TRACTOMULA,1.84,10,0.56,0.24
SZY039,6,92.16499999999999,6,3,Empresas,TRACTOMULA,0.34,3,0.17,0.05
SZY060,5,158.238,5,4,Terceros,TRACTOMULA,0.28,2,0.11,0.04
SZY082,1,34.5,1,1,Empresas,TRACTOMULA,0.06,1,0.06,0.01
SZY086,1,33.0,1,1,Empresas,TRACTOMULA,0.06,1,0.06,0.01
SZY102,1,5.3469999999999995,1,1,Empresas,TRACTOMULA,0.06,1,0.06,0.01
SZY146,1,34.0,1,1,Empresas,TRACTOMULA,0.06,1,0.06,0.01
SZY208,1,32.592,1,1,Empresas,TRACTOMULA,0.06,1,0.06,0.01
SZY213,1,34.5,1,1,Empresas,TRACTOMULA,0.06,1,0.06,0.01
SZY265,22,693.584,22,16,Terceros,TRACTOMULA,1.23,14,0.78,0.16
SZY308,1,33.364000000000004,1,1,Terceros,TRACTOMULA,0.06,1,0.06,0.01
SZY374,2,59.0,2,2,Empresas,TRACTOMULA,0.11,2,0.11,0.01
SZY393,1,27.367,1,1,Empresas,TRACTOMULA,0.06,1,0.06,0.01
SZY413  ,1,18.923,1,1,Empresas,TRACTOMULA,0.06,1,0.06,0.01
SZY433,2,63.403000000000006,2,2,Empresas,TRACTOMULA,0.11,2,0.11,0.01
SZY440,2,62.5,2,2,Empresas,TRACTOMULA,0.11,2,0.11,0.01
SZY462,2,62.532,2,2,Empresas,TRACTOMULA,0.11,2,0.11,0.01
SZY482,1,28.555,1,1,Empresas,TRACTOMULA,0.06,1,0.06,0.01
SZY503,3,94.019,3,3,Empresas,TRACTOMULA,0.17,3,0.17,0.02
SZY504,8,230.34099999999998,8,5,Empresas,TRACTOMULA,0.45,6,0.33,0.06
SZY506,4,126.436,4,2,Empresas,TRACTOMULA,0.22,2,0.11,0.03
SZY521,1,29.256,1,1,Empresas,TRACTOMULA,0.06,1,0.06,0.01
SZY531,1,32.016999999999996,1,1,Empresas,TRACTOMULA,0.06,1,0.06,0.01
SZY532,1,33.645,1,1,Empresas,TRACTOMULA,0.06,1,0.06,0.01
SZY542,1,30.0,1,1,Empresas,TRACTOMULA,0.06,1,0.06,0.01
SZY569,4,118.063,4,2,Empresas,TRACTOMULA,0.22,4,0.22,0.03
SZY597,2,58.015,2,2,Empresas,TRACTOMULA,0.11,2,0.11,0.01
SZY621,15,265.296,15,1,Empresas,TRACTOMULA,0.84,10,0.56,0.11
SZY646,1,34.5,1,1,Empresas,TRACTOMULA,0.06,1,0.06,0.01
SZY693,2,24.048000000000002,1,2,Empresas,TRACTOMULA,0.11,1,0.06,0.01
SZY694,22,652.458,22,13,Terceros,TRACTOMULA,1.23,12,0.67,0.16
SZY742,14,483.0,14,2,Empresas,TRACTOMULA,0.78,9,0.5,0.1
SZY787,2,69.0,2,2,Empresas,TRACTOMULA,0.11,2,0.11,0.01
SZY864,109,3232.227,101,43,Terceros,TRACTOMULA,6.09,18,1.0,0.81
SZY895,1,17.0,1,1,Empresas,TRACTOMULA,0.06,1,0.06,0.01
SZY935,7,226.03199999999998,7,5,Empresas,TRACTOMULA,0.39,4,0.22,0.05
SZY953,2,32.764,2,2,Empresas,TRACTOMULA,0.11,2,0.11,0.01
SZY954,1,29.129,1,1,Empresas,TRACTOMULA,0.06,1,0.06,0.01
SZZ029,19,304.206,19,1,Empresas,TRACTOMULA,1.06,13,0.72,0.14
SZZ049,3,92.681,3,3,Terceros,TRACTOMULA,0.17,2,0.11,0.02
SZZ056,1,32.0,1,1,Empresas,TRACTOMULA,0.06,1,0.06,0.01
SZZ110,4,132.065,4,3,Terceros,TRACTOMULA,0.22,2,0.11,0.03
SZZ111,2,37.577999999999996,2,2,Empresas,TRACTOMULA,0.11,2,0.11,0.01
SZZ116,1,33.432,1,1,Empresas,TRACTOMULA,0.06,1,0.06,0.01
SZZ138,40,1108.469,38,18,Terceros,TRACTOMULA,2.23,16,0.89,0.3
SZZ155,1,30.0,1,1,Terceros,TRACTOMULA,0.06,1,0.06,0.01
SZZ158,9,289.141,9,3,Empresas,TRACTOMULA,0.5,6,0.33,0.07
SZZ176,54,1083.402,50,17,Terceros,TRACTOMULA,3.02,16,0.89,0.4
SZZ192,2,69.0,2,1,Empresas,TRACTOMULA,0.11,2,0.11,0.01
SZZ201,4,70.52199999999999,4,1,Empresas,TRACTOMULA,0.22,3,0.17,0.03
SZZ216,1,32.385999999999996,1,1,Empresas,TRACTOMULA,0.06,1,0.06,0.01
SZZ228,1,32.565,1,1,Empresas,TRACTOMULA,0.06,1,0.06,0.01
SZZ236,4,64.009,4,4,Empresas,DOBLETROQUE,0.22,2,0.11,0.03
SZZ449,2,39.621,2,2,Empresas,TRACTOMULA,0.11,1,0.06,0.01
SZZ457,1,16.54,1,1,Empresas,TRACTOMULA,0.06,1,0.06,0.01
SZZ564,4,132.93,4,3,Empresas,TRACTOMULA,0.22,2,0.11,0.03
SZZ580,1,24.0,1,1,Empresas,TRACTOMULA,0.06,1,0.06,0.01
SZZ594,1,15.45,1,1,Empresas,TRACTOMULA,0.06,1,0.06,0.01
SZZ623,2,58.18000000000001,2,2,Terceros,TRACTOMULA,0.11,2,0.11,0.01
SZZ638,5,59.482,5,1,Empresas,TRACTOMULA,0.28,5,0.28,0.04
SZZ663,1,12.522,1,1,Empresas,TRACTOMULA,0.06,1,0.06,0.01
SZZ725,2,11.0,2,2,Empresas,TRACTOMULA,0.11,2,0.11,0.01
SZZ726,2,20.872999999999998,2,2,Empresas,TRACTOMULA,0.11,2,0.11,0.01
SZZ727,2,35.617000000000004,2,1,Empresas,TRACTOMULA,0.11,2,0.11,0.01
SZZ786,3,11.452,3,2,Terceros,TURBO,0.17,3,0.17,0.02
SZZ847,1,6.603,1,1,Empresas,TRACTOMULA,0.06,1,0.06,0.01
SZZ861,1,1.0,1,1,Empresas,TRACTOMULA,0.06,1,0.06,0.01
SZZ866,1,2.0,1,1,Empresas,TRACTOMULA,0.06,1,0.06,0.01
SZZ870,4,131.82,4,3,Empresas,TRACTOMULA,0.22,2,0.11,0.03
SZZ875,1,31.485,1,1,Empresas,TRACTOMULA,0.06,1,0.06,0.01
SZZ897,49,1451.278,49,23,Terceros,TRACTOMULA,2.74,16,0.89,0.36
TAL072,1,6.74,1,1,Empresas,SENCILLO,0.06,1,0.06,0.01
TAL078,8,246.263,8,2,Empresas,TRACTOMULA,0.45,2,0.11,0.06
TAL118,29,936.1510000000001,28,6,Terceros,TRACTOMULA,1.62,7,0.39,0.21
TAL177,1,28.41,1,1,Empresas,TRACTOMULA,0.06,1,0.06,0.01
TAL211,8,261.21000000000004,8,4,Terceros,TRACTOMULA,0.45,4,0.22,0.06
TAL225,5,136.074,5,2,Empresas,TRACTOMULA,0.28,2,0.11,0.04
TAL287,1,33.428,1,1,Terceros,TRACTOMULA,0.06,1,0.06,0.01
TAL432,2,58.715999999999994,2,2,Empresas,TRACTOMULA,0.11,2,0.11,0.01
TAL433,2,36.76,2,1,Empresas,TRACTOMULA,0.11,2,0.11,0.01
TAL477,15,464.582,14,5,Terceros,TRACTOMULA,0.84,6,0.33,0.11
TAL488,2,65.575,2,2,Empresas,TRACTOMULA,0.11,2,0.11,0.01
TAL505,5,163.93900000000002,5,4,Empresas,TRACTOMULA,0.28,2,0.11,0.04
TAL507,4,58.024,4,2,Empresas,TRACTOMULA,0.22,4,0.22,0.03
TAL626,9,291.702,9,8,Terceros,TRACTOMULA,0.5,5,0.28,0.07
TAL682,6,162.593,6,3,Empresas,TRACTOMULA,0.34,4,0.22,0.05
TAL686,1,7.56,1,1,Empresas,SENCILLO,0.06,1,0.06,0.01
TAL919,11,195.298,11,1,Empresas,TRACTOMULA,0.61,9,0.5,0.08
TAL940,42,359.744,42,24,Terceros,SENCILLO,2.35,16,0.89,0.31
TAM093,9,266.407,9,9,Empresas,TRACTOMULA,0.5,6,0.33,0.07
TAM190,1,34.5,1,1,Empresas,TRACTOMULA,0.06,1,0.06,0.01
TAM197,5,157.545,5,4,Terceros,TRACTOMULA,0.28,3,0.17,0.04
TAM202,1,32.754000000000005,1,1,Empresas,TRACTOMULA,0.06,1,0.06,0.01
TAM282,56,431.0,56,8,Terceros,SENCILLO,3.13,18,1.0,0.42
TAM458,2,59.521,2,2,Empresas,TRACTOMULA,0.11,2,0.11,0.01
TAM597,5,82.51,5,3,Empresas,TRACTOMULA,0.28,5,0.28,0.04
TAM609,53,178.68099999999998,53,19,Terceros,TURBO,2.96,16,0.89,0.39
TAM890,2,69.0,2,1,Empresas,TRACTOMULA,0.11,2,0.11,0.01
TAN322,2,17.285,2,2,Empresas,SENCILLO,0.11,2,0.11,0.01
TAO353,2,5.506,2,2,Empresas,SENCILLO,0.11,2,0.11,0.01
TAO981,12,175.991,11,6,Empresas,DOBLETROQUE,0.67,8,0.44,0.09
TAR956,1,30.5,1,1,Empresas,TRACTOMULA,0.06,1,0.06,0.01
TAU606,7,179.0,7,4,Empresas,TRACTOMULA,0.39,4,0.22,0.05
TAU612,1,8.967,1,1,Empresas,SENCILLO,0.06,1,0.06,0.01
TAU621,2,68.0,2,2,Empresas,TRACTOMULA,0.11,2,0.11,0.01
TAU693,2,59.5,2,2,Empresas,TRACTOMULA,0.11,2,0.11,0.01
TAU700,11,353.256,11,8,Terceros,TRACTOMULA,0.61,5,0.28,0.08
TAU789,1,15.095000000000002,1,1,Empresas,TRACTOMULA,0.06,1,0.06,0.01
TAU791,1,27.358,1,1,Empresas,TRACTOMULA,0.06,1,0.06,0.01
TAU796,2,63.236000000000004,2,2,Empresas,TRACTOMULA,0.11,2,0.11,0.01
TAU804,5,140.185,5,4,Terceros,TRACTOMULA,0.28,4,0.22,0.04
TAU810,1,30.03,1,1,Empresas,TRACTOMULA,0.06,1,0.06,0.01
TAU943,4,131.956,4,3,Empresas,TRACTOMULA,0.22,2,0.11,0.03
TAU950,1,28.0,1,1,Empresas,TRACTOMULA,0.06,1,0.06,0.01
TAU986,1,33.555,1,1,Empresas,TRACTOMULA,0.06,1,0.06,0.01
TAV016,2,65.305,2,1,Empresas,TRACTOMULA,0.11,2,0.11,0.01
TAV053,1,33.431000000000004,1,1,Empresas,TRACTOMULA,0.06,1,0.06,0.01
TAV083,7,205.574,7,3,Empresas,TRACTOMULA,0.39,5,0.28,0.05
TAV223,2,62.510999999999996,2,1,Empresas,TRACTOMULA,0.11,2,0.11,0.01
TAV422,2,66.43100000000001,2,2,Empresas,TRACTOMULA,0.11,1,0.06,0.01
TAV681,68,389.04,66,21,Terceros,TURBO,3.8,10,0.56,0.5
TAV754,1,18.0,1,1,Empresas,TRACTOMULA,0.06,1,0.06,0.01
TAV829,12,43.874,12,7,Terceros,TURBO,0.67,7,0.39,0.09
TAV864,3,26.048,3,3,Empresas,SENCILLO,0.17,2,0.11,0.02
TAW041,5,162.483,5,4,Terceros,TRACTOMULA,0.28,4,0.22,0.04
TAW130,1,30.0,1,1,Empresas,TRACTOMULA,0.06,1,0.06,0.01
TAW134,4,20.732,4,2,Empresas,SENCILLO,0.22,4,0.22,0.03
TAW257,1,32.47,1,1,Empresas,TRACTOMULA,0.06,1,0.06,0.01
TAW526,1,9.652,1,1,Empresas,TRACTOMULA,0.06,1,0.06,0.01
TAW643,1,32.039,1,1,Empresas,TRACTOMULA,0.06,1,0.06,0.01
TAW666,3,8.739,3,3,Empresas,SENCILLO,0.17,3,0.17,0.02
TAW857,1,29.779,1,1,Empresas,TRACTOMULA,0.06,1,0.06,0.01
TAW935,4,62.236,4,3,Empresas,DOBLETROQUE,0.22,4,0.22,0.03
TAX023,3,16.368000000000002,3,3,Terceros,TURBO,0.17,2,0.11,0.02
TAX262,4,64.77,4,4,Terceros,DOBLETROQUE,0.22,4,0.22,0.03
TAX327,2,12.867,2,1,Empresas,SENCILLO,0.11,2,0.11,0.01
TAX551,8,38.983000000000004,8,6,Terceros,SENCILLO,0.45,4,0.22,0.06
TAX754,10,82.385,10,9,Terceros,SENCILLO,0.56,6,0.33,0.07
TAX879,1,8.93,1,1,Empresas,SENCILLO,0.06,1,0.06,0.01
TAY195,51,195.584,49,32,Terceros,TURBO,2.85,18,1.0,0.38
TAY820,3,103.5,3,1,Empresas,TRACTOMULA,0.17,3,0.17,0.02
TAZ085,160,798.284,142,13,Flota Propia,TURBO,8.94,14,0.78,1.19
TAZ094,428,3010.5,309,2,Flota Propia,TURBO,23.91,18,1.0,1.5
TAZ095,426,2993.0,307,2,Flota Propia,TURBO,23.79,18,1.0,1.5
TAZ315,158,691.5889999999999,150,15,Flota Propia,TURBO,8.82,11,0.61,1.17
TBB266,5,84.70599999999999,5,4,Terceros,CUATROMANOS,0.28,5,0.28,0.04
TBK454,1,8.972000000000001,1,1,Empresas,SENCILLO,0.06,1,0.06,0.01
TBL268,1,32.054,1,1,Empresas,TRACTOMULA,0.06,1,0.06,0.01
TBL317,4,137.5,4,2,Empresas,TRACTOMULA,0.22,3,0.17,0.03
TBL318,9,310.5,9,1,Empresas,TRACTOMULA,0.5,8,0.44,0.07
TBO022,85,550.27,82,12,Terceros,SENCILLO,4.75,18,1.0,0.63
TBO109,49,701.7,48,28,Terceros,DOBLETROQUE,2.74,10,0.56,0.36
TBO348,109,1630.443,107,51,Terceros,DOBLETROQUE,6.09,18,1.0,0.81
TBS005,1,16.398,1,1,Empresas,DOBLETROQUE,0.06,1,0.06,0.01
TBS291,4,36.574,4,4,Terceros,SENCILLO,0.22,1,0.06,0.03
TBW078,2,66.0,2,1,Terceros,TRACTOMULA,0.11,2,0.11,0.01
TBZ245,276,1033.421,257,33,Terceros,TURBO,15.42,18,1.0,1.5
TBZ247,26,90.408,25,20,Terceros,TURBO,1.45,12,0.67,0.19
TBZ777,1,30.233999999999998,1,1,Empresas,TRACTOMULA,0.06,1,0.06,0.01
TDK327,2,0.514,1,1,Empresas,TURBO,0.11,1,0.06,0.01
TDK829,12,67.466,12,7,Terceros,TURBO,0.67,7,0.39,0.09
TDL060,7,11.887,7,5,Empresas,TURBO,0.39,3,0.17,0.05
TDL473,4,138.0,4,2,Empresas,TRACTOMULA,0.22,2,0.11,0.03
TDL560,3,52.884,3,2,Empresas,TRACTOMULA,0.17,2,0.11,0.02
TDM075,14,217.716,14,12,Terceros,DOBLETROQUE,0.78,7,0.39,0.1
TDM098,1,9.58,1,1,Empresas,SENCILLO,0.06,1,0.06,0.01
TDM511,1,33.406,1,1,Empresas,TRACTOMULA,0.06,1,0.06,0.01
TDM589,1,34.5,1,1,Empresas,TRACTOMULA,0.06,1,0.06,0.01
TDM616,2,38.163,2,2,Empresas,TRACTOMULA,0.11,2,0.11,0.01
TDM618,1,32.528,1,1,Empresas,TRACTOMULA,0.06,1,0.06,0.01
TDM631,2,60.06,2,1,Empresas,TRACTOMULA,0.11,2,0.11,0.01
TDM661,4,115.381,4,2,Empresas,TRACTOMULA,0.22,4,0.22,0.03
TDM671,1,16.619,1,1,Empresas,TRACTOMULA,0.06,1,0.06,0.01
TDM722,24,761.539,24,5,Empresas,TRACTOMULA,1.34,10,0.56,0.18
TDM733,19,581.989,19,9,Terceros,TRACTOMULA,1.06,8,0.44,0.14
TDM736,1,31.873000000000005,1,1,Empresas,TRACTOMULA,0.06,1,0.06,0.01
TDM750,11,357.5,11,5,Empresas,TRACTOMULA,0.61,6,0.33,0.08
TDM752,1,32.641999999999996,1,1,Empresas,TRACTOMULA,0.06,1,0.06,0.01
TDM831,1,16.982,1,1,Empresas,TRACTOMULA,0.06,1,0.06,0.01
TDS147,2,0.19,2,1,Empresas,TURBO,0.11,1,0.06,0.01
TDS391,2,69.0,2,2,Empresas,TRACTOMULA,0.11,2,0.11,0.01
TDS880,1,7.208,1,1,Empresas,SENCILLO,0.06,1,0.06,0.01
TDS970,4,114.47800000000001,4,3,Flota Propia,TRACTOMULA,0.22,1,0.06,0.03
TDU498,1,32.964,1,1,Empresas,TRACTOMULA,0.06,1,0.06,0.01
TDW202,7,197.68200000000002,7,5,Empresas,TRACTOMULA,0.39,5,0.28,0.05
TDW902,1,3.577,1,1,Empresas,TURBO,0.06,1,0.06,0.01
TDX534,1,29.199,1,1,Empresas,TRACTOMULA,0.06,1,0.06,0.01
TDX544,56,1651.4279999999999,56,32,Terceros,TRACTOMULA,3.13,18,1.0,0.42
TDX584,2,66.346,2,2,Terceros,TRACTOMULA,0.11,2,0.11,0.01
TDX585,2,60.06,2,1,Empresas,TRACTOMULA,0.11,2,0.11,0.01
TDX586,3,81.71600000000001,3,2,Empresas,TRACTOMULA,0.17,3,0.17,0.02
TDX964,2,17.288,2,2,Empresas,SENCILLO,0.11,2,0.11,0.01
TDY135,3,10.381,3,3,Empresas,SENCILLO,0.17,2,0.11,0.02
TDY246,62,537.606,61,39,Terceros,SENCILLO,3.46,17,0.94,0.46
TDY664,13,401.052,13,6,Terceros,TRACTOMULA,0.73,5,0.28,0.1
TDY665,1,3.2,1,1,Empresas,TURBO,0.06,1,0.06,0.01
TDY732,58,893.56,58,4,Empresas,TRACTOMULA,3.24,18,1.0,0.43
TDY966,17,239.72699999999998,17,1,Empresas,TRACTOMULA,0.95,12,0.67,0.13
TDY969,2,24.789,2,1,Empresas,TRACTOMULA,0.11,2,0.11,0.01
TDY971,22,336.028,22,4,Empresas,TRACTOMULA,1.23,12,0.67,0.16
TDZ011,2,58.699999999999996,2,2,Empresas,TRACTOMULA,0.11,1,0.06,0.01
TDZ183,1,27.0,1,1,Empresas,TRACTOMULA,0.06,1,0.06,0.01
TDZ193,51,1013.938,50,12,Terceros,TRACTOMULA,2.85,18,1.0,0.38
TDZ213,1,33.446,1,1,Empresas,TRACTOMULA,0.06,1,0.06,0.01
TDZ249,2,68.5,2,2,Empresas,TRACTOMULA,0.11,2,0.11,0.01
TDZ300,1,3.613,1,1,Empresas,TURBO,0.06,1,0.06,0.01
TDZ321,11,72.104,11,6,Terceros,SENCILLO,0.61,5,0.28,0.08
TDZ336,7,22.464,7,6,Empresas,TURBO,0.39,3,0.17,0.05
TDZ459,18,621.0,18,2,Empresas,TRACTOMULA,1.01,14,0.78,0.13
TDZ579,16,274.562,16,3,Empresas,TRACTOMULA,0.89,11,0.61,0.12
TDZ583,7,140.55700000000002,7,5,Empresas,TRACTOMULA,0.39,6,0.33,0.05
TDZ587,12,270.258,12,7,Empresas,TRACTOMULA,0.67,3,0.17,0.09
TDZ600,19,590.1899999999999,19,13,Terceros,TRACTOMULA,1.06,9,0.5,0.14
TDZ609,30,496.224,30,3,Empresas,TRACTOMULA,1.68,15,0.83,0.22
TDZ623,1,3.053,1,1,Empresas,TURBO,0.06,1,0.06,0.01
TDZ672,106,941.776,69,9,Terceros,SENCILLO,5.92,5,0.28,0.79
TDZ698,1,19.862,1,1,Empresas,TRACTOMULA,0.06,1,0.06,0.01
TDZ700,2,22.997,2,2,Empresas,TRACTOMULA,0.11,2,0.11,0.01
TDZ750,31,481.798,31,4,Empresas,TRACTOMULA,1.73,18,1.0,0.23
TDZ767,1,2.477,1,1,Empresas,TURBO,0.06,1,0.06,0.01
TDZ815,54,965.5790000000001,54,4,Empresas,TRACTOMULA,3.02,18,1.0,0.4
TDZ879,1,32.944,1,1,Empresas,TRACTOMULA,0.06,1,0.06,0.01
TDZ910,2,68.0,2,1,Terceros,TRACTOMULA,0.11,1,0.06,0.01
TDZ955,1,32.199,1,1,Empresas,TRACTOMULA,0.06,1,0.06,0.01
TDZ958,1,16.552,1,1,Empresas,TRACTOMULA,0.06,1,0.06,0.01
TDZ961,10,172.175,10,3,Empresas,TRACTOMULA,0.56,7,0.39,0.07
TEK144,1,32.641,1,1,Empresas,TRACTOMULA,0.06,1,0.06,0.01
TEK145,1,25.761,1,1,Empresas,TRACTOMULA,0.06,1,0.06,0.01
TEK155,2,14.64,2,1,Empresas,SENCILLO,0.11,2,0.11,0.01
TEK276,2,68.5,2,1,Empresas,TRACTOMULA,0.11,2,0.11,0.01
TEK297,1,33.507999999999996,1,1,Empresas,TRACTOMULA,0.06,1,0.06,0.01
TEK339,1,3.53,1,1,Empresas,TURBO,0.06,1,0.06,0.01
TEK397,1,2.885,1,1,Empresas,TURBO,0.06,1,0.06,0.01
TEK433,16,502.51099999999997,16,5,Terceros,TRACTOMULA,0.89,8,0.44,0.12
TEK444,2,63.39,2,2,Empresas,TRACTOMULA,0.11,2,0.11,0.01
TEK490,1,12.873,1,1,Empresas,DOBLETROQUE,0.06,1,0.06,0.01
TEK527,1,29.075,1,1,Empresas,TRACTOMULA,0.06,1,0.06,0.01
TEK544,5,161.50900000000001,5,5,Terceros,TRACTOMULA,0.28,2,0.11,0.04
TEK547,1,32.844,1,1,Empresas,TRACTOMULA,0.06,1,0.06,0.01
TEK549,1,18.878,1,1,Empresas,TRACTOMULA,0.06,1,0.06,0.01
TEK583,1,25.9,1,1,Empresas,TRACTOMULA,0.06,1,0.06,0.01
TEK584,7,237.0,7,3,Empresas,TRACTOMULA,0.39,5,0.28,0.05
TEK585,222,6784.201,210,21,Terceros,TRACTOMULA,12.4,18,1.0,1.5
TEK599,81,1119.308,81,49,Terceros,DOBLETROQUE,4.52,17,0.94,0.6
TEK633,1,28.261,1,1,Empresas,TRACTOMULA,0.06,1,0.06,0.01
TEK649,2,50.902,2,2,Empresas,TRACTOMULA,0.11,2,0.11,0.01
TEK799,6,93.29599999999999,6,2,Empresas,TRACTOMULA,0.34,5,0.28,0.05
TEK800,8,132.17000000000002,8,2,Empresas,TRACTOMULA,0.45,7,0.39,0.06
TEK890,3,73.964,3,1,Empresas,TRACTOMULA,0.17,3,0.17,0.02
TEK895,2,69.0,2,1,Empresas,TRACTOMULA,0.11,2,0.11,0.01
TEK926,1,31.2,1,1,Empresas,TRACTOMULA,0.06,1,0.06,0.01
TEK955,20,328.31600000000003,20,3,Empresas,TRACTOMULA,1.12,13,0.72,0.15
TEK957,17,515.955,16,4,Empresas,TRACTOMULA,0.95,7,0.39,0.13
TEK961,62,1349.213,61,10,Terceros,TRACTOMULA,3.46,17,0.94,0.46
TEK975,4,45.101,4,3,Empresas,TRACTOMULA,0.22,3,0.17,0.03
TEO142,2,66.05799999999999,2,2,Empresas,TRACTOMULA,0.11,2,0.11,0.01
TEO146,1,25.0,1,1,Empresas,TRACTOMULA,0.06,1,0.06,0.01
TEO217,66,1690.388,64,30,Terceros,TRACTOMULA,3.69,17,0.94,0.49
TEO367,1,10.219999999999999,1,1,Empresas,TRACTOMULA,0.06,1,0.06,0.01
TEO396,34,1053.705,33,24,Terceros,TRACTOMULA,1.9,14,0.78,0.25
TEO580,1,13.675,1,1,Terceros,DOBLETROQUE,0.06,1,0.06,0.01
TEQ019,6,101.959,6,2,Empresas,TRACTOMULA,0.34,5,0.28,0.05
TEW119,1,31.882,1,1,Empresas,TRACTOMULA,0.06,1,0.06,0.01
TEW136,1,34.5,1,1,Empresas,TRACTOMULA,0.06,1,0.06,0.01
TEW143,1,28.224,1,1,Empresas,TRACTOMULA,0.06,1,0.06,0.01
TEW164,1,26.945,1,1,Empresas,TRACTOMULA,0.06,1,0.06,0.01
TEW165,4,85.545,4,3,Empresas,TRACTOMULA,0.22,3,0.17,0.03
TEW182,1,24.0,1,1,Empresas,TRACTOMULA,0.06,1,0.06,0.01
TFK229,1,34.5,1,1,Empresas,TRACTOMULA,0.06,1,0.06,0.01
TFK582,3,27.0,2,2,Terceros,SENCILLO,0.17,1,0.06,0.02
TFK709,2,69.0,2,1,Empresas,TRACTOMULA,0.11,2,0.11,0.01
TFK792,7,224.876,7,5,Terceros,TRACTOMULA,0.39,5,0.28,0.05
TFK844,4,109.806,3,3,Empresas,TRACTOMULA,0.22,3,0.17,0.03
TFO905,3,21.381999999999998,3,3,Empresas,SENCILLO,0.17,3,0.17,0.02
TFP163,71,2169.865,70,30,Terceros,TRACTOMULA,3.97,17,0.94,0.53
TFP690,24,761.823,24,19,Terceros,TRACTOMULA,1.34,13,0.72,0.18
TFP712,2,66.539,2,2,Empresas,TRACTOMULA,0.11,2,0.11,0.01
TFP739,1,15.283,1,1,Empresas,TRACTOMULA,0.06,1,0.06,0.01
TFP876,1,31.0,1,1,Empresas,TRACTOMULA,0.06,1,0.06,0.01
TFP926,1,31.136,1,1,Empresas,TRACTOMULA,0.06,1,0.06,0.01
TFP987,1,34.5,1,1,Empresas,TRACTOMULA,0.06,1,0.06,0.01
TFQ130,1,30.758999999999997,1,1,Empresas,TRACTOMULA,0.06,1,0.06,0.01
TFQ139,3,80.4,3,1,Empresas,TRACTOMULA,0.17,3,0.17,0.02
TFQ140,348,10903.415,289,9,Terceros,TRACTOMULA,19.44,18,1.0,1.5
TFQ286,1,34.5,1,1,Empresas,TRACTOMULA,0.06,1,0.06,0.01
TFQ362,1,31.507000000000005,1,1,Empresas,TRACTOMULA,0.06,1,0.06,0.01
TFQ401,1,33.188,1,1,Empresas,TRACTOMULA,0.06,1,0.06,0.01
TFQ474,46,1430.816,46,37,Terceros,TRACTOMULA,2.57,16,0.89,0.34
TFQ552,35,1084.133,35,20,Terceros,TRACTOMULA,1.95,8,0.44,0.26
TFQ612,2,54.6,2,2,Empresas,TRACTOMULA,0.11,1,0.06,0.01
TFQ851,1,34.5,1,1,Empresas,TRACTOMULA,0.06,1,0.06,0.01
TFQ972,1,32.715,1,1,Empresas,TRACTOMULA,0.06,1,0.06,0.01
TFQ997,4,37.882,4,1,Empresas,TRACTOMULA,0.22,3,0.17,0.03
TFR149,1,16.247,1,1,Empresas,TRACTOMULA,0.06,1,0.06,0.01
TFR150,1,34.5,1,1,Empresas,TRACTOMULA,0.06,1,0.06,0.01
TFR325,27,855.399,27,6,Terceros,TRACTOMULA,1.51,14,0.78,0.2
TFR435,1,20.0,1,1,Empresas,TRACTOMULA,0.06,1,0.06,0.01
TFR477,3,102.0,3,2,Empresas,TRACTOMULA,0.17,3,0.17,0.02
TFR504,22,759.0,22,2,Empresas,TRACTOMULA,1.23,13,0.72,0.16
TFR672,1,2.723,1,1,Empresas,TURBO,0.06,1,0.06,0.01
TFR783,14,46.2,13,12,Terceros,TURBO,0.78,2,0.11,0.1
TFS020,3,87.0,3,2,Empresas,TRACTOMULA,0.17,2,0.11,0.02
TFS319,13,442.0,11,3,Terceros,TRACTOMULA,0.73,2,0.11,0.1
TFT535,142,919.954,135,8,Flota Propia,SENCILLO,7.93,17,0.94,1.05
TFT692,1,33.078,1,1,Empresas,TRACTOMULA,0.06,1,0.06,0.01
TFT696,13,96.348,13,5,Terceros,SENCILLO,0.73,7,0.39,0.1
TFT822,1,9.056000000000001,1,1,Empresas,SENCILLO,0.06,1,0.06,0.01
TFT830,1,33.407,1,1,Empresas,TRACTOMULA,0.06,1,0.06,0.01
TFU034,1,27.0,1,1,Empresas,TRACTOMULA,0.06,1,0.06,0.01
TFU178,2,68.5,2,2,Empresas,TRACTOMULA,0.11,2,0.11,0.01
TFU389,1,34.5,1,1,Empresas,TRACTOMULA,0.06,1,0.06,0.01
TFU489,4,103.749,4,3,Empresas,TRACTOMULA,0.22,4,0.22,0.03
TFU645,4,98.54,4,3,Empresas,TRACTOMULA,0.22,4,0.22,0.03
TFU677,6,106.286,6,2,Empresas,TRACTOMULA,0.34,6,0.33,0.05
TFU683,1,15.133,1,1,Empresas,TRACTOMULA,0.06,1,0.06,0.01
TFU724,4,35.361000000000004,4,2,Empresas,SENCILLO,0.22,3,0.17,0.03
TFU797,13,380.194,13,11,Terceros,TRACTOMULA,0.73,9,0.5,0.1
TFU870,10,311.246,10,10,Terceros,TRACTOMULA,0.56,8,0.44,0.07
TFV105,287,1206.357,281,12,Terceros,TURBO,16.03,18,1.0,1.5
TFV120,1,4.7909999999999995,1,1,Empresas,SENCILLO,0.06,1,0.06,0.01
TFV157,58,905.834,58,18,Terceros,DOBLETROQUE,3.24,16,0.89,0.43
TFV244,1,4.225,1,1,Empresas,TURBO,0.06,1,0.06,0.01
TFV379,177,1614.024,174,13,Terceros,SENCILLO,9.89,11,0.61,1.31
TFV897,4,58.545,4,2,Empresas,TRACTOMULA,0.22,2,0.11,0.03
TFV901,3,97.62400000000001,3,2,Empresas,TRACTOMULA,0.17,3,0.17,0.02
TFV909,10,190.298,10,5,Terceros,TRACTOMULA,0.56,3,0.17,0.07
TFV990,1,26.248,1,1,Empresas,TRACTOMULA,0.06,1,0.06,0.01
TFW059,1,13.905,1,1,Empresas,TRACTOMULA,0.06,1,0.06,0.01
TFW181,4,131.692,4,2,Empresas,TRACTOMULA,0.22,4,0.22,0.03
TFW534,32,953.193,32,12,Terceros,TRACTOMULA,1.79,16,0.89,0.24
TFW602,2,69.0,2,1,Empresas,TRACTOMULA,0.11,2,0.11,0.01
TFX131,29,124.288,29,15,Empresas,SENCILLO,1.62,17,0.94,0.21
TGA080,2,61.822,2,1,Empresas,TRACTOMULA,0.11,2,0.11,0.01
TGA092,1,29.03,1,1,Empresas,TRACTOMULA,0.06,1,0.06,0.01
TGA101,2,18.482999999999997,2,1,Empresas,TRACTOMULA,0.11,2,0.11,0.01
TGA143,1,18.869,1,1,Empresas,TRACTOMULA,0.06,1,0.06,0.01
TGA149,21,156.642,21,12,Terceros,SENCILLO,1.17,11,0.61,0.16
TGA162,11,159.225,11,7,Terceros,DOBLETROQUE,0.61,9,0.5,0.08
TGA165,5,78.57300000000001,5,5,Terceros,DOBLETROQUE,0.28,4,0.22,0.04
TGA195,57,1709.003,54,6,Empresas,TRACTOMULA,3.18,8,0.44,0.42
TGA196,1,18.9,1,1,Empresas,TRACTOMULA,0.06,1,0.06,0.01
TGA205,4,138.0,4,2,Empresas,TRACTOMULA,0.22,4,0.22,0.03
TGA306,1,28.0,1,1,Empresas,TRACTOMULA,0.06,1,0.06,0.01
TGA308,3,6.9559999999999995,3,2,Empresas,TURBO,0.17,2,0.11,0.02
TGA322,95,1512.629,95,25,Terceros,DOBLETROQUE,5.31,18,1.0,0.7
TGK129,10,273.48900000000003,9,3,Empresas,TRACTOMULA,0.56,6,0.33,0.07
TGK170,2,68.059,2,2,Empresas,TRACTOMULA,0.11,2,0.11,0.01
TGK314,1,9.151,1,1,Empresas,DOBLETROQUE,0.06,1,0.06,0.01
TGK361,9,236.416,9,1,Empresas,TRACTOMULA,0.5,5,0.28,0.07
TGK362,1,31.283,1,1,Empresas,TRACTOMULA,0.06,1,0.06,0.01
TGK385,1,28.679000000000002,1,1,Empresas,TRACTOMULA,0.06,1,0.06,0.01
TGK614,3,86.824,3,3,Terceros,TRACTOMULA,0.17,3,0.17,0.02
TGK615,3,98.417,3,3,Terceros,TRACTOMULA,0.17,3,0.17,0.02
TGK763,1,31.301000000000002,1,1,Empresas,TRACTOMULA,0.06,1,0.06,0.01
TGK902,156,955.794,155,8,Flota Propia,SENCILLO,8.71,18,1.0,1.16
TGK903,89,548.851,87,6,Flota Propia,SENCILLO,4.97,10,0.56,0.66
TGK927,1,0.293,1,1,Terceros,TURBO,0.06,1,0.06,0.01
TGK975,1,17.0,1,1,Empresas,TRACTOMULA,0.06,1,0.06,0.01
TGL007,1,15.317,1,1,Empresas,TRACTOMULA,0.06,1,0.06,0.01
TGL359,53,168.72,49,27,Terceros,TURBO,2.96,16,0.89,0.39
TGL363,42,1339.535,42,22,Terceros,TRACTOMULA,2.35,15,0.83,0.31
TGL491,10,267.716,10,6,Flota Propia,TRACTOMULA,0.56,3,0.17,0.07
TGL496,1,33.145,1,1,Empresas,TRACTOMULA,0.06,1,0.06,0.01
TGL548,1,31.291,1,1,Empresas,TRACTOMULA,0.06,1,0.06,0.01
TGL779,7,241.5,7,1,Empresas,TRACTOMULA,0.39,6,0.33,0.05
TGM490,1,33.076,1,1,Empresas,TRACTOMULA,0.06,1,0.06,0.01
TGM498,22,682.554,22,18,Terceros,TRACTOMULA,1.23,11,0.61,0.16
TGM589,6,106.494,6,2,Empresas,TRACTOMULA,0.34,5,0.28,0.05
TGM729,1,18.869,1,1,Empresas,TRACTOMULA,0.06,1,0.06,0.01
TGM813,7,241.5,7,1,Empresas,TRACTOMULA,0.39,6,0.33,0.05
TGN094,1,33.337,1,1,Empresas,TRACTOMULA,0.06,1,0.06,0.01
TGN122,1,26.456,1,1,Empresas,TRACTOMULA,0.06,1,0.06,0.01
TGN213,2,15.823,2,1,Empresas,TRACTOMULA,0.11,2,0.11,0.01
TGN220,1,32.159,1,1,Empresas,TRACTOMULA,0.06,1,0.06,0.01
TGN437,1,2.191,1,1,Empresas,TURBO,0.06,1,0.06,0.01
TGN619,7,37.834,7,4,Empresas,SENCILLO,0.39,6,0.33,0.05
TGN717,7,241.5,7,3,Empresas,TRACTOMULA,0.39,5,0.28,0.05
TGN745,1,20.85,1,1,Empresas,TRACTOMULA,0.06,1,0.06,0.01
TGS065,3,97.018,3,2,Terceros,TRACTOMULA,0.17,2,0.11,0.02
TGS172,1,3.237,1,1,Empresas,SENCILLO,0.06,1,0.06,0.01
TGU765,1,4.291,1,1,Terceros,SENCILLO,0.06,1,0.06,0.01
TGV300,1,8.273,1,1,Empresas,SENCILLO,0.06,1,0.06,0.01
TGY904,8,259.499,8,5,Empresas,TRACTOMULA,0.45,5,0.28,0.06
TGY981,30,277.562,24,16,Terceros,SENCILLO,1.68,4,0.22,0.22
TGY982,404,3715.4230000000002,300,46,Terceros,SENCILLO,22.56,15,0.83,1.5
TGZ091,2,65.5,2,2,Empresas,TRACTOMULA,0.11,2,0.11,0.01
TGZ251,1,32.007999999999996,1,1,Empresas,TRACTOMULA,0.06,1,0.06,0.01
TGZ271,23,486.945,19,11,Terceros,TRACTOMULA,1.28,7,0.39,0.17
TGZ355,2,65.82,2,2,Empresas,TRACTOMULA,0.11,1,0.06,0.01
TGZ406,1,34.5,1,1,Empresas,TRACTOMULA,0.06,1,0.06,0.01
TGZ590,3,90.09,3,1,Empresas,TRACTOMULA,0.17,3,0.17,0.02
TGZ604,14,483.0,14,1,Empresas,TRACTOMULA,0.78,8,0.44,0.1
THE035,1,32.074,1,1,Empresas,TRACTOMULA,0.06,1,0.06,0.01
THK087,79,613.61,79,39,Terceros,SENCILLO,4.41,17,0.94,0.58
THK106,303,4591.037,278,16,Terceros,DOBLETROQUE,16.92,18,1.0,1.5
THK412,1,1.411,1,1,Empresas,TRACTOMULA,0.06,1,0.06,0.01
THK634,3,91.056,3,1,Empresas,TRACTOMULA,0.17,3,0.17,0.02
THK903,1,31.961,1,1,Empresas,TRACTOMULA,0.06,1,0.06,0.01
THL140,1,5.0,1,1,Empresas,SENCILLO,0.06,1,0.06,0.01
THL166,1,8.457,1,1,Empresas,SENCILLO,0.06,1,0.06,0.01
THL612,4,132.984,4,4,Terceros,TRACTOMULA,0.22,4,0.22,0.03
THP103,3,81.663,3,3,Terceros,TRACTOMULA,0.17,3,0.17,0.02
THP167,9,57.89,8,6,Terceros,SENCILLO,0.5,7,0.39,0.07
THP622,1,3.771,1,1,Empresas,TURBO,0.06,1,0.06,0.01
THP911,200,1099.601,179,10,Terceros,SENCILLO,11.17,18,1.0,1.48
THP970,3,26.116,3,2,Empresas,SENCILLO,0.17,3,0.17,0.02
THQ841,3,81.719,3,3,Empresas,TRACTOMULA,0.17,3,0.17,0.02
THQ842,1,29.5,1,1,Empresas,TRACTOMULA,0.06,1,0.06,0.01
THQ905,1,8.393,1,1,Empresas,SENCILLO,0.06,1,0.06,0.01
THQ961,33,227.333,32,16,Terceros,SENCILLO,1.84,14,0.78,0.24
THQ985,1,23.741,1,1,Empresas,TRACTOMULA,0.06,1,0.06,0.01
THR001,2,64.19900000000001,2,2,Empresas,TRACTOMULA,0.11,2,0.11,0.01
THR035,4,91.176,4,4,Empresas,TRACTOMULA,0.22,4,0.22,0.03
THR044,1,9.577,1,1,Empresas,SENCILLO,0.06,1,0.06,0.01
THR611,1,33.519000000000005,1,1,Empresas,TRACTOMULA,0.06,1,0.06,0.01
THR628,1,27.0,1,1,Empresas,TRACTOMULA,0.06,1,0.06,0.01
THR692,3,74.0,3,1,Empresas,TRACTOMULA,0.17,2,0.11,0.02
THR873,1,12.355,1,1,Empresas,TRACTOMULA,0.06,1,0.06,0.01
THS075,1,6.6,1,1,Empresas,SENCILLO,0.06,1,0.06,0.01
THU630,2,68.5,2,2,Empresas,TRACTOMULA,0.11,2,0.11,0.01
THU678,2,69.0,2,1,Empresas,TRACTOMULA,0.11,2,0.11,0.01
THU686,2,54.715,2,1,Empresas,TRACTOMULA,0.11,1,0.06,0.01
THU690,1,34.5,1,1,Empresas,TRACTOMULA,0.06,1,0.06,0.01
THU691,2,50.0,1,1,Empresas,TRACTOMULA,0.11,1,0.06,0.01
THU698,1,30.817999999999998,1,1,Empresas,TRACTOMULA,0.06,1,0.06,0.01
THU706,1,34.5,1,1,Empresas,TRACTOMULA,0.06,1,0.06,0.01
THV115,6,192.139,6,3,Terceros,TRACTOMULA,0.34,6,0.33,0.05
THV522,2,63.495999999999995,2,2,Terceros,TRACTOMULA,0.11,2,0.11,0.01
THV545,1,34.5,1,1,Empresas,TRACTOMULA,0.06,1,0.06,0.01
THW269,3,97.269,3,2,Empresas,TRACTOMULA,0.17,3,0.17,0.02
THW307,1,16.407,1,1,Empresas,DOBLETROQUE,0.06,1,0.06,0.01
THW319,1,26.7,1,1,Empresas,TRACTOMULA,0.06,1,0.06,0.01
THW327,2,66.5,2,2,Empresas,TRACTOMULA,0.11,2,0.11,0.01
THW347,2,67.25999999999999,2,2,Empresas,TRACTOMULA,0.11,2,0.11,0.01
THW351,1,32.5,1,1,Empresas,TRACTOMULA,0.06,1,0.06,0.01
THW357,1,16.929,1,1,Empresas,TRACTOMULA,0.06,1,0.06,0.01
THW361,1,34.5,1,1,Empresas,TRACTOMULA,0.06,1,0.06,0.01
THW371,2,39.208,2,1,Empresas,TRACTOMULA,0.11,2,0.11,0.01
THW391,2,64.826,2,2,Empresas,TRACTOMULA,0.11,2,0.11,0.01
THW399,4,128.812,4,4,Empresas,TRACTOMULA,0.22,3,0.17,0.03
THX098,2,65.339,2,2,Empresas,TRACTOMULA,0.11,2,0.11,0.01
THX262,2,65.776,2,2,Terceros,TRACTOMULA,0.11,1,0.06,0.01
THX364,1,6.625,1,1,Empresas,SENCILLO,0.06,1,0.06,0.01
THX420,3,12.809000000000001,3,3,Empresas,TURBO,0.17,2,0.11,0.02
THX543,2,43.968,2,2,Terceros,TRACTOMULA,0.11,2,0.11,0.01
THX634,1,3.0630000000000006,1,1,Empresas,TURBO,0.06,1,0.06,0.01
THX646,1,20.0,1,1,Empresas,TRACTOMULA,0.06,1,0.06,0.01
THX937,3,93.753,3,2,Empresas,TRACTOMULA,0.17,1,0.06,0.02
THY022,3,40.647,3,2,Empresas,TRACTOMULA,0.17,3,0.17,0.02
THY023,3,42.813,3,1,Empresas,TRACTOMULA,0.17,1,0.06,0.02
THY296,1,31.606999999999996,1,1,Empresas,TRACTOMULA,0.06,1,0.06,0.01
THY300,1,34.5,1,1,Empresas,TRACTOMULA,0.06,1,0.06,0.01
THY372,1,32.23,1,1,Terceros,TRACTOMULA,0.06,1,0.06,0.01
THY387,1,32.968,1,1,Empresas,TRACTOMULA,0.06,1,0.06,0.01
THY389,3,96.346,3,2,Empresas,TRACTOMULA,0.17,3,0.17,0.02
THY480,1,18.817,1,1,Empresas,TRACTOMULA,0.06,1,0.06,0.01
THY531,1,28.894,1,1,Empresas,TRACTOMULA,0.06,1,0.06,0.01
THY794,1,20.0,1,1,Empresas,TRACTOMULA,0.06,1,0.06,0.01
THZ235,1,29.532000000000004,1,1,Empresas,TRACTOMULA,0.06,1,0.06,0.01
THZ735,2,18.049999999999997,2,2,Terceros,SENCILLO,0.11,2,0.11,0.01
THZ975,1,30.797,1,1,Empresas,TRACTOMULA,0.06,1,0.06,0.01
TIQ138,4,138.0,4,1,Empresas,TRACTOMULA,0.22,4,0.22,0.03
TIQ538,256,2178.953,244,21,Terceros,SENCILLO,14.3,18,1.0,1.5
TIT578,1,7.738,1,1,Empresas,TRACTOMULA,0.06,1,0.06,0.01
TIT803,3,37.7,3,2,Terceros,DOBLETROQUE,0.17,3,0.17,0.02
TIX417,34,527.994,34,22,Terceros,DOBLETROQUE,1.9,12,0.67,0.25
TIX900,1,16.218,1,1,Terceros,DOBLETROQUE,0.06,1,0.06,0.01
TIZ480,2,38.874,2,2,Empresas,TRACTOMULA,0.11,2,0.11,0.01
TJA076,184,1606.421,171,10,Terceros,SENCILLO,10.28,17,0.94,1.36
TJA537,1,4.153,1,1,Empresas,TURBO,0.06,1,0.06,0.01
TJA615,1,20.0,1,1,Empresas,TRACTOMULA,0.06,1,0.06,0.01
TJA618,51,356.058,50,14,Terceros,SENCILLO,2.85,18,1.0,0.38
TJA660,389,866.142,302,21,Terceros,TURBO,21.73,18,1.0,1.5
TJA961,1,33.152,1,1,Empresas,TRACTOMULA,0.06,1,0.06,0.01
TJB048,4,78.181,4,1,Empresas,TRACTOMULA,0.22,4,0.22,0.03
TJB302,38,132.861,38,24,Terceros,TURBO,2.12,14,0.78,0.28
TJB443,2,69.0,2,1,Empresas,TRACTOMULA,0.11,2,0.11,0.01
TJB444,2,69.0,2,1,Empresas,TRACTOMULA,0.11,2,0.11,0.01
TJK045,198,1747.785,183,29,Terceros,SENCILLO,11.06,14,0.78,1.47
TJQ210,272,609.11,261,15,Terceros,TURBO,15.19,16,0.89,1.5
TJV020,2,66.0,2,1,Empresas,TRACTOMULA,0.11,2,0.11,0.01
TJV067,3,60.588,3,2,Empresas,TRACTOMULA,0.17,3,0.17,0.02
TJV166,1,28.0,1,1,Empresas,TRACTOMULA,0.06,1,0.06,0.01
TJV218,11,315.082,10,9,Terceros,TRACTOMULA,0.61,9,0.5,0.08
TJV249,2,60.48,2,2,Empresas,TRACTOMULA,0.11,2,0.11,0.01
TJV395,1,14.0,1,1,Empresas,TRACTOMULA,0.06,1,0.06,0.01
TJV414,2,65.71199999999999,2,2,Empresas,TRACTOMULA,0.11,1,0.06,0.01
TJV505,145,645.019,133,11,Terceros,SENCILLO,8.1,15,0.83,1.07
TJV624,118,656.294,113,49,Terceros,SENCILLO,6.59,18,1.0,0.87
TJV655,32,121.205,32,14,Terceros,TURBO,1.79,14,0.78,0.24
TJV866,1,4.189,1,1,Empresas,TURBO,0.06,1,0.06,0.01
TJV885,1,24.217,1,1,Empresas,TRACTOMULA,0.06,1,0.06,0.01
TJV886,19,607.324,19,6,Empresas,TRACTOMULA,1.06,7,0.39,0.14
TJW031,1,4.247,1,1,Empresas,TURBO,0.06,1,0.06,0.01
TJW362,4,132.0,4,1,Terceros,TRACTOMULA,0.22,1,0.06,0.03
TJW441,3,13.673,3,2,Empresas,TURBO,0.17,3,0.17,0.02
TJW699,25,129.828,25,23,Terceros,SENCILLO,1.4,6,0.33,0.19
TJW794,1023,34782.0,141,2,Flota Propia,TRACTOMULA,57.14,18,1.0,1.5
TJX608,2,9.872,2,2,Empresas,SENCILLO,0.11,2,0.11,0.01
TJX881,2,17.0,2,1,Empresas,SENCILLO,0.11,2,0.11,0.01
TJY013,43,1462.0,41,19,Terceros,TRACTOMULA,2.4,11,0.61,0.32
TJY019,1,31.0,1,1,Empresas,TRACTOMULA,0.06,1,0.06,0.01
TJY022,3,25.732999999999997,3,3,Empresas,SENCILLO,0.17,1,0.06,0.02
TJY033,38,1292.0,33,14,Terceros,TRACTOMULA,2.12,12,0.67,0.28
TJY063,15,409.705,15,14,Terceros,TRACTOMULA,0.84,12,0.67,0.11
TJY166,1,29.0,1,1,Empresas,TRACTOMULA,0.06,1,0.06,0.01
TJY230,78,2650.24,73,18,Terceros,TRACTOMULA,4.36,18,1.0,0.58
TJY231,99,3310.4,83,23,Terceros,TRACTOMULA,5.53,17,0.94,0.73
TJY311,384,3415.973,349,20,Terceros,SENCILLO,21.45,18,1.0,1.5
TJY327,46,1564.0,35,12,Terceros,TRACTOMULA,2.57,7,0.39,0.34
TJY537,4,101.793,4,3,Empresas,TRACTOMULA,0.22,3,0.17,0.03
TJY554,1,21.0,1,1,Empresas,TRACTOMULA,0.06,1,0.06,0.01
TJY581,1,32.368,1,1,Empresas,TRACTOMULA,0.06,1,0.06,0.01
TJY913,202,1078.26,195,24,Terceros,TURBO,11.28,17,0.94,1.5
TJZ075,1,3.193,1,1,Empresas,TURBO,0.06,1,0.06,0.01
TJZ161,17,66.085,17,12,Empresas,TURBO,0.95,5,0.28,0.13
TJZ183,105,1653.022,104,40,Terceros,DOBLETROQUE,5.86,18,1.0,0.78
TJZ565,34,127.523,34,10,Terceros,TURBO,1.9,14,0.78,0.25
TJZ685,4,66.644,4,3,Empresas,TRACTOMULA,0.22,2,0.11,0.03
TJZ777,1,24.525,1,1,Empresas,TRACTOMULA,0.06,1,0.06,0.01
TJZ957,4,53.801,4,2,Empresas,TRACTOMULA,0.22,2,0.11,0.03
TJZ964,2,64.834,2,2,Terceros,TRACTOMULA,0.11,2,0.11,0.01
TJZ999,10,128.96800000000002,10,6,Empresas,TRACTOMULA,0.56,7,0.39,0.07
TKD059,1,16.0,1,1,Terceros,TRACTOMULA,0.06,1,0.06,0.01
TKD206,4,63.945,4,4,Empresas,DOBLETROQUE,0.22,3,0.17,0.03
TKD298,1,15.530999999999999,1,1,Empresas,DOBLETROQUE,0.06,1,0.06,0.01
TKD404,2,64.605,2,1,Empresas,TRACTOMULA,0.11,1,0.06,0.01
TKF406,265,735.402,260,11,Terceros,TURBO,14.8,18,1.0,1.5
TKF423,1,33.637,1,1,Empresas,TRACTOMULA,0.06,1,0.06,0.01
TKG063,162,1234.182,158,69,Terceros,SENCILLO,9.05,18,1.0,1.2
TKG129,1,16.1,1,1,Empresas,TRACTOMULA,0.06,1,0.06,0.01
TKG230,1,7.763,1,1,Terceros,SENCILLO,0.06,1,0.06,0.01
TKG515,12,208.175,12,4,Empresas,TRACTOMULA,0.67,6,0.33,0.09
TKH194,1,8.646,1,1,Empresas,SENCILLO,0.06,1,0.06,0.01
TKH280,1,34.5,1,1,Empresas,TRACTOMULA,0.06,1,0.06,0.01
TKH489,1,15.216,1,1,Empresas,TRACTOMULA,0.06,1,0.06,0.01
TKH490,57,1192.746,56,21,Terceros,TRACTOMULA,3.18,18,1.0,0.42
TKH616,14,460.362,14,2,Empresas,TRACTOMULA,0.78,7,0.39,0.1
TKH619,1,32.0,1,1,Empresas,TRACTOMULA,0.06,1,0.06,0.01
TKH641,11,251.212,11,3,Empresas,TRACTOMULA,0.61,6,0.33,0.08
TKH657,1,13.13,1,1,Empresas,SENCILLO,0.06,1,0.06,0.01
TKH796,8,123.455,8,2,Empresas,TRACTOMULA,0.45,5,0.28,0.06
TKH976,2,28.393,2,2,Empresas,TRACTOMULA,0.11,2,0.11,0.01
TKI009,1,8.231,1,1,Terceros,SENCILLO,0.06,1,0.06,0.01
TKI010,57,484.155,57,33,Terceros,SENCILLO,3.18,15,0.83,0.42
TKI021,1,12.893,1,1,Empresas,TRACTOMULA,0.06,1,0.06,0.01
TKI146,1,9.408,1,1,Empresas,TRACTOMULA,0.06,1,0.06,0.01
TKI233,1,8.27,1,1,Empresas,TRACTOMULA,0.06,1,0.06,0.01
TKI260,14,243.98,14,5,Empresas,TRACTOMULA,0.78,4,0.22,0.1
TKI291,2,31.990000000000002,2,2,Empresas,DOBLETROQUE,0.11,2,0.11,0.01
TKK131,796,11727.493,187,17,Terceros,TRACTOMULA,44.46,18,1.0,1.5
TLA702,1,7.936,1,1,Empresas,SENCILLO,0.06,1,0.06,0.01
TLK120,1,32.826,1,1,Empresas,TRACTOMULA,0.06,1,0.06,0.01
TLK122,2,62.926,2,2,Empresas,TRACTOMULA,0.11,1,0.06,0.01
TLK487,1,32.364,1,1,Terceros,TRACTOMULA,0.06,1,0.06,0.01
TLM007,163,983.143,160,9,Flota Propia,SENCILLO,9.1,18,1.0,1.21
TLM009,3,54.104,3,2,Empresas,TRACTOMULA,0.17,3,0.17,0.02
TLM031,14,379.327,14,8,Empresas,TRACTOMULA,0.78,8,0.44,0.1
TLM133,3,28.867,3,1,Empresas,TRACTOMULA,0.17,3,0.17,0.02
TLM184,1,4.5,1,1,Empresas,TURBO,0.06,1,0.06,0.01
TLM190,78,2362.843,78,33,Terceros,TRACTOMULA,4.36,18,1.0,0.58
TLM231,1,7.013999999999999,1,1,Empresas,SENCILLO,0.06,1,0.06,0.01
TLM455,1,32.367000000000004,1,1,Empresas,TRACTOMULA,0.06,1,0.06,0.01
TLM513,11,349.993,11,8,Terceros,TRACTOMULA,0.61,8,0.44,0.08
TLM617,39,1241.857,39,18,Terceros,TRACTOMULA,2.18,17,0.94,0.29
TLM618,3,65.673,3,3,Empresas,TRACTOMULA,0.17,3,0.17,0.02
TLM675,2,43.09100000000001,2,1,Empresas,TRACTOMULA,0.11,2,0.11,0.01
TLM685,1,15.64,1,1,Empresas,DOBLETROQUE,0.06,1,0.06,0.01
TLM715,1,33.7,1,1,Terceros,TRACTOMULA,0.06,1,0.06,0.01
TLM776,2,62.327,2,2,Terceros,TRACTOMULA,0.11,2,0.11,0.01
TLM794,1,34.5,1,1,Empresas,TRACTOMULA,0.06,1,0.06,0.01
TLN045,1,3.874,1,1,Empresas,TURBO,0.06,1,0.06,0.01
TLN122,256,427.427,227,10,Terceros,TURBO,14.3,18,1.0,1.5
TLN162,1,33.418,1,1,Empresas,TRACTOMULA,0.06,1,0.06,0.01
TLN286,139,874.41,138,8,Flota Propia,SENCILLO,7.76,18,1.0,1.03
TLN555,2,41.76,2,1,Empresas,TRACTOMULA,0.11,1,0.06,0.01
TLN659,1,4.219,1,1,Empresas,TURBO,0.06,1,0.06,0.01
TLN753,4,128.079,4,3,Empresas,TRACTOMULA,0.22,4,0.22,0.03
TLN790,150,560.327,141,48,Terceros,TURBO,8.38,18,1.0,1.11
TLN860,2,66.98400000000001,2,2,Terceros,TRACTOMULA,0.11,2,0.11,0.01
TLO034,10,264.025,10,2,Empresas,TRACTOMULA,0.56,7,0.39,0.07
TLO322,1,9.0,1,1,Terceros,SENCILLO,0.06,1,0.06,0.01
TLO616,1,8.0,1,1,Empresas,TRACTOMULA,0.06,1,0.06,0.01
TLO927,1,16.297,1,1,Empresas,DOBLETROQUE,0.06,1,0.06,0.01
TLP090,4,127.10400000000001,4,2,Empresas,TRACTOMULA,0.22,2,0.11,0.03
TLP375,36,295.836,36,22,Terceros,SENCILLO,2.01,10,0.56,0.27
TLP560,46,401.884,46,17,Terceros,SENCILLO,2.57,18,1.0,0.34
TLP916,34,293.704,34,16,Terceros,SENCILLO,1.9,16,0.89,0.25
TLP968,6,48.933,6,6,Terceros,SENCILLO,0.34,4,0.22,0.05
TLP986,1,9.574,1,1,Empresas,SENCILLO,0.06,1,0.06,0.01
TLQ088,1,16.264,1,1,Empresas,DOBLETROQUE,0.06,1,0.06,0.01
TLQ098,1,8.695,1,1,Terceros,SENCILLO,0.06,1,0.06,0.01
TLQ127,3,25.198,3,2,Terceros,SENCILLO,0.17,3,0.17,0.02
TLQ164,1,28.832,1,1,Empresas,TRACTOMULA,0.06,1,0.06,0.01
TLQ230,1,34.5,1,1,Empresas,TRACTOMULA,0.06,1,0.06,0.01
TLQ282,3,48.364000000000004,3,3,Terceros,CUATROMANOS,0.17,2,0.11,0.02
TLQ434,1,8.756,1,1,Terceros,SENCILLO,0.06,1,0.06,0.01
TLQ764,27,152.719,27,17,Terceros,SENCILLO,1.51,12,0.67,0.2
TLT723,1,33.046,1,1,Empresas,TRACTOMULA,0.06,1,0.06,0.01
TLV895,50,152.215,49,27,Terceros,TURBO,2.79,10,0.56,0.37
TLW127,1,1.5929999999999993,1,1,Terceros,TURBO,0.06,1,0.06,0.01
TLX676,10,345.0,10,2,Empresas,TRACTOMULA,0.56,7,0.39,0.07
TLX686,12,414.0,12,2,Empresas,TRACTOMULA,0.67,6,0.33,0.09
TLX931,2,14.573,2,2,Empresas,SENCILLO,0.11,2,0.11,0.01
TLY050,163,1469.234,158,11,Terceros,SENCILLO,9.1,14,0.78,1.21
TLY164,1,27.0,1,1,Empresas,TRACTOMULA,0.06,1,0.06,0.01
TLY203,1,6.55,1,1,Empresas,SENCILLO,0.06,1,0.06,0.01
TLY582,1,8.641,1,1,Empresas,SENCILLO,0.06,1,0.06,0.01
TLY956,4,128.753,4,3,Terceros,TRACTOMULA,0.22,4,0.22,0.03
TLZ063,1,29.136,1,1,Empresas,TRACTOMULA,0.06,1,0.06,0.01
TLZ533,1,4.27,1,1,Empresas,TURBO,0.06,1,0.06,0.01
TLZ755,1,7.671000000000001,1,1,Empresas,SENCILLO,0.06,1,0.06,0.01
TLZ974,1,27.0,1,1,Empresas,TRACTOMULA,0.06,1,0.06,0.01
TMB070,18,288.876,18,12,Terceros,CUATROMANOS,1.01,11,0.61,0.13
TMF822,3,94.431,3,3,Empresas,TRACTOMULA,0.17,2,0.11,0.02
TMG021,1,15.0,1,1,Terceros,TRACTOMULA,0.06,1,0.06,0.01
TMG709,1,32.82,1,1,Empresas,TRACTOMULA,0.06,1,0.06,0.01
TMH060,31,454.555,30,10,Terceros,DOBLETROQUE,1.73,14,0.78,0.23
TMH414,1,16.402,1,1,Empresas,TRACTOMULA,0.06,1,0.06,0.01
TMJ516,17,256.982,17,9,Terceros,DOBLETROQUE,0.95,5,0.28,0.13
TMO001,79,688.63,77,8,Terceros,SENCILLO,4.41,6,0.33,0.58
TMO510,22,696.556,22,14,Terceros,TRACTOMULA,1.23,10,0.56,0.16
TMO989,381,3384.615,285,11,Terceros,SENCILLO,21.28,18,1.0,1.5
TMP836,110,1039.275,95,21,Terceros,SENCILLO,6.14,10,0.56,0.81
TMU164,5,123.547,5,5,Terceros,TRACTOMULA,0.28,3,0.17,0.04
TMU519,3,26.409,3,3,Terceros,SENCILLO,0.17,2,0.11,0.02
TMU703,22,382.831,22,8,Empresas,TRACTOMULA,1.23,9,0.5,0.16
TMU919,1,33.583,1,1,Empresas,TRACTOMULA,0.06,1,0.06,0.01
TMV154,1,20.845,1,1,Empresas,TRACTOMULA,0.06,1,0.06,0.01
TMV344,1,19.219,1,1,Empresas,TRACTOMULA,0.06,1,0.06,0.01
TMV563,574,2503.916,303,10,Terceros,TURBO,32.06,18,1.0,1.5
TMV575,2,59.866,2,2,Empresas,TRACTOMULA,0.11,2,0.11,0.01
TMV802,7,22.409999999999997,7,7,Terceros,TURBO,0.39,3,0.17,0.05
TMV852,2,53.046,2,2,Empresas,TRACTOMULA,0.11,2,0.11,0.01
TMW163,1,33.1,1,1,Empresas,TRACTOMULA,0.06,1,0.06,0.01
TMW177,1,32.208,1,1,Empresas,TRACTOMULA,0.06,1,0.06,0.01
TMW305,2,41.459999999999994,2,2,Empresas,TRACTOMULA,0.11,2,0.11,0.01
TMW309,1,16.675,1,1,Empresas,TRACTOMULA,0.06,1,0.06,0.01
TMW333,1,4.390000000000001,1,1,Empresas,TRACTOMULA,0.06,1,0.06,0.01
TMW461,2,36.351,2,2,Empresas,TRACTOMULA,0.11,2,0.11,0.01
TMW469,1,25.551,1,1,Empresas,TRACTOMULA,0.06,1,0.06,0.01
TMW533,34,120.807,34,18,Terceros,TURBO,1.9,17,0.94,0.25
TMW808,118,434.616,108,36,Terceros,TURBO,6.59,14,0.78,0.87
TMW816,149,2286.672,145,15,Terceros,DOBLETROQUE,8.32,14,0.78,1.1
TMX425,1,25.0,1,1,Empresas,TRACTOMULA,0.06,1,0.06,0.01
TMX857,57,409.811,56,21,Terceros,SENCILLO,3.18,18,1.0,0.42
TMY202,1,32.49,1,1,Empresas,TRACTOMULA,0.06,1,0.06,0.01
TMY204,2,68.5,2,2,Empresas,TRACTOMULA,0.11,2,0.11,0.01
TMY219,4,52.38399999999999,3,2,Empresas,DOBLETROQUE,0.22,2,0.11,0.03
TMY225,2,7.21,2,1,Terceros,SENCILLO,0.11,1,0.06,0.01
TMY767,14,99.97200000000001,14,7,Terceros,SENCILLO,0.78,6,0.33,0.1
TMY805,5,81.003,5,1,Empresas,TRACTOMULA,0.28,3,0.17,0.04
TMZ217,6,192.245,6,4,Empresas,TRACTOMULA,0.34,5,0.28,0.05
TMZ260,21,338.861,21,3,Empresas,TRACTOMULA,1.17,13,0.72,0.16
TMZ263,15,480.35,15,3,Empresas,TRACTOMULA,0.84,9,0.5,0.11
TMZ413,1204,25991.518,225,4,Empresas,TRACTOMULA,67.25,17,0.94,1.5
TMZ459,2,7.904000000000001,2,2,Terceros,TURBO,0.11,2,0.11,0.01
TMZ813,32,514.93,32,15,Terceros,DOBLETROQUE,1.79,10,0.56,0.24
TNB111,31,510.709,31,9,Terceros,TRACTOMULA,1.73,16,0.89,0.23
TNB261,1,33.308,1,1,Empresas,TRACTOMULA,0.06,1,0.06,0.01
TNB384,1,34.5,1,1,Empresas,TRACTOMULA,0.06,1,0.06,0.01
TNB397,21,680.173,20,4,Empresas,TRACTOMULA,1.17,10,0.56,0.16
TNB454,1,28.0,1,1,Empresas,TRACTOMULA,0.06,1,0.06,0.01
TNB509,1,16.452,1,1,Empresas,DOBLETROQUE,0.06,1,0.06,0.01
TNB555,1,25.0,1,1,Empresas,TRACTOMULA,0.06,1,0.06,0.01
TNB608,237,3632.961,214,46,Terceros,DOBLETROQUE,13.24,18,1.0,1.5
TNB716,22,323.584,21,7,Terceros,DOBLETROQUE,1.23,12,0.67,0.16
TNB789,1,15.23,1,1,Empresas,DOBLETROQUE,0.06,1,0.06,0.01
TNB935,1,34.5,1,1,Empresas,TRACTOMULA,0.06,1,0.06,0.01
TNB970,1,16.33,1,1,Terceros,DOBLETROQUE,0.06,1,0.06,0.01
TNC008,1,30.856,1,1,Empresas,TRACTOMULA,0.06,1,0.06,0.01
TNC172,181,2654.446,164,26,Terceros,DOBLETROQUE,10.11,18,1.0,1.34
TNC882,1,33.004,1,1,Empresas,TRACTOMULA,0.06,1,0.06,0.01
TNE180,3,19.286,3,2,Terceros,SENCILLO,0.17,2,0.11,0.02
TNE416,320,4753.281,292,16,Terceros,DOBLETROQUE,17.87,18,1.0,1.5
TNF501,1,33.589,1,1,Empresas,TRACTOMULA,0.06,1,0.06,0.01
TNF515,37,1141.594,34,14,Terceros,TRACTOMULA,2.07,6,0.33,0.27
TNF558,73,540.322,73,15,Terceros,SENCILLO,4.08,18,1.0,0.54
TNG700,17,281.23,17,3,Empresas,TRACTOMULA,0.95,11,0.61,0.13
TNH252,3,103.5,3,1,Empresas,TRACTOMULA,0.17,2,0.11,0.02
TNJ238,34,524.27,33,17,Terceros,CUATROMANOS,1.9,16,0.89,0.25
TOB742,30,214.063,30,9,Empresas,SENCILLO,1.68,8,0.44,0.22
TOQ108,85,316.455,85,25,Terceros,TURBO,4.75,18,1.0,0.63
TOQ217,1,7.253,1,1,Empresas,SENCILLO,0.06,1,0.06,0.01
TOQ471,35,139.128,20,12,Terceros,TURBO,1.95,6,0.33,0.26
TOQ714,50,281.276,49,32,Terceros,SENCILLO,2.79,12,0.67,0.37
TOQ906,347,2067.083,326,27,Terceros,SENCILLO,19.38,18,1.0,1.5
TOQ986,384,2027.507,350,26,Terceros,SENCILLO,21.45,18,1.0,1.5
TOR463,391,1285.684,349,21,Terceros,TURBO,21.84,18,1.0,1.5
TOR557,8,57.405,8,8,Empresas,SENCILLO,0.45,5,0.28,0.06
TOR616,157,1269.753,141,59,Terceros,SENCILLO,8.77,18,1.0,1.16
TOR966,3,11.850999999999999,3,3,Terceros,TURBO,0.17,1,0.06,0.02
TOS002,1,3.782,1,1,Empresas,TURBO,0.06,1,0.06,0.01
TPE901,17,194.558,16,5,Empresas,DOBLETROQUE,0.95,9,0.5,0.13
TPJ446,8,98.455,8,3,Empresas,DOBLETROQUE,0.45,4,0.22,0.06
TPL155,213,1890.021,204,32,Terceros,SENCILLO,11.9,18,1.0,1.5
TPL401,2,25.299999999999997,2,2,Empresas,DOBLETROQUE,0.11,2,0.11,0.01
TPM465,3,24.944,3,3,Empresas,SENCILLO,0.17,2,0.11,0.02
TPN194,8,60.313,8,6,Terceros,SENCILLO,0.45,5,0.28,0.06
TPQ524,4,77.928,4,4,Empresas,TRACTOMULA,0.22,4,0.22,0.03
TPR998,42,1346.698,42,7,Terceros,TRACTOMULA,2.35,14,0.78,0.31
TPT856,1,30.0,1,1,Empresas,TRACTOMULA,0.06,1,0.06,0.01
TPT970,1,17.453,1,1,Empresas,TRACTOMULA,0.06,1,0.06,0.01
TPU404,1,33.605000000000004,1,1,Empresas,TRACTOMULA,0.06,1,0.06,0.01
TPU405,1,12.066,1,1,Empresas,TRACTOMULA,0.06,1,0.06,0.01
TPU693,1,21.65,1,1,Empresas,TRACTOMULA,0.06,1,0.06,0.01
TPV309,1,30.874,1,1,Empresas,TRACTOMULA,0.06,1,0.06,0.01
TPV329,1,31.988,1,1,Empresas,TRACTOMULA,0.06,1,0.06,0.01
TPV847,2,22.891,2,2,Empresas,DOBLETROQUE,0.11,2,0.11,0.01
TPW947,10,320.89,10,8,Terceros,TRACTOMULA,0.56,8,0.44,0.07
TPX368,359,3089.448,325,41,Terceros,SENCILLO,20.05,18,1.0,1.5
TPX912,7,241.0,7,3,Empresas,TRACTOMULA,0.39,4,0.22,0.05
TPY161,1,29.0,1,1,Empresas,TRACTOMULA,0.06,1,0.06,0.01
TPY785,1,15.084000000000001,1,1,Empresas,TRACTOMULA,0.06,1,0.06,0.01
TPY996,1,7.423,1,1,Terceros,SENCILLO,0.06,1,0.06,0.01
TPZ292,1,31.369,1,1,Empresas,TRACTOMULA,0.06,1,0.06,0.01
TQJ509,212,3241.955,199,26,Terceros,DOBLETROQUE,11.84,18,1.0,1.5
TQJ695,123,1061.632,120,11,Terceros,SENCILLO,6.87,15,0.83,0.91
TRB202,1,11.699,1,1,Empresas,DOBLETROQUE,0.06,1,0.06,0.01
TRB408,1,18.31,1,1,Empresas,TRACTOMULA,0.06,1,0.06,0.01
TRB616,5,161.071,5,2,Empresas,TRACTOMULA,0.28,3,0.17,0.04
TRB694,1,27.0,1,1,Empresas,TRACTOMULA,0.06,1,0.06,0.01
TRB711,8,240.68300000000002,8,3,Empresas,TRACTOMULA,0.45,4,0.22,0.06
TRB807,135,2834.425,51,13,Terceros,TRACTOMULA,7.54,12,0.67,1.0
TRC081,1,31.807,1,1,Empresas,TRACTOMULA,0.06,1,0.06,0.01
TRC238,1,30.0,1,1,Empresas,TRACTOMULA,0.06,1,0.06,0.01
TRC318,4,124.007,4,2,Empresas,TRACTOMULA,0.22,1,0.06,0.03
TRC553,74,1831.129,65,9,Terceros,TRACTOMULA,4.13,13,0.72,0.55
TRC558,1,27.2,1,1,Empresas,TRACTOMULA,0.06,1,0.06,0.01
TRC571,1,33.431,1,1,Empresas,TRACTOMULA,0.06,1,0.06,0.01
TRC747,7,207.0,5,4,Terceros,TRACTOMULA,0.39,1,0.06,0.05
TRC757,1,29.059,1,1,Empresas,TRACTOMULA,0.06,1,0.06,0.01
TRD658,1,3.663,1,1,Empresas,TURBO,0.06,1,0.06,0.01
TRD797,1,33.166,1,1,Empresas,TRACTOMULA,0.06,1,0.06,0.01
TRE611,96,2080.796,96,10,Terceros,TRACTOMULA,5.36,18,1.0,0.71
TRE620,71,1531.549,71,16,Terceros,TRACTOMULA,3.97,17,0.94,0.53
TRF133,1,28.0,1,1,Empresas,TRACTOMULA,0.06,1,0.06,0.01
TRF148,4,138.0,4,2,Empresas,TRACTOMULA,0.22,3,0.17,0.03
TRF493,90,243.035,86,35,Terceros,TURBO,5.03,17,0.94,0.67
TRF504,2,69.0,2,1,Empresas,TRACTOMULA,0.11,2,0.11,0.01
TRF971,19,71.83,19,7,Terceros,TURBO,1.06,7,0.39,0.14
TRG044,1,5.315,1,1,Terceros,SENCILLO,0.06,1,0.06,0.01
TRG105,35,287.367,29,5,Terceros,SENCILLO,1.95,3,0.17,0.26
TRG723,1,32.0,1,1,Empresas,TRACTOMULA,0.06,1,0.06,0.01
TRG898,2,8.496,2,2,Empresas,TURBO,0.11,2,0.11,0.01
TRH516,1,27.0,1,1,Empresas,TRACTOMULA,0.06,1,0.06,0.01
TRH517,10,183.847,10,4,Empresas,TRACTOMULA,0.56,8,0.44,0.07
TRH638,4,138.0,4,2,Empresas,TRACTOMULA,0.22,3,0.17,0.03
TRH707,1,29.399,1,1,Empresas,TRACTOMULA,0.06,1,0.06,0.01
TRH718,1,20.0,1,1,Empresas,TRACTOMULA,0.06,1,0.06,0.01
TRH741,1,8.125,1,1,Terceros,SENCILLO,0.06,1,0.06,0.01
TRH806,97,2993.05,93,8,Terceros,TRACTOMULA,5.42,18,1.0,0.72
TRH836,1,30.240000000000002,1,1,Empresas,TRACTOMULA,0.06,1,0.06,0.01
TRH866,1,18.82,1,1,Empresas,TRACTOMULA,0.06,1,0.06,0.01
TRH870,9,140.564,9,2,Empresas,TRACTOMULA,0.5,7,0.39,0.07
TRH903,7,145.613,7,7,Empresas,TRACTOMULA,0.39,5,0.28,0.05
TRI101,19,75.156,19,6,Terceros,TURBO,1.06,10,0.56,0.14
TRI116,2,4.987,2,2,Empresas,TURBO,0.11,2,0.11,0.01
TRI168,204,636.053,199,6,Terceros,TURBO,11.39,18,1.0,1.5
TRI488,85,295.127,83,50,Terceros,TURBO,4.75,16,0.89,0.63
TRI703,1,18.0,1,1,Empresas,TRACTOMULA,0.06,1,0.06,0.01
TRI917,4,61.58,4,2,Empresas,TRACTOMULA,0.22,3,0.17,0.03
TRI933,3,103.5,3,1,Empresas,TRACTOMULA,0.17,2,0.11,0.02
TRI937,2,69.0,2,1,Empresas,TRACTOMULA,0.11,1,0.06,0.01
TRJ003,40,745.116,40,11,Empresas,TRACTOMULA,2.23,17,0.94,0.3
TRJ023,111,2324.951,109,10,Terceros,TRACTOMULA,6.2,18,1.0,0.82
TRJ079,2,27.456,2,1,Empresas,TRACTOMULA,0.11,2,0.11,0.01
TRJ087,1,32.659,1,1,Empresas,TRACTOMULA,0.06,1,0.06,0.01
TRJ212,1,25.0,1,1,Empresas,TRACTOMULA,0.06,1,0.06,0.01
TRJ419,237,1654.881,230,11,Empresas,SENCILLO,13.24,18,1.0,1.5
TRJ449,5,164.32,5,2,Empresas,TRACTOMULA,0.28,3,0.17,0.04
TRJ451,1,18.869,1,1,Empresas,TRACTOMULA,0.06,1,0.06,0.01
TRJ680,19,299.59000000000003,19,3,Empresas,TRACTOMULA,1.06,11,0.61,0.14
TRJ708,1,29.012,1,1,Empresas,TRACTOMULA,0.06,1,0.06,0.01
TRJ844,1,32.066,1,1,Empresas,TRACTOMULA,0.06,1,0.06,0.01
TRK451,2,29.369,2,2,Empresas,TRACTOMULA,0.11,2,0.11,0.01
TRK452,6,103.27,6,4,Empresas,TRACTOMULA,0.34,5,0.28,0.05
TRK452 ,2,39.071,2,2,Empresas,TRACTOMULA,0.11,2,0.11,0.01
TRK459,3,91.455,3,3,Terceros,TRACTOMULA,0.17,2,0.11,0.02
TRK629,7,170.722,7,6,Terceros,TRACTOMULA,0.39,6,0.33,0.05
TRK645,1,15.454,1,1,Empresas,TRACTOMULA,0.06,1,0.06,0.01
TRK776,13,87.114,13,10,Terceros,SENCILLO,0.73,6,0.33,0.1
TRK878,2,56.06,2,2,Terceros,TRACTOMULA,0.11,2,0.11,0.01
TRL102,3,82.074,3,2,Empresas,TRACTOMULA,0.17,1,0.06,0.02
TRL111,1,13.88,1,1,Empresas,TRACTOMULA,0.06,1,0.06,0.01
TRL503,48,188.149,41,25,Terceros,TURBO,2.68,11,0.61,0.36
TRL754,1,23.0,1,1,Empresas,TRACTOMULA,0.06,1,0.06,0.01
TRL756,58,1151.0,9,3,Empresas,TRACTOMULA,3.24,3,0.17,0.43
TRL763,444,9680.542,141,3,Empresas,TRACTOMULA,24.8,10,0.56,1.5
TRM075,15,115.336,15,10,Terceros,SENCILLO,0.84,6,0.33,0.11
TRM151,3,12.572,3,2,Terceros,TURBO,0.17,1,0.06,0.02
TRM369,49,352.787,48,21,Terceros,SENCILLO,2.74,16,0.89,0.36
TRM683,1,32.596000000000004,1,1,Empresas,TRACTOMULA,0.06,1,0.06,0.01
TRM684,28,805.004,27,12,Terceros,TRACTOMULA,1.56,7,0.39,0.21
TRM686,40,1237.426,38,24,Terceros,TRACTOMULA,2.23,14,0.78,0.3
TRM688,5,138.668,5,5,Terceros,TRACTOMULA,0.28,5,0.28,0.04
TRM715,1,33.58,1,1,Empresas,TRACTOMULA,0.06,1,0.06,0.01
TRM716,1,32.168,1,1,Empresas,TRACTOMULA,0.06,1,0.06,0.01
TRM717,1,29.729,1,1,Empresas,TRACTOMULA,0.06,1,0.06,0.01
TRM748,1,7.864,1,1,Empresas,SENCILLO,0.06,1,0.06,0.01
TRM818,1,27.0,1,1,Empresas,TRACTOMULA,0.06,1,0.06,0.01
TRN032,145,2778.105,53,3,Empresas,TRACTOMULA,8.1,14,0.78,1.07
TRN036,1,31.179000000000002,1,1,Empresas,TRACTOMULA,0.06,1,0.06,0.01
TRN040,2,53.417,2,2,Empresas,TRACTOMULA,0.11,2,0.11,0.01
TRN055,1,30.213,1,1,Empresas,TRACTOMULA,0.06,1,0.06,0.01
TRN073,1,27.358,1,1,Empresas,TRACTOMULA,0.06,1,0.06,0.01
TRN096,1,28.0,1,1,Empresas,TRACTOMULA,0.06,1,0.06,0.01
TRN110,1,32.5,1,1,Empresas,TRACTOMULA,0.06,1,0.06,0.01
TRN119,1,32.604,1,1,Empresas,TRACTOMULA,0.06,1,0.06,0.01
TRN127,16,507.083,16,7,Terceros,TRACTOMULA,0.89,4,0.22,0.12
TRN128,1,32.54,1,1,Terceros,TRACTOMULA,0.06,1,0.06,0.01
TRN137,521,17143.906,108,3,Flota Propia,TRACTOMULA,29.1,18,1.0,1.5
TRN140,1,33.397999999999996,1,1,Empresas,TRACTOMULA,0.06,1,0.06,0.01
TRN317,1,3.298,1,1,Empresas,TURBO,0.06,1,0.06,0.01
TSC182,3,85.182,3,2,Empresas,TRACTOMULA,0.17,2,0.11,0.02
TSC581,1,1.079,1,1,Empresas,SENCILLO,0.06,1,0.06,0.01
TSD075,1,18.0,1,1,Empresas,TRACTOMULA,0.06,1,0.06,0.01
TSE086,2,64.38499999999999,2,2,Empresas,TRACTOMULA,0.11,2,0.11,0.01
TSE846,1,31.6,1,1,Terceros,TRACTOMULA,0.06,1,0.06,0.01
TSH966,1,28.0,1,1,Empresas,TRACTOMULA,0.06,1,0.06,0.01
TSI538,15,513.0,15,2,Empresas,TRACTOMULA,0.84,10,0.56,0.11
TSI539,1,18.785,1,1,Empresas,TRACTOMULA,0.06,1,0.06,0.01
TSK560,20,70.817,20,19,Terceros,TURBO,1.12,5,0.28,0.15
TSM110,1,25.9,1,1,Empresas,TRACTOMULA,0.06,1,0.06,0.01
TSM295,47,395.964,43,15,Terceros,SENCILLO,2.63,4,0.22,0.35
TSM375,12,316.86,10,11,Terceros,TRACTOMULA,0.67,4,0.22,0.09
TSM409,95,2619.802,92,45,Terceros,TRACTOMULA,5.31,18,1.0,0.7
TSP606,4,99.971,4,3,Empresas,TRACTOMULA,0.22,2,0.11,0.03
TSP737,1,4.293,1,1,Empresas,TURBO,0.06,1,0.06,0.01
TSQ014,1,7.0,1,1,Empresas,SENCILLO,0.06,1,0.06,0.01
TSQ105,1,8.353,1,1,Empresas,SENCILLO,0.06,1,0.06,0.01
TSR898,1,25.0,1,1,Empresas,TRACTOMULA,0.06,1,0.06,0.01
TSS484,1,0.46799999999999997,1,1,Empresas,TURBO,0.06,1,0.06,0.01
TST491,212,867.0,82,10,Terceros,TURBO,11.84,4,0.22,1.5
TSU407,1,8.772,1,1,Empresas,SENCILLO,0.06,1,0.06,0.01
TSU423,2,63.724999999999994,2,1,Empresas,TRACTOMULA,0.11,2,0.11,0.01
TSU516,33,988.562,33,17,Terceros,TRACTOMULA,1.84,13,0.72,0.24
TSV015,1,32.0,1,1,Empresas,TRACTOMULA,0.06,1,0.06,0.01
TSV126,3,27.293,3,3,Terceros,SENCILLO,0.17,2,0.11,0.02
TSV197,84,2361.43,83,21,Flota Propia,TRACTOMULA,4.69,18,1.0,0.62
TSW483,209,1130.209,163,19,Terceros,SENCILLO,11.67,15,0.83,1.5
TSW602,1,7.414999999999999,1,1,Empresas,SENCILLO,0.06,1,0.06,0.01
TSW769,1,6.3180000000000005,1,1,Empresas,SENCILLO,0.06,1,0.06,0.01
TSW843,1,9.199,1,1,Empresas,TRACTOMULA,0.06,1,0.06,0.01
TSX136,14,258.285,14,3,Empresas,TRACTOMULA,0.78,6,0.33,0.1
TSX200,1,14.046,1,1,Empresas,TRACTOMULA,0.06,1,0.06,0.01
TSX491,4,16.290999999999997,4,3,Terceros,TURBO,0.22,2,0.11,0.03
TSX573,7,125.964,7,5,Empresas,TRACTOMULA,0.39,6,0.33,0.05
TSY015,20,600.239,18,6,Terceros,TRACTOMULA,1.12,5,0.28,0.15
TSY018,1,32.714,1,1,Empresas,TRACTOMULA,0.06,1,0.06,0.01
TSZ161,67,222.91400000000002,67,31,Terceros,TURBO,3.74,17,0.94,0.5
TTG129,3,23.758,3,3,Terceros,SENCILLO,0.17,2,0.11,0.02
TTG199,1,33.481,1,1,Empresas,TRACTOMULA,0.06,1,0.06,0.01
TTG343,1,32.704,1,1,Empresas,TRACTOMULA,0.06,1,0.06,0.01
TTG389,1,18.0,1,1,Empresas,TRACTOMULA,0.06,1,0.06,0.01
TTG410,1,8.034,1,1,Empresas,TRACTOMULA,0.06,1,0.06,0.01
TTG419,19,165.058,19,17,Terceros,SENCILLO,1.06,5,0.28,0.14
TTG424,50,901.961,48,10,Terceros,TRACTOMULA,2.79,17,0.94,0.37
TTG487,15,413.76500000000004,13,7,Empresas,TRACTOMULA,0.84,7,0.39,0.11
TTG557,6,96.63,6,3,Terceros,DOBLETROQUE,0.34,4,0.22,0.05
TTG650,2,17.503999999999998,2,2,Terceros,SENCILLO,0.11,2,0.11,0.01
TTM675,557,2425.8,229,16,Terceros,TURBO,31.11,12,0.67,1.5
TTN611,96,1360.949,94,35,Terceros,DOBLETROQUE,5.36,18,1.0,0.71
TTN937,62,1783.782,62,29,Terceros,TRACTOMULA,3.46,18,1.0,0.46
TTO040,8,249.165,8,2,Empresas,TRACTOMULA,0.45,6,0.33,0.06
TTO113,1,31.991,1,1,Empresas,TRACTOMULA,0.06,1,0.06,0.01
TTO123,1,33.688,1,1,Empresas,TRACTOMULA,0.06,1,0.06,0.01
TTO385,4,36.325,4,1,Empresas,TRACTOMULA,0.22,4,0.22,0.03
TTO729,1,4.242,1,1,Empresas,TURBO,0.06,1,0.06,0.01
TTP470,2,65.523,2,1,Empresas,TRACTOMULA,0.11,2,0.11,0.01
TTP723,1,32.586,1,1,Empresas,TRACTOMULA,0.06,1,0.06,0.01
TTP797,2,66.99600000000001,2,2,Empresas,TRACTOMULA,0.11,2,0.11,0.01
TTP906,1,29.03,1,1,Empresas,TRACTOMULA,0.06,1,0.06,0.01
TTP938,1,0.5,1,1,Terceros,CAMIONETA,0.06,1,0.06,0.01
TTP977,3,98.982,3,1,Empresas,TRACTOMULA,0.17,2,0.11,0.02
TTQ668,4,33.928,4,3,Terceros,SENCILLO,0.22,4,0.22,0.03
TTR004,2,69.0,2,1,Empresas,TRACTOMULA,0.11,2,0.11,0.01
TTR067,1,30.997,1,1,Empresas,TRACTOMULA,0.06,1,0.06,0.01
TTR340,12,47.287,12,9,Terceros,TURBO,0.67,7,0.39,0.09
TTR612,1,30.058,1,1,Empresas,TRACTOMULA,0.06,1,0.06,0.01
TTS046,2,69.0,2,1,Empresas,TRACTOMULA,0.11,2,0.11,0.01
TTS394,74,1174.928,74,20,Terceros,DOBLETROQUE,4.13,18,1.0,0.55
TTS426,1,16.461,1,1,Empresas,TRACTOMULA,0.06,1,0.06,0.01
TTS465,1,8.297,1,1,Empresas,SENCILLO,0.06,1,0.06,0.01
TTS664,1,4.059,1,1,Empresas,TURBO,0.06,1,0.06,0.01
TTS837,1,7.808999999999999,1,1,Terceros,SENCILLO,0.06,1,0.06,0.01
TTT144,8,210.138,8,2,Empresas,TRACTOMULA,0.45,4,0.22,0.06
TTT167,2,66.261,2,1,Empresas,TRACTOMULA,0.11,2,0.11,0.01
TTT255,71,258.038,69,11,Terceros,SENCILLO,3.97,18,1.0,0.53
TTT348,7,30.141,7,6,Empresas,TURBO,0.39,6,0.33,0.05
TTT467,1,33.597,1,1,Empresas,TRACTOMULA,0.06,1,0.06,0.01
TTT480,11,91.869,11,7,Empresas,SENCILLO,0.61,5,0.28,0.08
TTT562,60,437.033,60,10,Terceros,SENCILLO,3.35,16,0.89,0.44
TTT572,1,4.043,1,1,Empresas,TURBO,0.06,1,0.06,0.01
TTT718,11,92.146,11,11,Terceros,SENCILLO,0.61,7,0.39,0.08
TTT902,1,1.303,1,1,Empresas,SENCILLO,0.06,1,0.06,0.01
TTU694,3,62.553,2,3,Empresas,TRACTOMULA,0.17,2,0.11,0.02
TTV198,1,34.5,1,1,Empresas,TRACTOMULA,0.06,1,0.06,0.01
TTV360,2,30.018,2,1,Empresas,DOBLETROQUE,0.11,1,0.06,0.01
TTV469,8,66.23,8,7,Empresas,SENCILLO,0.45,7,0.39,0.06
TTV630,21,316.949,20,7,Empresas,DOBLETROQUE,1.17,10,0.56,0.16
TTW041,2,66.0,2,1,Empresas,TRACTOMULA,0.11,2,0.11,0.01
TTW342,9,62.209,9,6,Terceros,SENCILLO,0.5,6,0.33,0.07
TTX019,2,4.437,2,2,Empresas,SENCILLO,0.11,1,0.06,0.01
TTX271,4,26.328,4,2,Empresas,SENCILLO,0.22,4,0.22,0.03
TTX321,1,33.0,1,1,Empresas,TRACTOMULA,0.06,1,0.06,0.01
TTX324,2,64.172,2,1,Empresas,TRACTOMULA,0.11,1,0.06,0.01
TTX595,3,30.019,3,2,Empresas,TRACTOMULA,0.17,2,0.11,0.02
TTX712,4,12.904000000000002,4,4,Empresas,SENCILLO,0.22,3,0.17,0.03
TTX744,2,52.944,2,2,Empresas,TRACTOMULA,0.11,2,0.11,0.01
TTX950,26,399.005,25,16,Terceros,DOBLETROQUE,1.45,14,0.78,0.19
TTY010,1,2.526,1,1,Empresas,TURBO,0.06,1,0.06,0.01
TTY263,3,10.503,3,3,Terceros,TURBO,0.17,2,0.11,0.02
TTY289,67,225.305,66,36,Terceros,TURBO,3.74,18,1.0,0.5
TTY298,1,31.257,1,1,Empresas,TRACTOMULA,0.06,1,0.06,0.01
TTY592,52,1557.706,52,30,Terceros,TRACTOMULA,2.9,17,0.94,0.38
TTY661,1,3.954,1,1,Empresas,TURBO,0.06,1,0.06,0.01
TTZ102,523,578.1030000000001,343,12,Terceros,TURBO,29.21,18,1.0,1.5
TTZ524,1,8.839,1,1,Empresas,SENCILLO,0.06,1,0.06,0.01
TTZ546,1,4.0,1,1,Empresas,SENCILLO,0.06,1,0.06,0.01
TTZ796,1,3.555,1,1,Empresas,TURBO,0.06,1,0.06,0.01
TUK038,1,6.265,1,1,Empresas,SENCILLO,0.06,1,0.06,0.01
TUL102,1,32.0,1,1,Empresas,TRACTOMULA,0.06,1,0.06,0.01
TUL163,11,354.366,11,5,Empresas,TRACTOMULA,0.61,6,0.33,0.08
TUL197,1,16.591,1,1,Terceros,DOBLETROQUE,0.06,1,0.06,0.01
TUL228,2,59.0,2,2,Empresas,TRACTOMULA,0.11,2,0.11,0.01
TUL266,1,25.0,1,1,Empresas,TRACTOMULA,0.06,1,0.06,0.01
TUL668,2,63.0,2,2,Empresas,TRACTOMULA,0.11,2,0.11,0.01
TUQ306,1,32.86,1,1,Empresas,TRACTOMULA,0.06,1,0.06,0.01
TUQ333,3,3.153,1,1,Empresas,SENCILLO,0.17,1,0.06,0.02
TUQ349,13,126.343,11,3,Terceros,SENCILLO,0.73,2,0.11,0.1
TVA277,112,3049.91,111,24,Flota Propia,TRACTOMULA,6.26,18,1.0,0.83
TVA295,1,32.496,1,1,Empresas,TRACTOMULA,0.06,1,0.06,0.01
TVA377,1,30.634,1,1,Empresas,TRACTOMULA,0.06,1,0.06,0.01
TVA398,1,31.555999999999997,1,1,Empresas,TRACTOMULA,0.06,1,0.06,0.01
TVA514,1,20.0,1,1,Empresas,TRACTOMULA,0.06,1,0.06,0.01
TVA773,1,26.232,1,1,Empresas,TRACTOMULA,0.06,1,0.06,0.01
TVB075,1,1.411,1,1,Empresas,TRACTOMULA,0.06,1,0.06,0.01
TVB289,8,165.955,8,6,Empresas,TRACTOMULA,0.45,5,0.28,0.06
TVB468,61,941.0,28,1,Empresas,TRACTOMULA,3.41,12,0.67,0.45
TVB849,99,554.196,76,3,Empresas,SENCILLO,5.53,14,0.78,0.73
TVB894,8,13.696,6,1,Empresas,SENCILLO,0.45,2,0.11,0.06
TVD075,1,7.554,1,1,Empresas,SENCILLO,0.06,1,0.06,0.01
TXA173,241,3740.056,233,13,Terceros,DOBLETROQUE,13.46,18,1.0,1.5
TXA219,18,303.726,18,5,Empresas,DOBLETROQUE,1.01,11,0.61,0.13
TZK515,1,32.417,1,1,Empresas,TRACTOMULA,0.06,1,0.06,0.01
TZO577,32,210.715,32,12,Terceros,SENCILLO,1.79,15,0.83,0.24
TZP401,1,29.894,1,1,Empresas,TRACTOMULA,0.06,1,0.06,0.01
TZQ795,1,8.801,1,1,Empresas,SENCILLO,0.06,1,0.06,0.01
TZQ849,92,297.354,91,26,Terceros,TURBO,5.14,18,1.0,0.68
TZQ851,12,47.012,11,6,Terceros,TURBO,0.67,6,0.33,0.09
TZR120,92,2444.889,80,28,Terceros,TRACTOMULA,5.14,18,1.0,0.68
TZR304,1,8.334,1,1,Empresas,SENCILLO,0.06,1,0.06,0.01
TZR346,1,26.7,1,1,Empresas,TRACTOMULA,0.06,1,0.06,0.01
TZR350,3,98.07000000000001,3,2,Empresas,TRACTOMULA,0.17,3,0.17,0.02
TZR957,1,8.793000000000001,1,1,Empresas,SENCILLO,0.06,1,0.06,0.01
TZS247,5,18.436,5,4,Terceros,TURBO,0.28,3,0.17,0.04
TZS407,3,9.716999999999999,3,3,Terceros,TURBO,0.17,3,0.17,0.02
TZS407.,3,25.137999999999998,3,3,Empresas,SENCILLO,0.17,2,0.11,0.02
TZT146,1,3.775,1,1,Empresas,TURBO,0.06,1,0.06,0.01
TZT329,1,16.0,1,1,Terceros,TRACTOMULA,0.06,1,0.06,0.01
TZW611,64,468.85699999999997,64,36,Terceros,SENCILLO,3.57,16,0.89,0.47
TZW997,3,67.158,3,2,Empresas,TRACTOMULA,0.17,3,0.17,0.02
TZW997  ,1,18.285,1,1,Empresas,TRACTOMULA,0.06,1,0.06,0.01
TZY043,12,377.048,12,8,Terceros,TRACTOMULA,0.67,3,0.17,0.09
TZY154,3,71.24000000000001,3,2,Empresas,TRACTOMULA,0.17,3,0.17,0.02
TZY315,8,56.07,8,3,Terceros,SENCILLO,0.45,6,0.33,0.06
TZY529,1,10.0,1,1,Terceros,SENCILLO,0.06,1,0.06,0.01
UAK183,6,95.26599999999999,6,6,Terceros,DOBLETROQUE,0.34,3,0.17,0.05
UAN016,1,33.433,1,1,Empresas,TRACTOMULA,0.06,1,0.06,0.01
UAO461,13,243.87,13,6,Empresas,TRACTOMULA,0.73,5,0.28,0.1
UAP835,31,599.0,10,3,Empresas,TRACTOMULA,1.73,3,0.17,0.23
UFB623,77,634.428,76,42,Terceros,SENCILLO,4.3,17,0.94,0.57
UFE384,1,14.433,1,1,Empresas,TRACTOMULA,0.06,1,0.06,0.01
UFE525,173,1149.542,166,10,Terceros,SENCILLO,9.66,17,0.94,1.28
UFE554,6,50.659,5,2,Terceros,SENCILLO,0.34,2,0.11,0.05
UFE898,34,577.8,34,2,Empresas,TRACTOMULA,1.9,17,0.94,0.25
UFE919,1,30.03,1,1,Empresas,TRACTOMULA,0.06,1,0.06,0.01
UFE921,8,123.008,8,3,Terceros,DOBLETROQUE,0.45,7,0.39,0.06
UFJ474,67,1024.374,65,27,Terceros,DOBLETROQUE,3.74,17,0.94,0.5
UFK130,1,31.896,1,1,Empresas,TRACTOMULA,0.06,1,0.06,0.01
UFP086,8,24.44,8,6,Empresas,SENCILLO,0.45,5,0.28,0.06
UFP091,23,243.466,23,10,Terceros,DOBLETROQUE,1.28,4,0.22,0.17
UFP297,5,166.964,5,5,Terceros,TRACTOMULA,0.28,4,0.22,0.04
UFP361,12,190.351,12,8,Terceros,DOBLETROQUE,0.67,9,0.5,0.09
UFP530,47,729.768,47,30,Terceros,DOBLETROQUE,2.63,16,0.89,0.35
UFP551,1,34.5,1,1,Empresas,TRACTOMULA,0.06,1,0.06,0.01
UFP586,28,907.221,28,6,Terceros,TRACTOMULA,1.56,9,0.5,0.21
UFP682,35,265.791,35,13,Terceros,SENCILLO,1.95,8,0.44,0.26
UFP697,1,8.141,1,1,Empresas,SENCILLO,0.06,1,0.06,0.01
UFP963,2,66.03399999999999,2,2,Empresas,TRACTOMULA,0.11,2,0.11,0.01
UFQ074,328,2974.978,321,17,Terceros,SENCILLO,18.32,18,1.0,1.5
UFQ340,218,115.08500000000001,210,6,Terceros,CAMIONETA,12.18,18,1.0,1.5
UFQ455,77,2517.9900000000002,77,14,Terceros,TRACTOMULA,4.3,16,0.89,0.57
UFS370,4,16.476,4,4,Terceros,TURBO,0.22,3,0.17,0.03
UFS693,28,234.748,28,20,Terceros,SENCILLO,1.56,14,0.78,0.21
UFT460,1,6.815,1,1,Empresas,SENCILLO,0.06,1,0.06,0.01
UFT541,1,8.0,1,1,Terceros,TURBO,0.06,1,0.06,0.01
UFU505,276,224.488,266,8,Terceros,CAMIONETA,15.42,18,1.0,1.5
UFU770,8,137.695,8,2,Empresas,TRACTOMULA,0.45,6,0.33,0.06
UFV290,6,192.894,6,3,Empresas,TRACTOMULA,0.34,2,0.11,0.05
UFV313,1,34.5,1,1,Empresas,TRACTOMULA,0.06,1,0.06,0.01
UFV334,1,33.368,1,1,Empresas,TRACTOMULA,0.06,1,0.06,0.01
UFV451,1,33.05,1,1,Empresas,TRACTOMULA,0.06,1,0.06,0.01
UFV532,5,123.5,5,4,Empresas,TRACTOMULA,0.28,4,0.22,0.04
UFV575,3,79.59400000000001,3,3,Terceros,TRACTOMULA,0.17,3,0.17,0.02
UFW024,49,1493.474,48,6,Terceros,TRACTOMULA,2.74,15,0.83,0.36
UFW647,332,10443.518,300,6,Terceros,TRACTOMULA,18.54,18,1.0,1.5
UFW824,14,48.541999999999994,14,8,Terceros,TURBO,0.78,6,0.33,0.1
UFX159,1,16.977,1,1,Empresas,TRACTOMULA,0.06,1,0.06,0.01
UFX519,93,1458.495,93,37,Terceros,DOBLETROQUE,5.19,18,1.0,0.69
UFX868,35,109.315,33,23,Terceros,TURBO,1.95,10,0.56,0.26
UFX920,21,56.986,21,14,Terceros,TURBO,1.17,11,0.61,0.16
UFY022,34,542.614,34,15,Terceros,DOBLETROQUE,1.9,18,1.0,0.25
UFY082,2,69.0,2,1,Empresas,TRACTOMULA,0.11,1,0.06,0.01
UFZ267,67,253.01999999999998,66,12,Terceros,TURBO,3.74,17,0.94,0.5
UFZ439,10,157.834,9,7,Terceros,DOBLETROQUE,0.56,6,0.33,0.07
UFZ618,1,15.183,1,1,Empresas,TRACTOMULA,0.06,1,0.06,0.01
UFZ802,2,66.47,2,2,Terceros,TRACTOMULA,0.11,2,0.11,0.01
UFZ840,1,12.06,1,1,Empresas,TRACTOMULA,0.06,1,0.06,0.01
UFZ971,71,2232.672,69,34,Terceros,TRACTOMULA,3.97,18,1.0,0.53
UGD245,211,1846.362,205,19,Terceros,SENCILLO,11.79,18,1.0,1.5
UNJ419,78,685.7090000000001,76,13,Terceros,SENCILLO,4.36,10,0.56,0.58
UPA993,16,552.0,16,3,Empresas,TRACTOMULA,0.89,13,0.72,0.12
UPG089,20,174.876,20,10,Terceros,SENCILLO,1.12,3,0.17,0.15
UPN252,1,8.038,1,1,Empresas,SENCILLO,0.06,1,0.06,0.01
UPN997,5,154.82,5,5,Terceros,TRACTOMULA,0.28,5,0.28,0.04
UPO091,1,14.952,1,1,Empresas,TRACTOMULA,0.06,1,0.06,0.01
UPO142,293,1979.515,265,4,Terceros,SENCILLO,16.36,18,1.0,1.5
UPO253,1,31.715,1,1,Empresas,TRACTOMULA,0.06,1,0.06,0.01
UPO264,1,34.5,1,1,Empresas,TRACTOMULA,0.06,1,0.06,0.01
UPO454,17,586.0,17,3,Empresas,TRACTOMULA,0.95,13,0.72,0.13
UPO601,1,6.752,1,1,Empresas,SENCILLO,0.06,1,0.06,0.01
UPO654,4,132.0,4,2,Terceros,TRACTOMULA,0.22,1,0.06,0.03
UPO826,43,635.52,42,20,Terceros,DOBLETROQUE,2.4,17,0.94,0.32
UPO921,1,26.3,1,1,Empresas,TRACTOMULA,0.06,1,0.06,0.01
UPO952,9,288.839,9,7,Terceros,TRACTOMULA,0.5,7,0.39,0.07
UPP052,1,34.5,1,1,Empresas,TRACTOMULA,0.06,1,0.06,0.01
UPP241,5,49.002,5,5,Terceros,SENCILLO,0.28,3,0.17,0.04
UPP638,2,7.406000000000001,2,2,Empresas,TURBO,0.11,2,0.11,0.01
UPP716,1,28.284,1,1,Empresas,TRACTOMULA,0.06,1,0.06,0.01
UPQ406,1,1.481,1,1,Empresas,SENCILLO,0.06,1,0.06,0.01
UPQ532,2,14.546,2,2,Empresas,TRACTOMULA,0.11,2,0.11,0.01
UPQ724,4,131.826,4,2,Empresas,TRACTOMULA,0.22,3,0.17,0.03
UPQ729,2,66.21100000000001,2,2,Empresas,TRACTOMULA,0.11,2,0.11,0.01
UPQ729.,1,16.0,1,1,Empresas,DOBLETROQUE,0.06,1,0.06,0.01
UPQ741,5,31.264,5,5,Terceros,SENCILLO,0.28,2,0.11,0.04
UPR091,1,28.96,1,1,Empresas,TRACTOMULA,0.06,1,0.06,0.01
UPR380,1,30.03,1,1,Empresas,TRACTOMULA,0.06,1,0.06,0.01
UPR592,1,30.0,1,1,Empresas,TRACTOMULA,0.06,1,0.06,0.01
UPR660,4,76.005,4,1,Empresas,TRACTOMULA,0.22,3,0.17,0.03
UPR726,1,33.096999999999994,1,1,Empresas,TRACTOMULA,0.06,1,0.06,0.01
UPR827,2,7.8709999999999996,2,2,Empresas,SENCILLO,0.11,1,0.06,0.01
UPS470,25,800.144,25,2,Terceros,TRACTOMULA,1.4,9,0.5,0.19
UPS959,3,10.174,3,3,Terceros,TURBO,0.17,1,0.06,0.02
UPT550,2,63.019,2,2,Empresas,TRACTOMULA,0.11,2,0.11,0.01
UQP532,2,14.085,2,1,Empresas,TRACTOMULA,0.11,2,0.11,0.01
UQP851,1,29.474,1,1,Empresas,TRACTOMULA,0.06,1,0.06,0.01
UQT994,1,30.0,1,1,Empresas,TRACTOMULA,0.06,1,0.06,0.01
UQX029,8,32.833,8,2,Empresas,SENCILLO,0.45,5,0.28,0.06
UQY395,2,8.254000000000001,2,2,Empresas,TURBO,0.11,2,0.11,0.01
UQY623,1,19.035,1,1,Empresas,TRACTOMULA,0.06,1,0.06,0.01
UQZ587,25,791.364,25,20,Terceros,TRACTOMULA,1.4,12,0.67,0.19
UQZ592,2,53.7,2,2,Empresas,TRACTOMULA,0.11,2,0.11,0.01
URJ920,1,14.0,1,1,Empresas,DOBLETROQUE,0.06,1,0.06,0.01
USA223,17,28.422,17,3,Terceros,TURBO,0.95,2,0.11,0.13
USA437,1,32.813,1,1,Empresas,TRACTOMULA,0.06,1,0.06,0.01
USA529,150,1280.341,134,41,Terceros,SENCILLO,8.38,14,0.78,1.11
USA568,1,20.36,1,1,Empresas,TRACTOMULA,0.06,1,0.06,0.01
USA654,1,8.12,1,1,Empresas,SENCILLO,0.06,1,0.06,0.01
USA807,1,16.0,1,1,Empresas,TRACTOMULA,0.06,1,0.06,0.01
USA919,1,14.0,1,1,Terceros,TRACTOMULA,0.06,1,0.06,0.01
USB230,10,342.497,10,4,Empresas,TRACTOMULA,0.56,7,0.39,0.07
USB272,1,32.5,1,1,Empresas,TRACTOMULA,0.06,1,0.06,0.01
USB733,1,34.5,1,1,Empresas,TRACTOMULA,0.06,1,0.06,0.01
USB882,1,29.295,1,1,Empresas,TRACTOMULA,0.06,1,0.06,0.01
USB969,28,224.126,28,16,Terceros,SENCILLO,1.56,7,0.39,0.21
USB999,4,137.5,4,2,Empresas,TRACTOMULA,0.22,3,0.17,0.03
USC092,1,1.015,1,1,Empresas,SENCILLO,0.06,1,0.06,0.01
USC160,165,2503.667,160,14,Terceros,DOBLETROQUE,9.22,18,1.0,1.22
USC324,22,186.564,22,15,Terceros,SENCILLO,1.23,5,0.28,0.16
USC399,1,8.0,1,1,Empresas,SENCILLO,0.06,1,0.06,0.01
USC558,1,32.795,1,1,Empresas,TRACTOMULA,0.06,1,0.06,0.01
USC580,30,125.384,30,7,Terceros,TURBO,1.68,3,0.17,0.22
USC609,64,535.266,64,32,Terceros,SENCILLO,3.57,17,0.94,0.47
USC779,213,3319.97,191,71,Terceros,DOBLETROQUE,11.9,17,0.94,1.5
USC885,34,288.637,33,20,Terceros,SENCILLO,1.9,5,0.28,0.25
USC954,3,96.71600000000001,3,3,Empresas,TRACTOMULA,0.17,2,0.11,0.02
USC991,73,222.257,73,33,Terceros,TURBO,4.08,15,0.83,0.54
USD022,44,315.464,44,30,Terceros,SENCILLO,2.46,17,0.94,0.33
USD179,31,430.678,31,4,Empresas,TRACTOMULA,1.73,15,0.83,0.23
USD253,546,663.732,348,12,Terceros,TURBO,30.5,18,1.0,1.5
USD335,2,8.096,2,2,Empresas,SENCILLO,0.11,1,0.06,0.01
USD472,2,15.475000000000001,2,1,Terceros,SENCILLO,0.11,2,0.11,0.01
USD589,1,3.297,1,1,Empresas,TURBO,0.06,1,0.06,0.01
USD850,1,7.404,1,1,Empresas,SENCILLO,0.06,1,0.06,0.01
UTU975,6,97.411,6,4,Empresas,DOBLETROQUE,0.34,3,0.17,0.05
UUD186,3,46.751999999999995,3,2,Empresas,DOBLETROQUE,0.17,2,0.11,0.02
UUX337,1,34.5,1,1,Empresas,TRACTOMULA,0.06,1,0.06,0.01
UVJ304,1,16.834,1,1,Empresas,TRACTOMULA,0.06,1,0.06,0.01
UVJ309,3,68.73,3,2,Empresas,TRACTOMULA,0.17,2,0.11,0.02
UVM691,10,324.663,10,5,Empresas,TRACTOMULA,0.56,5,0.28,0.07
UVM692,5,162.854,5,3,Empresas,TRACTOMULA,0.28,5,0.28,0.04
UVP845,186,1603.038,178,15,Terceros,SENCILLO,10.39,17,0.94,1.38
UVY241,240,3648.384,230,14,Terceros,DOBLETROQUE,13.4,18,1.0,1.5
UVY992,2,69.0,2,1,Empresas,TRACTOMULA,0.11,2,0.11,0.01
UWQ949,27,192.96699999999998,27,14,Terceros,SENCILLO,1.51,14,0.78,0.2
UWS047,1,10.6,1,1,Empresas,TRACTOMULA,0.06,1,0.06,0.01
UYA324,1,34.5,1,1,Empresas,TRACTOMULA,0.06,1,0.06,0.01
UYA355,1,32.811,1,1,Empresas,TRACTOMULA,0.06,1,0.06,0.01
UYA381,1,33.0,1,1,Empresas,TRACTOMULA,0.06,1,0.06,0.01
UYT225,2,60.06,2,1,Empresas,TRACTOMULA,0.11,2,0.11,0.01
UYT355,28,862.16,26,11,Terceros,TRACTOMULA,1.56,9,0.5,0.21
UYU020,1,27.358,1,1,Empresas,TRACTOMULA,0.06,1,0.06,0.01
UYU031,46,399.543,45,24,Terceros,SENCILLO,2.57,8,0.44,0.34
UYU157,115,1747.529,110,60,Terceros,DOBLETROQUE,6.42,18,1.0,0.85
UYV220,308,763.643,266,14,Terceros,TURBO,17.2,17,0.94,1.5
UYW010,3,27.887,3,2,Terceros,SENCILLO,0.17,2,0.11,0.02
UYW716,1,11.66,1,1,Empresas,TRACTOMULA,0.06,1,0.06,0.01
UYX337,1,34.5,1,1,Empresas,TRACTOMULA,0.06,1,0.06,0.01
UYZ620,1,34.5,1,1,Empresas,TRACTOMULA,0.06,1,0.06,0.01
UZC483,1,15.0,1,1,Terceros,TRACTOMULA,0.06,1,0.06,0.01
UZD796,2,65.35499999999999,2,2,Empresas,TRACTOMULA,0.11,2,0.11,0.01
UZK189,4,59.0,4,2,Terceros,TRACTOMULA,0.22,1,0.06,0.03
UZK411,1,9.0,1,1,Empresas,DOBLETROQUE,0.06,1,0.06,0.01
UZK413,1,14.577,1,1,Empresas,DOBLETROQUE,0.06,1,0.06,0.01
UZK414,1,16.088,1,1,Empresas,DOBLETROQUE,0.06,1,0.06,0.01
UZK488,1,8.989,1,1,Empresas,SENCILLO,0.06,1,0.06,0.01
UZL032,1,31.587,1,1,Empresas,TRACTOMULA,0.06,1,0.06,0.01
UZL038,58,1832.119,58,27,Terceros,TRACTOMULA,3.24,17,0.94,0.43
UZN085,4,125.59,4,1,Empresas,TRACTOMULA,0.22,2,0.11,0.03
UZN094,54,430.592,54,34,Terceros,SENCILLO,3.02,18,1.0,0.4
UZN096,1,34.5,1,1,Empresas,TRACTOMULA,0.06,1,0.06,0.01
UZN100,3,44.065,3,2,Empresas,TRACTOMULA,0.17,2,0.11,0.02
UZN172,1,14.0,1,1,Terceros,TRACTOMULA,0.06,1,0.06,0.01
UZN180,14,221.687,14,11,Terceros,DOBLETROQUE,0.78,6,0.33,0.1
UZN205,1,34.5,1,1,Empresas,TRACTOMULA,0.06,1,0.06,0.01
UZN211,1,32.289,1,1,Empresas,TRACTOMULA,0.06,1,0.06,0.01
UZN226,1,6.679,1,1,Empresas,SENCILLO,0.06,1,0.06,0.01
UZN252,4,58.929,4,4,Empresas,DOBLETROQUE,0.22,3,0.17,0.03
UZN279,16,123.383,16,11,Terceros,SENCILLO,0.89,8,0.44,0.12
UZN285,60,489.19300000000004,60,37,Terceros,SENCILLO,3.35,18,1.0,0.44
UZN288,1,28.561,1,1,Empresas,TRACTOMULA,0.06,1,0.06,0.01
UZN290,2,30.423000000000002,2,2,Empresas,DOBLETROQUE,0.11,2,0.11,0.01
UZN321,12,320.625,12,3,Empresas,TRACTOMULA,0.67,5,0.28,0.09
UZN422,1,33.0,1,1,Empresas,TRACTOMULA,0.06,1,0.06,0.01
UZN424,9,279.891,9,1,Empresas,TRACTOMULA,0.5,6,0.33,0.07
VAK231,1,7.058,1,1,Empresas,TRACTOMULA,0.06,1,0.06,0.01
VAK301,1,34.5,1,1,Empresas,TRACTOMULA,0.06,1,0.06,0.01
VAK459,15,127.205,15,7,Terceros,SENCILLO,0.84,9,0.5,0.11
VAK515,30,450.829,30,3,Empresas,TRACTOMULA,1.68,17,0.94,0.22
VAK670,2,18.895,2,1,Empresas,TRACTOMULA,0.11,1,0.06,0.01
VBI192,4,25.962,4,2,Empresas,SENCILLO,0.22,4,0.22,0.03
VBP916,40,345.476,25,11,Terceros,SENCILLO,2.23,2,0.11,0.3
VBT694,1,16.021,1,1,Empresas,TRACTOMULA,0.06,1,0.06,0.01
VCB212,1,4.3,1,1,Empresas,TURBO,0.06,1,0.06,0.01
VCM152,45,977.8389999999999,45,17,Terceros,TRACTOMULA,2.51,15,0.83,0.33
VCM546,3,103.5,3,1,Empresas,TRACTOMULA,0.17,2,0.11,0.02
VCU322,1,33.292,1,1,Empresas,TRACTOMULA,0.06,1,0.06,0.01
VCU328,2,69.0,2,2,Empresas,TRACTOMULA,0.11,2,0.11,0.01
VCU743,2,12.474,2,2,Terceros,TURBO,0.11,1,0.06,0.01
VCV048,8,28.540999999999997,8,2,Terceros,TURBO,0.45,4,0.22,0.06
VCY204,47,191.579,47,28,Terceros,TURBO,2.63,13,0.72,0.35
VDA641,1,16.378,1,1,Empresas,DOBLETROQUE,0.06,1,0.06,0.01
VDA671,8,129.09,8,6,Terceros,DOBLETROQUE,0.45,5,0.28,0.06
VDB441,1,16.409,1,1,Empresas,DOBLETROQUE,0.06,1,0.06,0.01
VDQ098,6,18.58,6,3,Empresas,TURBO,0.34,6,0.33,0.05
VDS697,7,222.49,7,5,Terceros,TRACTOMULA,0.39,6,0.33,0.05
VDV417,1,4.1,1,1,Empresas,TURBO,0.06,1,0.06,0.01
VDY072,2,11.579999999999998,2,2,Empresas,SENCILLO,0.11,2,0.11,0.01
VDZ152,3,11.416,3,3,Terceros,TURBO,0.17,2,0.11,0.02
VEA790,377,1166.29,328,40,Terceros,TURBO,21.06,18,1.0,1.5
VEB753,5,166.099,5,2,Empresas,TRACTOMULA,0.28,5,0.28,0.04
VEE504,1,4.089,1,1,Empresas,TURBO,0.06,1,0.06,0.01
VEF991,1,16.5,1,1,Empresas,TRACTOMULA,0.06,1,0.06,0.01
VEH452,119,983.803,110,26,Terceros,SENCILLO,6.65,9,0.5,0.88
VEQ516,61,1938.801,59,19,Terceros,TRACTOMULA,3.41,17,0.94,0.45
VEX783,1,4.179,1,1,Empresas,TURBO,0.06,1,0.06,0.01
VFA361,43,322.94,43,21,Terceros,SENCILLO,2.4,9,0.5,0.32
VFA408,20,175.206,20,8,Terceros,SENCILLO,1.12,3,0.17,0.15
VFD365,25,219.315,25,17,Terceros,SENCILLO,1.4,9,0.5,0.19
VFD584,7,223.428,7,2,Empresas,TRACTOMULA,0.39,2,0.11,0.05
VFE306,5,17.829,5,5,Terceros,TURBO,0.28,3,0.17,0.04
VIK200,1,2.39,1,1,Empresas,SENCILLO,0.06,1,0.06,0.01
VIK509,1,7.801,1,1,Empresas,SENCILLO,0.06,1,0.06,0.01
VIV008,178,5193.49,172,14,Terceros,TRACTOMULA,9.94,18,1.0,1.32
VJF047,16,80.424,16,3,Empresas,SENCILLO,0.89,12,0.67,0.12
VKH535,81,696.842,81,44,Terceros,SENCILLO,4.52,18,1.0,0.6
VKI467,3,1.81,1,1,Empresas,SENCILLO,0.17,1,0.06,0.02
VKI475,1,8.598,1,1,Terceros,SENCILLO,0.06,1,0.06,0.01
VKJ601,327,4925.018,294,13,Terceros,DOBLETROQUE,18.26,18,1.0,1.5
VKJ754,66,1018.649,65,37,Terceros,DOBLETROQUE,3.69,18,1.0,0.49
VKK372,1,32.517,1,1,Empresas,TRACTOMULA,0.06,1,0.06,0.01
VKK544,6,204.0,6,6,Terceros,TRACTOMULA,0.34,4,0.22,0.05
VLG604,332,10455.474,298,10,Terceros,TRACTOMULA,18.54,18,1.0,1.5
VLG814,1,3.7,1,1,Empresas,TURBO,0.06,1,0.06,0.01
VLH002,12,38.916000000000004,12,10,Terceros,TURBO,0.67,4,0.22,0.09
VLH082,328,1088.259,274,44,Terceros,TURBO,18.32,18,1.0,1.5
VMB361,1,9.0,1,1,Empresas,TRACTOMULA,0.06,1,0.06,0.01
VMT149,3,103.5,3,1,Empresas,TRACTOMULA,0.17,3,0.17,0.02
VMT297,1,34.5,1,1,Empresas,TRACTOMULA,0.06,1,0.06,0.01
VMT369,1,34.5,1,1,Empresas,TRACTOMULA,0.06,1,0.06,0.01
VMT402,1,21.92,1,1,Empresas,TRACTOMULA,0.06,1,0.06,0.01
VMT408,1,33.072,1,1,Empresas,TRACTOMULA,0.06,1,0.06,0.01
VMT413,1,19.006999999999998,1,1,Empresas,TRACTOMULA,0.06,1,0.06,0.01
VMT449,2,69.0,2,1,Empresas,TRACTOMULA,0.11,2,0.11,0.01
VMT558,1,34.0,1,1,Empresas,TRACTOMULA,0.06,1,0.06,0.01
VMT565,1,31.236,1,1,Empresas,TRACTOMULA,0.06,1,0.06,0.01
VMT594,2,50.550999999999995,2,2,Empresas,TRACTOMULA,0.11,2,0.11,0.01
VMT673,116,980.03,115,51,Terceros,SENCILLO,6.48,18,1.0,0.86
VMT689,1,33.0,1,1,Terceros,TRACTOMULA,0.06,1,0.06,0.01
VMT771,130,1093.512,127,62,Terceros,SENCILLO,7.26,18,1.0,0.96
VMT776,1,32.106,1,1,Empresas,TRACTOMULA,0.06,1,0.06,0.01
VMT820,87,746.704,87,30,Terceros,SENCILLO,4.86,18,1.0,0.64
VMT826,3,90.09,3,1,Empresas,TRACTOMULA,0.17,3,0.17,0.02
VMT848,5,150.15,5,1,Empresas,TRACTOMULA,0.28,4,0.22,0.04
VMT861,5,165.0,5,1,Terceros,TRACTOMULA,0.28,2,0.11,0.04
VMT871,1,30.03,1,1,Empresas,TRACTOMULA,0.06,1,0.06,0.01
VMT882,2,41.379,2,2,Empresas,TRACTOMULA,0.11,2,0.11,0.01
VMT886,12,396.0,11,1,Terceros,TRACTOMULA,0.67,3,0.17,0.09
VMT946,1,27.358,1,1,Empresas,TRACTOMULA,0.06,1,0.06,0.01
VMT958,5,165.063,5,3,Empresas,TRACTOMULA,0.28,4,0.22,0.04
VMT962,2,65.00200000000001,2,2,Empresas,TRACTOMULA,0.11,1,0.06,0.01
VMT979,1,28.664,1,1,Empresas,TRACTOMULA,0.06,1,0.06,0.01
VMU280,27,918.0,25,16,Terceros,TRACTOMULA,1.51,7,0.39,0.2
VMU324,1,30.01,1,1,Empresas,TRACTOMULA,0.06,1,0.06,0.01
VMU362,14,431.60699999999997,14,13,Terceros,TRACTOMULA,0.78,9,0.5,0.1
VMU366,35,1010.232,35,23,Terceros,TRACTOMULA,1.95,15,0.83,0.26
VOV789,3,79.031,3,2,Empresas,TRACTOMULA,0.17,3,0.17,0.02
VSA921,104,1572.278,100,55,Terceros,DOBLETROQUE,5.81,18,1.0,0.77
VSB742,1,16.95,1,1,Empresas,TRACTOMULA,0.06,1,0.06,0.01
VSD905,3,30.0,3,2,Terceros,SENCILLO,0.17,2,0.11,0.02
VSE126,54,823.361,53,35,Terceros,DOBLETROQUE,3.02,18,1.0,0.4
VSE232,1,14.162,1,1,Empresas,DOBLETROQUE,0.06,1,0.06,0.01
VSE826,3,94.932,3,3,Terceros,TRACTOMULA,0.17,3,0.17,0.02
VSI773,23,732.808,23,6,Empresas,TRACTOMULA,1.28,11,0.61,0.17
VXA450,15,71.705,15,4,Empresas,SENCILLO,0.84,10,0.56,0.11
VXB051,2,18.0,2,2,Terceros,SENCILLO,0.11,1,0.06,0.01
VXF780,75,1151.432,74,43,Terceros,DOBLETROQUE,4.19,18,1.0,0.56
VXF835,118,1747.583,118,45,Terceros,DOBLETROQUE,6.59,18,1.0,0.87
VXG919,5,72.469,5,5,Terceros,DOBLETROQUE,0.28,4,0.22,0.04
VXH572,3,47.76,3,3,Empresas,DOBLETROQUE,0.17,2,0.11,0.02
VXI661.,1,33.374,1,1,Empresas,TRACTOMULA,0.06,1,0.06,0.01
VXI979,5,172.5,5,2,Empresas,TRACTOMULA,0.28,5,0.28,0.04
VZD513,2,66.935,2,2,Terceros,TRACTOMULA,0.11,2,0.11,0.01
VZD640,1,16.0,1,1,Empresas,DOBLETROQUE,0.06,1,0.06,0.01
VZD675,2,62.17400000000001,2,2,Empresas,TRACTOMULA,0.11,2,0.11,0.01
VZD998,2,64.12899999999999,2,2,Empresas,TRACTOMULA,0.11,2,0.11,0.01
VZE552,84,1128.818,84,35,Terceros,DOBLETROQUE,4.69,18,1.0,0.62
VZE608,3,49.07,3,2,Empresas,DOBLETROQUE,0.17,2,0.11,0.02
VZH994,1,32.944,1,1,Empresas,TRACTOMULA,0.06,1,0.06,0.01
VZI174,15,517.0,15,3,Empresas,TRACTOMULA,0.84,9,0.5,0.11
VZI188,8,140.078,8,2,Empresas,TRACTOMULA,0.45,6,0.33,0.06
VZI225,46,394.505,46,21,Terceros,SENCILLO,2.57,15,0.83,0.34
VZI255,87,740.01,87,19,Terceros,SENCILLO,4.86,18,1.0,0.64
VZI257,126,997.235,125,41,Terceros,SENCILLO,7.04,18,1.0,0.93
VZI264,15,254.146,15,6,Terceros,DOBLETROQUE,0.84,8,0.44,0.11
VZI325,1,6.24,1,1,Empresas,TRACTOMULA,0.06,1,0.06,0.01
VZI376,1,14.0,1,1,Empresas,TRACTOMULA,0.06,1,0.06,0.01
VZI435,1,31.814,1,1,Empresas,TRACTOMULA,0.06,1,0.06,0.01
WBD254,5,154.459,5,4,Empresas,TRACTOMULA,0.28,3,0.17,0.04
WBE088,10,35.887,10,6,Empresas,TURBO,0.56,5,0.28,0.07
WBF282,1,7.264,1,1,Terceros,SENCILLO,0.06,1,0.06,0.01
WBF928,2,8.094999999999999,2,2,Empresas,TURBO,0.11,2,0.11,0.01
WBG216,2,67.14,2,1,Empresas,TRACTOMULA,0.11,2,0.11,0.01
WCK110,509,584.292,336,11,Terceros,CAMIONETA,28.43,18,1.0,1.5
WCK157,1,5.0,1,1,Empresas,SENCILLO,0.06,1,0.06,0.01
WCK377,1,34.5,1,1,Empresas,TRACTOMULA,0.06,1,0.06,0.01
WCN651,3,25.653,3,2,Empresas,SENCILLO,0.17,2,0.11,0.02
WCN821,2,65.0,2,2,Terceros,TRACTOMULA,0.11,2,0.11,0.01
WCN879,1,1.2,1,1,Empresas,SENCILLO,0.06,1,0.06,0.01
WCO092,72,1987.265,69,26,Terceros,TRACTOMULA,4.02,18,1.0,0.53
WCO215,1,34.5,1,1,Empresas,TRACTOMULA,0.06,1,0.06,0.01
WCO354,1,16.836,1,1,Empresas,TRACTOMULA,0.06,1,0.06,0.01
WCP021,8,70.053,8,6,Terceros,SENCILLO,0.45,6,0.33,0.06
WCP362,1,7.803,1,1,Terceros,SENCILLO,0.06,1,0.06,0.01
WCP369,1,18.883,1,1,Empresas,TRACTOMULA,0.06,1,0.06,0.01
WCP660,1,17.298,1,1,Empresas,TRACTOMULA,0.06,1,0.06,0.01
WCQ106,21,150.617,21,10,Terceros,SENCILLO,1.17,11,0.61,0.16
WCQ328,3,13.138000000000002,3,3,Empresas,SENCILLO,0.17,3,0.17,0.02
WCQ347,1,32.0,1,1,Terceros,TRACTOMULA,0.06,1,0.06,0.01
WCQ461,4,15.209999999999999,4,3,Empresas,TURBO,0.22,2,0.11,0.03
WCQ538,372,1411.559,323,22,Terceros,SENCILLO,20.78,18,1.0,1.5
WCQ944,1,0.212,1,1,Terceros,CAMIONETA,0.06,1,0.06,0.01
WCR367,57,397.188,56,28,Terceros,SENCILLO,3.18,18,1.0,0.42
WCR619,1,32.43,1,1,Empresas,TRACTOMULA,0.06,1,0.06,0.01
WCR647,1,1.411,1,1,Empresas,TRACTOMULA,0.06,1,0.06,0.01
WCR662,2,66.07300000000001,2,2,Empresas,TRACTOMULA,0.11,2,0.11,0.01
WCR720,4,71.432,4,2,Empresas,TRACTOMULA,0.22,3,0.17,0.03
WCR750,1,33.150999999999996,1,1,Empresas,TRACTOMULA,0.06,1,0.06,0.01
WCS055,2,54.998999999999995,2,2,Empresas,TRACTOMULA,0.11,2,0.11,0.01
WCS450,1,4.2,1,1,Terceros,TURBO,0.06,1,0.06,0.01
WCS579,1,4.149,1,1,Empresas,TURBO,0.06,1,0.06,0.01
WCS644,41,163.19,41,27,Terceros,TURBO,2.29,5,0.28,0.3
WCS828,185,577.152,180,13,Terceros,TURBO,10.33,18,1.0,1.37
WCT833,1,17.851,1,1,Empresas,TRACTOMULA,0.06,1,0.06,0.01
WCU032,2,17.668999999999997,2,2,Empresas,SENCILLO,0.11,2,0.11,0.01
WCV122,1,3.1,1,1,Empresas,TURBO,0.06,1,0.06,0.01
WCV191,1,32.659,1,1,Empresas,TRACTOMULA,0.06,1,0.06,0.01
WCW054,1,30.259,1,1,Empresas,TRACTOMULA,0.06,1,0.06,0.01
WCW190,3,94.99699999999999,3,3,Terceros,TRACTOMULA,0.17,3,0.17,0.02
WCW597,38,1224.678,38,9,Terceros,TRACTOMULA,2.12,9,0.5,0.28
WCW870,2,7.254,2,2,Empresas,TURBO,0.11,2,0.11,0.01
WCX730,2,15.897,2,2,Empresas,SENCILLO,0.11,2,0.11,0.01
WCX741,3,25.223,3,2,Empresas,SENCILLO,0.17,3,0.17,0.02
WCX837,9,218.688,9,8,Empresas,TRACTOMULA,0.5,7,0.39,0.07
WCY184,336,2841.741,250,19,Terceros,SENCILLO,18.77,18,1.0,1.5
WCZ118,1,4.056,1,1,Terceros,TURBO,0.06,1,0.06,0.01
WCZ923,6,23.151,6,3,Terceros,TURBO,0.34,3,0.17,0.05
WDB026,1,33.021,1,1,Empresas,TRACTOMULA,0.06,1,0.06,0.01
WDB060,3,34.992,3,1,Empresas,TRACTOMULA,0.17,2,0.11,0.02
WDB063,1,34.5,1,1,Empresas,TRACTOMULA,0.06,1,0.06,0.01
WDC835,3,94.508,3,1,Terceros,TRACTOMULA,0.17,3,0.17,0.02
WDC840,5,162.219,5,3,Terceros,TRACTOMULA,0.28,4,0.22,0.04
WDK235,16,122.511,16,7,Terceros,SENCILLO,0.89,12,0.67,0.12
WDK259,47,324.957,47,16,Terceros,SENCILLO,2.63,18,1.0,0.35
WDK334,1,30.03,1,1,Empresas,TRACTOMULA,0.06,1,0.06,0.01
WDK435,7,50.122,7,4,Terceros,SENCILLO,0.39,6,0.33,0.05
WDK443,31,220.492,30,18,Terceros,SENCILLO,1.73,15,0.83,0.23
WDK479,54,1503.951,53,31,Terceros,TRACTOMULA,3.02,18,1.0,0.4
WDL581,22,84.125,22,9,Terceros,TURBO,1.23,12,0.67,0.16
WDL627,1,14.0,1,1,Terceros,TRACTOMULA,0.06,1,0.06,0.01
WDM005,1,4.257,1,1,Empresas,TURBO,0.06,1,0.06,0.01
WDM126,1,25.0,1,1,Empresas,TRACTOMULA,0.06,1,0.06,0.01
WDP500,57,464.998,57,36,Terceros,SENCILLO,3.18,18,1.0,0.42
WDP541,3,63.539,2,1,Empresas,TRACTOMULA,0.17,2,0.11,0.02
WDS742,1,30.149,1,1,Empresas,TRACTOMULA,0.06,1,0.06,0.01
WDT933,7,221.61700000000002,7,5,Empresas,TRACTOMULA,0.39,5,0.28,0.05
WDV089,21,137.985,19,13,Terceros,SENCILLO,1.17,12,0.67,0.16
WDX691,20,99.918,20,14,Terceros,SENCILLO,1.12,13,0.72,0.15
WDX699,44,1104.052,44,30,Terceros,TRACTOMULA,2.46,14,0.78,0.33
WDY019,136,411.966,134,9,Terceros,TURBO,7.6,11,0.61,1.01
WDZ342,242,1318.748,236,25,Terceros,SENCILLO,13.52,18,1.0,1.5
WDZ805,83,243.79,83,8,Terceros,TURBO,4.64,7,0.39,0.62
WEB002,1,5.882,1,1,Empresas,SENCILLO,0.06,1,0.06,0.01
WEB003,1,2.0,1,1,Empresas,SENCILLO,0.06,1,0.06,0.01
WEB038,12,50.381,12,9,Terceros,TURBO,0.67,5,0.28,0.09
WEB059,1,33.486000000000004,1,1,Empresas,TRACTOMULA,0.06,1,0.06,0.01
WEB067,2,13.703,2,1,Terceros,SENCILLO,0.11,2,0.11,0.01
WEF518,1,8.2,1,1,Empresas,SENCILLO,0.06,1,0.06,0.01
WEJ788,2,29.411,2,2,Empresas,TRACTOMULA,0.11,2,0.11,0.01
WEJ897,1,34.5,1,1,Empresas,TRACTOMULA,0.06,1,0.06,0.01
WEL028,1,8.3,1,1,Terceros,SENCILLO,0.06,1,0.06,0.01
WEL924,3,11.316,3,2,Empresas,SENCILLO,0.17,2,0.11,0.02
WEM333,183,5377.634,160,13,Empresas,TRACTOMULA,10.22,18,1.0,1.36
WEM440,1,33.019999999999996,1,1,Empresas,TRACTOMULA,0.06,1,0.06,0.01
WEM469,2,65.811,2,2,Empresas,TRACTOMULA,0.11,2,0.11,0.01
WEO022,1,8.969999999999999,1,1,Empresas,SENCILLO,0.06,1,0.06,0.01
WEO421,12,51.126000000000005,11,5,Terceros,TURBO,0.67,8,0.44,0.09
WER064,28,427.458,28,15,Terceros,DOBLETROQUE,1.56,15,0.83,0.21
WER238,15,57.702,15,5,Terceros,TURBO,0.84,4,0.22,0.11
WFC474,95,884.335,80,23,Terceros,SENCILLO,5.31,9,0.5,0.7
WFC524,1,33.066,1,1,Terceros,TRACTOMULA,0.06,1,0.06,0.01
WFC736,188,997.301,175,22,Terceros,TURBO,10.5,18,1.0,1.39
WFD044,2,18.083,2,1,Empresas,SENCILLO,0.11,1,0.06,0.01
WFD331,1,4.5,1,1,Terceros,TURBO,0.06,1,0.06,0.01
WFD338,5,34.176,5,3,Empresas,SENCILLO,0.28,5,0.28,0.04
WFD951,1,8.4,1,1,Empresas,SENCILLO,0.06,1,0.06,0.01
WFE916,3,18.874000000000002,3,3,Terceros,SENCILLO,0.17,3,0.17,0.02
WFE962,1,26.0,1,1,Empresas,TRACTOMULA,0.06,1,0.06,0.01
WFE964,15,487.716,15,11,Empresas,TRACTOMULA,0.84,10,0.56,0.11
WFE976,2,14.703,2,2,Terceros,SENCILLO,0.11,2,0.11,0.01
WFG008,8,33.424,8,7,Terceros,SENCILLO,0.45,2,0.11,0.06
WFG027,1,9.086,1,1,Empresas,SENCILLO,0.06,1,0.06,0.01
WFG093,1,7.5729999999999995,1,1,Empresas,SENCILLO,0.06,1,0.06,0.01
WFG445,1,3.744,1,1,Empresas,TURBO,0.06,1,0.06,0.01
WFG895,2,43.307,2,2,Empresas,TRACTOMULA,0.11,2,0.11,0.01
WFG916,2,58.492999999999995,2,2,Empresas,TRACTOMULA,0.11,2,0.11,0.01
WFG969,3,13.388,3,3,Terceros,TURBO,0.17,1,0.06,0.02
WFH353,55,436.70300000000003,55,36,Terceros,SENCILLO,3.07,17,0.94,0.41
WFH926,21,140.464,21,10,Terceros,SENCILLO,1.17,10,0.56,0.16
WFH942,17,72.723,17,5,Terceros,TURBO,0.95,3,0.17,0.13
WFI016,2,64.0,2,1,Empresas,TRACTOMULA,0.11,2,0.11,0.01
WFI153,17,534.185,17,13,Terceros,TRACTOMULA,0.95,10,0.56,0.13
WFI208,14,447.60900000000004,14,5,Empresas,TRACTOMULA,0.78,7,0.39,0.1
WFI284,9,251.16899999999998,8,6,Empresas,TRACTOMULA,0.5,6,0.33,0.07
WFI358,5,157.885,5,3,Terceros,TRACTOMULA,0.28,3,0.17,0.04
WFI554,1,29.98,1,1,Empresas,TRACTOMULA,0.06,1,0.06,0.01
WFI683,1,26.0,1,1,Empresas,TRACTOMULA,0.06,1,0.06,0.01
WFI886,446,1785.4,249,2,Terceros,TURBO,24.91,18,1.0,1.5
WFJ815,27,414.019,27,23,Terceros,DOBLETROQUE,1.51,12,0.67,0.2
WFL027,1,18.144,1,1,Terceros,TRACTOMULA,0.06,1,0.06,0.01
WFL300,1,22.0,1,1,Empresas,TRACTOMULA,0.06,1,0.06,0.01
WFL301,93,2926.027,84,7,Terceros,TRACTOMULA,5.19,10,0.56,0.69
WFL339,2,48.0,2,1,Empresas,TRACTOMULA,0.11,1,0.06,0.01
WFL364,233,786.452,210,39,Terceros,TURBO,13.01,18,1.0,1.5
WFL527,1,30.03,1,1,Empresas,TRACTOMULA,0.06,1,0.06,0.01
WFL531,1,25.025,1,1,Empresas,TRACTOMULA,0.06,1,0.06,0.01
WFL677,7,55.163000000000004,7,5,Terceros,SENCILLO,0.39,5,0.28,0.05
WFL765,21,724.5,21,1,Empresas,TRACTOMULA,1.17,11,0.61,0.16
WFL767,1,32.571000000000005,1,1,Empresas,TRACTOMULA,0.06,1,0.06,0.01
WFL771,50,1571.488,45,21,Terceros,TRACTOMULA,2.79,12,0.67,0.37
WFQ089,309,1258.809,282,44,Terceros,TURBO,17.26,18,1.0,1.5
WFQ625,24,134.11599999999999,24,14,Empresas,SENCILLO,1.34,6,0.33,0.18
WFQ666,2,13.677999999999999,2,2,Empresas,SENCILLO,0.11,2,0.11,0.01
WFQ846,1,8.61,1,1,Empresas,SENCILLO,0.06,1,0.06,0.01
WFR195,1,7.444000000000001,1,1,Empresas,SENCILLO,0.06,1,0.06,0.01
WFR370,1,0.319,1,1,Empresas,TURBO,0.06,1,0.06,0.01
WFR776,20,642.717,20,18,Terceros,TRACTOMULA,1.12,10,0.56,0.15
WFR879,1,20.0,1,1,Empresas,TRACTOMULA,0.06,1,0.06,0.01
WFR936,3,92.816,3,3,Empresas,TRACTOMULA,0.17,2,0.11,0.02
WFR966,1,33.661,1,1,Empresas,TRACTOMULA,0.06,1,0.06,0.01
WFS054,2,32.379,2,2,Empresas,TRACTOMULA,0.11,2,0.11,0.01
WFT312,1,27.367,1,1,Empresas,TRACTOMULA,0.06,1,0.06,0.01
WFT800,13,106.572,13,8,Empresas,SENCILLO,0.73,7,0.39,0.1
WFU877,1,28.0,1,1,Empresas,TRACTOMULA,0.06,1,0.06,0.01
WFV493,4,12.322000000000001,4,2,Terceros,TURBO,0.22,2,0.11,0.03
WFW184,2,16.933999999999997,2,2,Empresas,SENCILLO,0.11,2,0.11,0.01
WGB382,2,45.292,2,2,Empresas,TRACTOMULA,0.11,2,0.11,0.01
WGC210,76,1188.113,75,30,Terceros,DOBLETROQUE,4.24,18,1.0,0.56
WGO911,3,101.095,3,2,Terceros,TRACTOMULA,0.17,1,0.06,0.02
WGP376,25,754.819,25,10,Terceros,TRACTOMULA,1.4,9,0.5,0.19
WGQ031,1,33.491,1,1,Empresas,TRACTOMULA,0.06,1,0.06,0.01
WGQ172,1,4.0,1,1,Empresas,TURBO,0.06,1,0.06,0.01
WGQ272,2,57.0,2,1,Empresas,TRACTOMULA,0.11,2,0.11,0.01
WGQ316,56,445.023,55,28,Terceros,SENCILLO,3.13,16,0.89,0.42
WGQ433,467,4164.836,331,21,Terceros,SENCILLO,26.08,18,1.0,1.5
WGU662,2,7.459,2,2,Empresas,SENCILLO,0.11,2,0.11,0.01
WGU897,2,11.892,2,2,Empresas,SENCILLO,0.11,1,0.06,0.01
WGU957,1,3.466,1,1,Empresas,TURBO,0.06,1,0.06,0.01
WGV170,1,6.433,1,1,Empresas,SENCILLO,0.06,1,0.06,0.01
WGV207,101,556.611,100,17,Terceros,TURBO,5.64,17,0.94,0.75
WGV555,10,158.115,9,9,Empresas,DOBLETROQUE,0.56,6,0.33,0.07
WGV555.,1,15.604999999999999,1,1,Empresas,DOBLETROQUE,0.06,1,0.06,0.01
WGV959,2,12.336,2,1,Terceros,SENCILLO,0.11,2,0.11,0.01
WGZ109,4,13.774000000000001,4,3,Terceros,TURBO,0.22,3,0.17,0.03
WGZ261,504,577.419,319,11,Terceros,CAMIONETA,28.15,18,1.0,1.5
WGZ333,1,8.16,1,1,Empresas,SENCILLO,0.06,1,0.06,0.01
WGZ638,4,126.43400000000001,4,4,Terceros,TRACTOMULA,0.22,3,0.17,0.03
WGZ647,25,717.828,25,16,Terceros,TRACTOMULA,1.4,13,0.72,0.19
WGZ648,52,1434.747,51,24,Terceros,TRACTOMULA,2.9,15,0.83,0.38
WGZ694,1,9.847,1,1,Empresas,TRACTOMULA,0.06,1,0.06,0.01
WGZ954,66,2124.483,66,14,Terceros,TRACTOMULA,3.69,17,0.94,0.49
WHG537,8,37.173,8,6,Empresas,DOBLETROQUE,0.45,5,0.28,0.06
WHL987,1,31.396,1,1,Empresas,TRACTOMULA,0.06,1,0.06,0.01
WHM245,1,26.538,1,1,Empresas,TRACTOMULA,0.06,1,0.06,0.01
WHM572,52,834.388,52,25,Terceros,DOBLETROQUE,2.9,17,0.94,0.38
WHM633,1,34.5,1,1,Empresas,TRACTOMULA,0.06,1,0.06,0.01
WHM670,2,56.65,2,2,Empresas,TRACTOMULA,0.11,2,0.11,0.01
WHM738,15,116.391,15,11,Terceros,SENCILLO,0.84,10,0.56,0.11
WHO073,1,28.0,1,1,Empresas,TRACTOMULA,0.06,1,0.06,0.01
WHO192,1,11.951,1,1,Empresas,TRACTOMULA,0.06,1,0.06,0.01
WHO232,2,5.323,2,2,Empresas,TURBO,0.11,1,0.06,0.01
WHO375,1,1.609,1,1,Empresas,SENCILLO,0.06,1,0.06,0.01
WHO798,1,33.457,1,1,Empresas,TRACTOMULA,0.06,1,0.06,0.01
WHQ424,1,0.308,1,1,Empresas,CAMIONETA,0.06,1,0.06,0.01
WHT501,1,7.008,1,1,Empresas,SENCILLO,0.06,1,0.06,0.01
WHT511,6,52.347,6,6,Terceros,SENCILLO,0.34,4,0.22,0.05
WHT513,105,694.982,104,55,Terceros,SENCILLO,5.86,18,1.0,0.78
WHU246,1,28.556,1,1,Empresas,TRACTOMULA,0.06,1,0.06,0.01
WHW393,1,8.119,1,1,Empresas,SENCILLO,0.06,1,0.06,0.01
WHW807,212,1858.872,157,10,Terceros,SENCILLO,11.84,13,0.72,1.5
WHX592,1,31.351,1,1,Empresas,TRACTOMULA,0.06,1,0.06,0.01
WHX764,5,34.032,5,4,Terceros,SENCILLO,0.28,2,0.11,0.04
WLB522,1,30.111,1,1,Empresas,TRACTOMULA,0.06,1,0.06,0.01
WLB527,1,32.573,1,1,Empresas,TRACTOMULA,0.06,1,0.06,0.01
WLB538,1,27.0,1,1,Empresas,TRACTOMULA,0.06,1,0.06,0.01
WLB587,1,16.752000000000002,1,1,Empresas,TRACTOMULA,0.06,1,0.06,0.01
WLB675,69,1461.486,68,18,Terceros,TRACTOMULA,3.85,18,1.0,0.51
WLB707,1,8.53,1,1,Empresas,SENCILLO,0.06,1,0.06,0.01
WLB730,1,15.0,1,1,Terceros,TRACTOMULA,0.06,1,0.06,0.01
WLB801,2,69.0,2,1,Empresas,TRACTOMULA,0.11,2,0.11,0.01
WLB819,1,7.903,1,1,Empresas,SENCILLO,0.06,1,0.06,0.01
WLB836,7,115.798,7,5,Terceros,TRACTOMULA,0.39,7,0.39,0.05
WLB893,2,32.903000000000006,2,2,Empresas,DOBLETROQUE,0.11,2,0.11,0.01
WLC032,1,34.5,1,1,Empresas,TRACTOMULA,0.06,1,0.06,0.01
WLC083,5,90.815,5,2,Empresas,TRACTOMULA,0.28,4,0.22,0.04
WLC089,1,33.371,1,1,Empresas,TRACTOMULA,0.06,1,0.06,0.01
WLC147,21,671.948,21,14,Terceros,TRACTOMULA,1.17,7,0.39,0.16
WLC178,9,100.745,9,4,Empresas,TRACTOMULA,0.5,6,0.33,0.07
WLC248,3,98.33000000000001,3,3,Empresas,TRACTOMULA,0.17,3,0.17,0.02
WLC248.,2,65.981,2,2,Empresas,TRACTOMULA,0.11,2,0.11,0.01
WLC272,1,7.487,1,1,Empresas,SENCILLO,0.06,1,0.06,0.01
WLC355,18,128.829,18,15,Terceros,SENCILLO,1.01,5,0.28,0.13
WLC399,1,33.0,1,1,Empresas,TRACTOMULA,0.06,1,0.06,0.01
WLC423,1,16.091,1,1,Empresas,DOBLETROQUE,0.06,1,0.06,0.01
WLK750,18,114.617,18,9,Terceros,SENCILLO,1.01,11,0.61,0.13
WLK845,1,3.69,1,1,Empresas,TURBO,0.06,1,0.06,0.01
WLL109,29,106.643,29,12,Terceros,TURBO,1.62,16,0.89,0.21
WLL402,3,21.42,3,3,Terceros,SENCILLO,0.17,2,0.11,0.02
WLL585,1,5.933,1,1,Terceros,TURBO,0.06,1,0.06,0.01
WLL746,13,108.429,13,9,Terceros,SENCILLO,0.73,4,0.22,0.1
WLM614,1,0.097,1,1,Empresas,TURBO,0.06,1,0.06,0.01
WLN058,1,27.358,1,1,Empresas,TRACTOMULA,0.06,1,0.06,0.01
WLN403,1,3.285,1,1,Empresas,TURBO,0.06,1,0.06,0.01
WLN409,11,75.979,11,9,Terceros,SENCILLO,0.61,7,0.39,0.08
WLN421,1,8.386,1,1,Terceros,SENCILLO,0.06,1,0.06,0.01
WLP797,1,20.0,1,1,Empresas,TRACTOMULA,0.06,1,0.06,0.01
WLQ015,1,18.036,1,1,Empresas,TRACTOMULA,0.06,1,0.06,0.01
WLQ174,3,33.36,3,1,Empresas,TRACTOMULA,0.17,2,0.11,0.02
WLQ442,1,3.7819999999999996,1,1,Empresas,SENCILLO,0.06,1,0.06,0.01
WLR060,1,34.5,1,1,Empresas,TRACTOMULA,0.06,1,0.06,0.01
WLR501,1,33.0,1,1,Empresas,TRACTOMULA,0.06,1,0.06,0.01
WLR732,2,7.185,2,2,Empresas,TURBO,0.11,1,0.06,0.01
WLR857,33,499.834,33,3,Empresas,TRACTOMULA,1.84,17,0.94,0.24
WLR995,2,17.07,2,2,Empresas,SENCILLO,0.11,2,0.11,0.01
WLS013,1,3.925,1,1,Empresas,TURBO,0.06,1,0.06,0.01
WLS072,66,526.111,64,23,Terceros,SENCILLO,3.69,17,0.94,0.49
WLS105,6,30.158,6,4,Empresas,SENCILLO,0.34,3,0.17,0.05
WLS416,1,8.897,1,1,Empresas,SENCILLO,0.06,1,0.06,0.01
WLS802,3,85.64099999999999,3,3,Terceros,TRACTOMULA,0.17,2,0.11,0.02
WLT187,1,4.0,1,1,Empresas,SENCILLO,0.06,1,0.06,0.01
WLT254,2,69.0,2,1,Empresas,TRACTOMULA,0.11,2,0.11,0.01
WLT277,1,26.0,1,1,Empresas,TRACTOMULA,0.06,1,0.06,0.01
WLT310,196,3785.171,190,40,Flota Propia,TRACTOMULA,10.95,18,1.0,1.45
WLT314,163,4825.904,157,68,Flota Propia,TRACTOMULA,9.1,18,1.0,1.21
WLT335,2,6.379,2,2,Empresas,TURBO,0.11,2,0.11,0.01
WLW303,13,107.367,13,8,Terceros,SENCILLO,0.73,6,0.33,0.1
WLW307,4,14.578,4,3,Terceros,TURBO,0.22,3,0.17,0.03
WLW601,2,16.808,2,2,Empresas,SENCILLO,0.11,1,0.06,0.01
WLW668,2,11.307,2,2,Terceros,SENCILLO,0.11,2,0.11,0.01
WLW737,1,2.832,1,1,Empresas,TURBO,0.06,1,0.06,0.01
WLW767,60,353.917,59,9,Terceros,SENCILLO,3.35,18,1.0,0.44
WLX059,1,8.307,1,1,Empresas,SENCILLO,0.06,1,0.06,0.01
WLX109,67,423.204,67,15,Terceros,SENCILLO,3.74,18,1.0,0.5
WLX761,7,34.026,7,5,Terceros,SENCILLO,0.39,2,0.11,0.05
WLY637,7,25.622999999999998,7,6,Terceros,TURBO,0.39,3,0.17,0.05
WLY900,16,113.168,15,10,Terceros,SENCILLO,0.89,10,0.56,0.12
WLY913,5,18.795,5,3,Terceros,TURBO,0.28,3,0.17,0.04
WLZ039,82,439.042,79,42,Terceros,SENCILLO,4.58,18,1.0,0.61
WLZ251,2,10.18,2,2,Terceros,TURBO,0.11,2,0.11,0.01
WLZ406,2,12.709999999999999,2,1,Empresas,SENCILLO,0.11,2,0.11,0.01
WMB163,1,20.609,1,1,Empresas,TRACTOMULA,0.06,1,0.06,0.01
WMO659,51,196.924,51,18,Terceros,TURBO,2.85,14,0.78,0.38
WMP350,1,2.862,1,1,Empresas,TURBO,0.06,1,0.06,0.01
WMP790,37,986.889,37,21,Terceros,TRACTOMULA,2.07,16,0.89,0.27
WMZ533,297,398.091,257,14,Terceros,CAMIONETA,16.59,18,1.0,1.5
WN0418,1,1.275,1,1,Empresas,TURBO,0.06,1,0.06,0.01
WNL773,1,8.0,1,1,Empresas,SENCILLO,0.06,1,0.06,0.01
WNM111,1,5.305000000000001,1,1,Empresas,SENCILLO,0.06,1,0.06,0.01
WNM965,2,64.463,2,1,Empresas,TRACTOMULA,0.11,1,0.06,0.01
WNN213,1,0.269,1,1,Empresas,TURBO,0.06,1,0.06,0.01
WNO144,1,6.086999999999995,1,1,Empresas,SENCILLO,0.06,1,0.06,0.01
WNO418,2,1.9689999999999999,2,2,Empresas,TURBO,0.11,1,0.06,0.01
WNO658,5,21.467,4,5,Terceros,TURBO,0.28,3,0.17,0.04
WNO864,4,57.542,4,1,Empresas,TRACTOMULA,0.22,3,0.17,0.03
WNP816,19,113.914,19,7,Terceros,SENCILLO,1.06,6,0.33,0.14
WNP817,68,491.117,66,37,Terceros,SENCILLO,3.8,14,0.78,0.5
WNP854,74,510.523,73,41,Terceros,SENCILLO,4.13,18,1.0,0.55
WNP861,63,508.154,63,34,Terceros,SENCILLO,3.52,18,1.0,0.47
WNP921,1,21.2,1,1,Empresas,TRACTOMULA,0.06,1,0.06,0.01
WNP983,17,66.741,17,7,Terceros,TURBO,0.95,5,0.28,0.13
WNQ032,3,8.078,3,3,Terceros,TURBO,0.17,2,0.11,0.02
WNQ033,1,14.076,1,1,Empresas,TRACTOMULA,0.06,1,0.06,0.01
WNQ114,1,20.0,1,1,Empresas,TRACTOMULA,0.06,1,0.06,0.01
WNQ898,1,3.155,1,1,Empresas,SENCILLO,0.06,1,0.06,0.01
WNQ945,1,20.0,1,1,Empresas,TRACTOMULA,0.06,1,0.06,0.01
WNY371,7,55.787,7,6,Empresas,SENCILLO,0.39,6,0.33,0.05
WNZ447,1,15.218999999999998,1,1,Empresas,TRACTOMULA,0.06,1,0.06,0.01
WNZ562,35,125.951,35,23,Terceros,TURBO,1.95,14,0.78,0.26
WOK576,1,6.935,1,1,Empresas,SENCILLO,0.06,1,0.06,0.01
WOK671,2,16.538,2,2,Terceros,SENCILLO,0.11,2,0.11,0.01
WOK757,1,4.242,1,1,Empresas,TURBO,0.06,1,0.06,0.01
WOK951,1,15.818000000000001,1,1,Empresas,DOBLETROQUE,0.06,1,0.06,0.01
WOL052,1,5.0,1,1,Empresas,SENCILLO,0.06,1,0.06,0.01
WOL210,1,8.691,1,1,Empresas,SENCILLO,0.06,1,0.06,0.01
WOL286,85,568.525,80,40,Terceros,SENCILLO,4.75,17,0.94,0.63
WOL825,1,33.0,1,1,Empresas,TRACTOMULA,0.06,1,0.06,0.01
WOL867,4,64.183,4,3,Empresas,TRACTOMULA,0.22,4,0.22,0.03
WOL869,1,8.363,1,1,Empresas,SENCILLO,0.06,1,0.06,0.01
WOL872,13,411.59000000000003,13,2,Empresas,TRACTOMULA,0.73,10,0.56,0.1
WOL918,2,31.248000000000005,2,1,Empresas,DOBLETROQUE,0.11,2,0.11,0.01
WOL935,1,15.882,1,1,Empresas,DOBLETROQUE,0.06,1,0.06,0.01
WOL937,5,158.265,5,3,Empresas,TRACTOMULA,0.28,3,0.17,0.04
WOL997,1,8.116000000000001,1,1,Empresas,SENCILLO,0.06,1,0.06,0.01
WOL998,1,33.0,1,1,Empresas,TRACTOMULA,0.06,1,0.06,0.01
WOM010,1,33.0,1,1,Empresas,TRACTOMULA,0.06,1,0.06,0.01
WOM028,1,33.0,1,1,Empresas,TRACTOMULA,0.06,1,0.06,0.01
WOM031,3,27.134999999999998,3,3,Empresas,SENCILLO,0.17,2,0.11,0.02
WOM050,1,33.0,1,1,Empresas,TRACTOMULA,0.06,1,0.06,0.01
WOM051,3,47.647999999999996,3,3,Empresas,DOBLETROQUE,0.17,2,0.11,0.02
WOM158,1,6.0,1,1,Empresas,TRACTOMULA,0.06,1,0.06,0.01
WOM161,1,9.216,1,1,Empresas,TRACTOMULA,0.06,1,0.06,0.01
WOM170,5,79.59,5,5,Terceros,DOBLETROQUE,0.28,4,0.22,0.04
WOM171,1,31.043999999999997,1,1,Empresas,TRACTOMULA,0.06,1,0.06,0.01
WOM181,5,26.656,5,5,Empresas,SENCILLO,0.28,5,0.28,0.04
WOM224,3,43.908,3,3,Empresas,DOBLETROQUE,0.17,3,0.17,0.02
WOM236,3,49.138,3,2,Empresas,DOBLETROQUE,0.17,3,0.17,0.02
WOM240,2,17.57,2,1,Empresas,SENCILLO,0.11,1,0.06,0.01
WOM356,1,32.312,1,1,Empresas,TRACTOMULA,0.06,1,0.06,0.01
WOM368,1,29.538999999999998,1,1,Empresas,TRACTOMULA,0.06,1,0.06,0.01
WOM398,1,16.034,1,1,Empresas,DOBLETROQUE,0.06,1,0.06,0.01
WOM415,8,219.684,7,4,Empresas,TRACTOMULA,0.45,6,0.33,0.06
WOM458,1,33.0,1,1,Empresas,TRACTOMULA,0.06,1,0.06,0.01
WOM517,3,26.015,3,2,Empresas,SENCILLO,0.17,2,0.11,0.02
WOM618,6,96.608,6,5,Empresas,DOBLETROQUE,0.34,5,0.28,0.05
WOM638,1,22.5,1,1,Empresas,TRACTOMULA,0.06,1,0.06,0.01
WOM643,1,34.5,1,1,Empresas,TRACTOMULA,0.06,1,0.06,0.01
WOM648,9,132.023,9,7,Empresas,DOBLETROQUE,0.5,8,0.44,0.07
WOM720,2,56.649,2,1,Empresas,TRACTOMULA,0.11,2,0.11,0.01
WOM721,1,32.854,1,1,Empresas,TRACTOMULA,0.06,1,0.06,0.01
WOM729,1,14.03,1,1,Empresas,DOBLETROQUE,0.06,1,0.06,0.01
WOM740,5,81.261,5,3,Empresas,DOBLETROQUE,0.28,4,0.22,0.04
WOM763,1,9.5,1,1,Empresas,TRACTOMULA,0.06,1,0.06,0.01
WOM800,3,96.362,3,1,Empresas,TRACTOMULA,0.17,2,0.11,0.02
WOM801,1,30.0,1,1,Empresas,TRACTOMULA,0.06,1,0.06,0.01
WOM812,1,31.307000000000002,1,1,Empresas,TRACTOMULA,0.06,1,0.06,0.01
WOM850,1,34.5,1,1,Empresas,TRACTOMULA,0.06,1,0.06,0.01
WOM867,1,33.507,1,1,Empresas,TRACTOMULA,0.06,1,0.06,0.01
WOM875,1,32.818,1,1,Empresas,TRACTOMULA,0.06,1,0.06,0.01
WOM924,6,91.291,6,4,Empresas,DOBLETROQUE,0.34,5,0.28,0.05
WOM930,4,64.86500000000001,4,3,Empresas,DOBLETROQUE,0.22,3,0.17,0.03
WOM961,3,58.254000000000005,2,1,Empresas,TRACTOMULA,0.17,2,0.11,0.02
WON079,1,33.0,1,1,Empresas,TRACTOMULA,0.06,1,0.06,0.01
WON160,1,33.0,1,1,Empresas,TRACTOMULA,0.06,1,0.06,0.01
WON218,1,33.0,1,1,Empresas,TRACTOMULA,0.06,1,0.06,0.01
WOO063,32,122.591,32,14,Terceros,TURBO,1.79,12,0.67,0.24
WOO253,77,661.838,77,32,Terceros,SENCILLO,4.3,18,1.0,0.57
WOO420,10,88.175,10,10,Terceros,SENCILLO,0.56,5,0.28,0.07
WOO499,9,72.164,9,5,Terceros,SENCILLO,0.5,4,0.22,0.07
WOR759,1,31.208,1,1,Empresas,TRACTOMULA,0.06,1,0.06,0.01
WOR784,1,32.222,1,1,Empresas,TRACTOMULA,0.06,1,0.06,0.01
WOR795,1,31.389000000000003,1,1,Empresas,TRACTOMULA,0.06,1,0.06,0.01
WOT125,1,4.305,1,1,Empresas,TURBO,0.06,1,0.06,0.01
WOT418,5,22.857999999999997,5,3,Empresas,SENCILLO,0.28,3,0.17,0.04
WOT464,1,6.5,1,1,Terceros,TURBO,0.06,1,0.06,0.01
WOT510,5,156.583,5,3,Empresas,TRACTOMULA,0.28,3,0.17,0.04
WOU737,1,34.5,1,1,Empresas,TRACTOMULA,0.06,1,0.06,0.01
WOU742,53,387.372,52,10,Terceros,SENCILLO,2.96,18,1.0,0.39
WOV806,30,116.24799999999999,30,9,Empresas,SENCILLO,1.68,15,0.83,0.22
WOW774,1,1.725,1,1,Empresas,TURBO,0.06,1,0.06,0.01
WOW905,123,692.26,114,46,Terceros,SENCILLO,6.87,16,0.89,0.91
WOX857,4,15.337,4,4,Terceros,TURBO,0.22,3,0.17,0.03
WOY122,495,576.051,320,12,Terceros,TURBO,27.65,18,1.0,1.5
WOY318,1,7.0,1,1,Empresas,SENCILLO,0.06,1,0.06,0.01
WOY381,3,14.212,3,2,Terceros,TURBO,0.17,3,0.17,0.02
WOY738,8,66.066,8,8,Empresas,SENCILLO,0.45,6,0.33,0.06
WOZ359,6,206.5,6,3,Empresas,TRACTOMULA,0.34,4,0.22,0.05
WPK172,1,31.125,1,1,Empresas,TRACTOMULA,0.06,1,0.06,0.01
WPK406,21,672.183,21,7,Empresas,TRACTOMULA,1.17,11,0.61,0.16
WPK429,1,7.46,1,1,Empresas,SENCILLO,0.06,1,0.06,0.01
WPK590,3,19.625,3,3,Terceros,SENCILLO,0.17,3,0.17,0.02
WPR086,4,33.227000000000004,4,2,Terceros,SENCILLO,0.22,3,0.17,0.03
WPR250,1,4.0,1,1,Empresas,TURBO,0.06,1,0.06,0.01
WPR298,1,3.392,1,1,Empresas,SENCILLO,0.06,1,0.06,0.01
WPS642,1,1.53,1,1,Empresas,TURBO,0.06,1,0.06,0.01
WPS744,91,1410.813,90,30,Terceros,DOBLETROQUE,5.08,18,1.0,0.67
WPS745,97,1545.012,96,33,Terceros,DOBLETROQUE,5.42,18,1.0,0.72
WPS801,87,1381.53,85,32,Terceros,DOBLETROQUE,4.86,18,1.0,0.64
WPS939,2,32.843999999999994,2,2,Empresas,DOBLETROQUE,0.11,2,0.11,0.01
WPT016,2,2.5,2,2,Terceros,TURBO,0.11,2,0.11,0.01
WPT550,1,34.5,1,1,Empresas,TRACTOMULA,0.06,1,0.06,0.01
WPT900,2,8.054,2,2,Empresas,SENCILLO,0.11,1,0.06,0.01
WPT919,1,2.981,1,1,Empresas,TURBO,0.06,1,0.06,0.01
WPU520,23,171.708,23,14,Terceros,SENCILLO,1.28,12,0.67,0.17
WRC633,187,1679.563,150,23,Terceros,SENCILLO,10.44,14,0.78,1.38
WRC829,87,1484.0,37,2,Empresas,TRACTOMULA,4.86,13,0.72,0.64
WRC836,39,341.099,39,25,Terceros,SENCILLO,2.18,8,0.44,0.29
WRD129,1,15.123,1,1,Empresas,TRACTOMULA,0.06,1,0.06,0.01
WRD218,1,8.1,1,1,Empresas,SENCILLO,0.06,1,0.06,0.01
WRD237,3,94.892,3,3,Empresas,TRACTOMULA,0.17,3,0.17,0.02
WRD286,10,110.42699999999999,10,2,Empresas,TRACTOMULA,0.56,6,0.33,0.07
WRD288,44,342.247,43,33,Terceros,SENCILLO,2.46,11,0.61,0.33
WRD447,1,27.384,1,1,Empresas,TRACTOMULA,0.06,1,0.06,0.01
WSJ840,4,105.0,4,2,Empresas,TRACTOMULA,0.22,4,0.22,0.03
WSJ862,12,103.517,12,10,Terceros,SENCILLO,0.67,8,0.44,0.09
WSJ887,7,40.61,7,3,Empresas,SENCILLO,0.39,3,0.17,0.05
WSJ892,395,3561.654,292,16,Terceros,SENCILLO,22.06,18,1.0,1.5
WSJ919,1,15.21,1,1,Empresas,TRACTOMULA,0.06,1,0.06,0.01
WTB144,4,32.408,4,3,Terceros,SENCILLO,0.22,2,0.11,0.03
WTD027,1,15.703999999999999,1,1,Terceros,DOBLETROQUE,0.06,1,0.06,0.01
WTD969,21,214.745,19,4,Terceros,SENCILLO,1.17,2,0.11,0.16
WTJ593,78,714.66,77,9,Terceros,SENCILLO,4.36,8,0.44,0.58
WTL843,9,34.976,9,3,Empresas,SENCILLO,0.5,7,0.39,0.07
WTM926,1,34.5,1,1,Empresas,TRACTOMULA,0.06,1,0.06,0.01
WTN525,3,83.7,3,2,Empresas,TRACTOMULA,0.17,3,0.17,0.02
WTN828,3,39.364,3,1,Empresas,TRACTOMULA,0.17,3,0.17,0.02
WTO103,1,18.119,1,1,Empresas,TRACTOMULA,0.06,1,0.06,0.01
WTO590,67,1037.224,66,27,Terceros,DOBLETROQUE,3.74,16,0.89,0.5
WTO964,3,103.5,3,1,Empresas,TRACTOMULA,0.17,3,0.17,0.02
WTO976,19,355.843,19,7,Empresas,TRACTOMULA,1.06,12,0.67,0.14
WTP218,1,7.215,1,1,Empresas,SENCILLO,0.06,1,0.06,0.01
WTP405,81,1906.884,81,38,Terceros,TRACTOMULA,4.52,18,1.0,0.6
WTP428,1,15.18,1,1,Empresas,TRACTOMULA,0.06,1,0.06,0.01
WTP434,2,17.235,2,2,Empresas,SENCILLO,0.11,1,0.06,0.01
WTP453,29,1000.0,29,3,Empresas,TRACTOMULA,1.62,13,0.72,0.21
WTP542,3,99.725,3,3,Empresas,TRACTOMULA,0.17,3,0.17,0.02
WTP769,7,220.66,7,6,Terceros,TRACTOMULA,0.39,6,0.33,0.05
WTP783,1,34.5,1,1,Empresas,TRACTOMULA,0.06,1,0.06,0.01
WTP814,1,1.735,1,1,Empresas,TURBO,0.06,1,0.06,0.01
WTQ634,1,4.0,1,1,Empresas,SENCILLO,0.06,1,0.06,0.01
WWA543,1,8.6,1,1,Empresas,SENCILLO,0.06,1,0.06,0.01
WWA695,3,87.74000000000001,3,3,Empresas,TRACTOMULA,0.17,3,0.17,0.02
WXG590,30,473.37,30,14,Terceros,DOBLETROQUE,1.68,14,0.78,0.22
WXG666,211,3213.2599999999998,208,12,Terceros,DOBLETROQUE,11.79,18,1.0,1.5
WXK061,3,103.5,3,1,Empresas,TRACTOMULA,0.17,3,0.17,0.02
WXK093,2,69.0,2,2,Empresas,TRACTOMULA,0.11,2,0.11,0.01
WXK123,4,49.138,3,4,Empresas,DOBLETROQUE,0.22,3,0.17,0.03
WXK140,1,33.188,1,1,Empresas,TRACTOMULA,0.06,1,0.06,0.01
WXK163,2,32.068,2,2,Empresas,DOBLETROQUE,0.11,2,0.11,0.01
WYA116,3,103.5,3,2,Empresas,TRACTOMULA,0.17,3,0.17,0.02
WZC375,62,983.281,61,17,Terceros,DOBLETROQUE,3.46,17,0.94,0.46
WZG060,1,33.546,1,1,Empresas,TRACTOMULA,0.06,1,0.06,0.01
WZG061,99,2972.939,97,25,Flota Propia,TRACTOMULA,5.53,18,1.0,0.73
WZG090,4,125.60900000000001,4,3,Empresas,TRACTOMULA,0.22,4,0.22,0.03
WZH055,1,16.982,1,1,Empresas,TRACTOMULA,0.06,1,0.06,0.01
WZH055 ,2,36.211,2,1,Empresas,TRACTOMULA,0.11,2,0.11,0.01
WZH072,1,7.862,1,1,Empresas,SENCILLO,0.06,1,0.06,0.01
WZH112,83,703.3,82,46,Terceros,SENCILLO,4.64,11,0.61,0.62
WZH217,309,978.365,269,15,Terceros,TURBO,17.26,18,1.0,1.5
WZH272,2,65.565,2,2,Empresas,TRACTOMULA,0.11,2,0.11,0.01
WZH280,17,512.632,17,15,Terceros,TRACTOMULA,0.95,8,0.44,0.13
WZH334,4,101.054,4,2,Empresas,TRACTOMULA,0.22,4,0.22,0.03
WZH375,2,54.358000000000004,2,2,Empresas,TRACTOMULA,0.11,2,0.11,0.01
WZH384,4,106.171,4,1,Empresas,TRACTOMULA,0.22,3,0.17,0.03
WZH417,1,4.106,1,1,Empresas,SENCILLO,0.06,1,0.06,0.01
WZH650,1,30.81,1,1,Empresas,TRACTOMULA,0.06,1,0.06,0.01
WZH702,1,32.0,1,1,Empresas,TRACTOMULA,0.06,1,0.06,0.01
WZH811,1,32.275,1,1,Empresas,TRACTOMULA,0.06,1,0.06,0.01
WZH977,1,30.325,1,1,Empresas,TRACTOMULA,0.06,1,0.06,0.01
WZH978,2,65.65700000000001,2,2,Empresas,TRACTOMULA,0.11,2,0.11,0.01
WZH980,2,56.899,2,2,Empresas,TRACTOMULA,0.11,2,0.11,0.01
WZH981,2,60.459999999999994,2,1,Empresas,TRACTOMULA,0.11,1,0.06,0.01
WZH989,2,60.675,2,1,Empresas,TRACTOMULA,0.11,1,0.06,0.01
WZH991,1,28.586999999999996,1,1,Empresas,TRACTOMULA,0.06,1,0.06,0.01
WZI016,1,33.0,1,1,Empresas,TRACTOMULA,0.06,1,0.06,0.01
WZI017,4,59.957,4,1,Empresas,TRACTOMULA,0.22,4,0.22,0.03
WZI018,1,30.969,1,1,Empresas,TRACTOMULA,0.06,1,0.06,0.01
WZI025,1,33.47,1,1,Empresas,TRACTOMULA,0.06,1,0.06,0.01
WZI029,2,63.136,2,1,Empresas,TRACTOMULA,0.11,2,0.11,0.01
WZI030,2,57.656000000000006,2,2,Empresas,TRACTOMULA,0.11,1,0.06,0.01
WZI060,2,63.473,2,2,Empresas,TRACTOMULA,0.11,2,0.11,0.01
WZI061,1,28.379,1,1,Empresas,TRACTOMULA,0.06,1,0.06,0.01
WZI065,3,88.78099999999999,3,3,Empresas,TRACTOMULA,0.17,3,0.17,0.02
WZI066,1,30.06,1,1,Empresas,TRACTOMULA,0.06,1,0.06,0.01
WZI067,2,64.606,2,2,Empresas,TRACTOMULA,0.11,2,0.11,0.01
WZI083,2,62.408,2,2,Empresas,TRACTOMULA,0.11,2,0.11,0.01
WZI116,5,81.62,5,2,Empresas,TRACTOMULA,0.28,4,0.22,0.04
WZI142,1,31.83,1,1,Empresas,TRACTOMULA,0.06,1,0.06,0.01
WZI184,1,30.06,1,1,Empresas,TRACTOMULA,0.06,1,0.06,0.01
WZI200,1,29.21,1,1,Empresas,TRACTOMULA,0.06,1,0.06,0.01
WZI201,1,32.498999999999995,1,1,Empresas,TRACTOMULA,0.06,1,0.06,0.01
WZI211,1,32.3,1,1,Empresas,TRACTOMULA,0.06,1,0.06,0.01
WZI214,2,21.997,2,1,Empresas,TRACTOMULA,0.11,1,0.06,0.01
WZI240,3,47.548,3,2,Empresas,DOBLETROQUE,0.17,2,0.11,0.02
WZI279,1,9.006,1,1,Empresas,SENCILLO,0.06,1,0.06,0.01
WZI289,3,34.894999999999996,3,1,Empresas,TRACTOMULA,0.17,3,0.17,0.02
WZI293,3,98.655,3,2,Empresas,TRACTOMULA,0.17,1,0.06,0.02
WZI303,1,31.969,1,1,Empresas,TRACTOMULA,0.06,1,0.06,0.01
WZI306,2,65.503,2,1,Empresas,TRACTOMULA,0.11,1,0.06,0.01
WZX044,2,69.0,2,1,Empresas,TRACTOMULA,0.11,2,0.11,0.01
XAA174,131,1079.872,131,61,Terceros,SENCILLO,7.32,18,1.0,0.97
XAA397,88,1349.473,85,39,Terceros,DOBLETROQUE,4.92,12,0.67,0.65
XEJ165,1,27.886,1,1,Empresas,TRACTOMULA,0.06,1,0.06,0.01
XEJ390,1,28.339,1,1,Empresas,TRACTOMULA,0.06,1,0.06,0.01
XEK003,1,18.147,1,1,Empresas,TRACTOMULA,0.06,1,0.06,0.01
XEK004,1,34.0,1,1,Terceros,TRACTOMULA,0.06,1,0.06,0.01
XEK050,2,64.89699999999999,2,2,Empresas,TRACTOMULA,0.11,2,0.11,0.01
XEK057,2,60.085,2,2,Empresas,TRACTOMULA,0.11,2,0.11,0.01
XEK063,1,29.373000000000005,1,1,Empresas,TRACTOMULA,0.06,1,0.06,0.01
XEK082,3,91.863,3,2,Empresas,TRACTOMULA,0.17,2,0.11,0.02
XEK086,1,17.235,1,1,Empresas,TRACTOMULA,0.06,1,0.06,0.01
XEK114,1,28.729,1,1,Empresas,TRACTOMULA,0.06,1,0.06,0.01
XEK155,2,58.991,2,2,Empresas,TRACTOMULA,0.11,2,0.11,0.01
XEK185,2,48.608000000000004,2,2,Empresas,TRACTOMULA,0.11,2,0.11,0.01
XEK286,1,29.633,1,1,Empresas,TRACTOMULA,0.06,1,0.06,0.01
XFA343,3,62.495999999999995,3,3,Terceros,DOBLETROQUE,0.17,2,0.11,0.02
XFA354,5,153.21800000000002,5,5,Empresas,TRACTOMULA,0.28,5,0.28,0.04
XFA379,1,3.22,1,1,Empresas,SENCILLO,0.06,1,0.06,0.01
XFA455,1,34.5,1,1,Empresas,TRACTOMULA,0.06,1,0.06,0.01
XFJ102,33,269.692,33,15,Terceros,SENCILLO,1.84,14,0.78,0.24
XFJ791,139,2213.754,137,9,Terceros,DOBLETROQUE,7.76,15,0.83,1.03
XGC695,1,32.384,1,1,Empresas,TRACTOMULA,0.06,1,0.06,0.01
XGC801,3,88.84,3,2,Empresas,TRACTOMULA,0.17,3,0.17,0.02
XGC852,1,28.0,1,1,Empresas,TRACTOMULA,0.06,1,0.06,0.01
XGC903,1,16.495000000000005,1,1,Empresas,DOBLETROQUE,0.06,1,0.06,0.01
XGC958,1,4.227,1,1,Empresas,SENCILLO,0.06,1,0.06,0.01
XGD076,18,142.763,18,14,Terceros,SENCILLO,1.01,7,0.39,0.13
XGD091,4,9.188999999999998,4,2,Terceros,TURBO,0.22,1,0.06,0.03
XGD131,2,61.0,2,2,Empresas,TRACTOMULA,0.11,2,0.11,0.01
XGD186,6,39.678,5,6,Terceros,SENCILLO,0.34,4,0.22,0.05
XGD198,11,379.0,11,3,Empresas,TRACTOMULA,0.61,5,0.28,0.08
XGD408,88,764.371,86,33,Terceros,SENCILLO,4.92,18,1.0,0.65
XHB075,19,295.302,19,14,Terceros,DOBLETROQUE,1.06,13,0.72,0.14
XHJ417,12,107.51400000000001,12,4,Terceros,TURBO,0.67,4,0.22,0.09
XHJ705,223,3453.84,215,17,Terceros,DOBLETROQUE,12.46,18,1.0,1.5
XIA476,25,365.908,23,19,Terceros,CUATROMANOS,1.4,11,0.61,0.19
XIA497,122,1488.867,121,29,Terceros,DOBLETROQUE,6.81,18,1.0,0.9
XIB712,16,552.0,16,1,Empresas,TRACTOMULA,0.89,12,0.67,0.12
XIC505,87,1265.377,78,42,Terceros,DOBLETROQUE,4.86,13,0.72,0.64
XIC727,1,16.834,1,1,Empresas,TRACTOMULA,0.06,1,0.06,0.01
XIC833,1,8.668,1,1,Empresas,SENCILLO,0.06,1,0.06,0.01
XIC838,116,952.5889999999999,111,49,Terceros,SENCILLO,6.48,15,0.83,0.86
XID410,158,4851.333,153,27,Terceros,TRACTOMULA,8.82,18,1.0,1.17
XID506,8,258.378,8,5,Empresas,TRACTOMULA,0.45,5,0.28,0.06
XID609,2,46.462,2,1,Empresas,TRACTOMULA,0.11,2,0.11,0.01
XID630,101,1559.056,98,11,Terceros,TRACTOMULA,5.64,11,0.61,0.75
XID917,2,61.328,2,2,Empresas,TRACTOMULA,0.11,2,0.11,0.01
XID976,1,34.5,1,1,Empresas,TRACTOMULA,0.06,1,0.06,0.01
XID985,1,28.808,1,1,Empresas,TRACTOMULA,0.06,1,0.06,0.01
XIE002.,1,32.184,1,1,Empresas,TRACTOMULA,0.06,1,0.06,0.01
XIE050,2,65.78999999999999,2,2,Empresas,TRACTOMULA,0.11,2,0.11,0.01
XIE060,1,33.211,1,1,Empresas,TRACTOMULA,0.06,1,0.06,0.01
XIE095,1,34.0,1,1,Terceros,TRACTOMULA,0.06,1,0.06,0.01
XIE101,1,31.497,1,1,Empresas,TRACTOMULA,0.06,1,0.06,0.01
XIE136,2,69.0,2,1,Empresas,TRACTOMULA,0.11,2,0.11,0.01
XIE139,1,34.5,1,1,Empresas,TRACTOMULA,0.06,1,0.06,0.01
XIE155,8,240.954,8,5,Terceros,TRACTOMULA,0.45,5,0.28,0.06
XIE249,1,34.0,1,1,Empresas,TRACTOMULA,0.06,1,0.06,0.01
XIE345,1,33.0,1,1,Empresas,TRACTOMULA,0.06,1,0.06,0.01
XIE350,2,69.0,2,1,Empresas,TRACTOMULA,0.11,2,0.11,0.01
XIE390,2,69.0,2,1,Empresas,TRACTOMULA,0.11,2,0.11,0.01
XIE428,1,34.5,1,1,Empresas,TRACTOMULA,0.06,1,0.06,0.01
XIE454,2,33.604,2,2,Empresas,TRACTOMULA,0.11,2,0.11,0.01
XIE540,1,11.521,1,1,Empresas,TRACTOMULA,0.06,1,0.06,0.01
XIE550,26,866.337,26,11,Terceros,TRACTOMULA,1.45,8,0.44,0.19
XIE578,1,34.0,1,1,Terceros,TRACTOMULA,0.06,1,0.06,0.01
XIE605,3,95.536,3,3,Empresas,TRACTOMULA,0.17,3,0.17,0.02
XIE651,1,17.914,1,1,Empresas,TRACTOMULA,0.06,1,0.06,0.01
XIE658,1,26.0,1,1,Empresas,TRACTOMULA,0.06,1,0.06,0.01
XIE667,1,28.0,1,1,Empresas,TRACTOMULA,0.06,1,0.06,0.01
XIE690,1,0.36,1,1,Empresas,TRACTOMULA,0.06,1,0.06,0.01
XIE696,2,31.589,2,1,Empresas,TRACTOMULA,0.11,2,0.11,0.01
XIK003,190,616.639,181,47,Terceros,TURBO,10.61,18,1.0,1.41
XIK159,2,62.4,2,2,Empresas,TRACTOMULA,0.11,2,0.11,0.01
XIK170,1,28.6,1,1,Empresas,TRACTOMULA,0.06,1,0.06,0.01
XIK307,1,30.988,1,1,Empresas,TRACTOMULA,0.06,1,0.06,0.01
XJA041,2,30.942,2,1,Empresas,TRACTOMULA,0.11,1,0.06,0.01
XJA066,9,249.933,8,5,Empresas,TRACTOMULA,0.5,5,0.28,0.07
XJA070,15,484.185,14,6,Terceros,TRACTOMULA,0.84,7,0.39,0.11
XJA115,2,18.6,2,2,Terceros,SENCILLO,0.11,2,0.11,0.01
XJA126,1,16.558,1,1,Empresas,TRACTOMULA,0.06,1,0.06,0.01
XJA136,1,32.5,1,1,Empresas,TRACTOMULA,0.06,1,0.06,0.01
XJA174,1,16.0,1,1,Empresas,TRACTOMULA,0.06,1,0.06,0.01
XJA219,3,98.104,3,3,Empresas,TRACTOMULA,0.17,3,0.17,0.02
XJA224,3,35.572,3,2,Empresas,TRACTOMULA,0.17,3,0.17,0.02
XJA231,1,26.0,1,1,Empresas,TRACTOMULA,0.06,1,0.06,0.01
XJA246,2,66.62,2,2,Empresas,TRACTOMULA,0.11,2,0.11,0.01
XJA247,4,137.5,4,3,Empresas,TRACTOMULA,0.22,3,0.17,0.03
XJA256,14,447.211,14,4,Empresas,TRACTOMULA,0.78,5,0.28,0.1
XJA266,1,13.336,1,1,Empresas,TRACTOMULA,0.06,1,0.06,0.01
XJA270,1,28.061,1,1,Empresas,TRACTOMULA,0.06,1,0.06,0.01
XJA363,3,99.852,3,3,Empresas,TRACTOMULA,0.17,2,0.11,0.02
XJA381,1,32.5,1,1,Empresas,TRACTOMULA,0.06,1,0.06,0.01
XJA383,2,59.5,2,1,Empresas,TRACTOMULA,0.11,2,0.11,0.01
XJA395,2,56.0,2,1,Empresas,TRACTOMULA,0.11,1,0.06,0.01
XJA398,2,63.0,2,1,Empresas,TRACTOMULA,0.11,2,0.11,0.01
XJA422,1,24.392,1,1,Empresas,TRACTOMULA,0.06,1,0.06,0.01
XJA446,1,34.5,1,1,Empresas,TRACTOMULA,0.06,1,0.06,0.01
XJA448,2,69.0,2,1,Empresas,TRACTOMULA,0.11,2,0.11,0.01
XJA457,14,454.096,14,3,Empresas,TRACTOMULA,0.78,7,0.39,0.1
XJA477,12,389.358,12,10,Terceros,TRACTOMULA,0.67,6,0.33,0.09
XJA519,1,27.2,1,1,Empresas,TRACTOMULA,0.06,1,0.06,0.01
XJA529,1,34.5,1,1,Empresas,TRACTOMULA,0.06,1,0.06,0.01
XJA539,1,28.0,1,1,Empresas,TRACTOMULA,0.06,1,0.06,0.01
XJA581,35,1028.629,33,14,Terceros,TRACTOMULA,1.95,13,0.72,0.26
XJA633,2,60.0,2,2,Empresas,TRACTOMULA,0.11,2,0.11,0.01
XJA634,1,4.399,1,1,Terceros,TRACTOMULA,0.06,1,0.06,0.01
XJA642,6,193.211,6,6,Empresas,TRACTOMULA,0.34,5,0.28,0.05
XJA665,1,26.461,1,1,Empresas,TRACTOMULA,0.06,1,0.06,0.01
XJA715,9,237.628,9,3,Terceros,TRACTOMULA,0.5,5,0.28,0.07
XJA720,1,6.53,1,1,Terceros,SENCILLO,0.06,1,0.06,0.01
XJA722,1,24.443,1,1,Empresas,TRACTOMULA,0.06,1,0.06,0.01
XJA747,6,190.98000000000002,6,2,Terceros,TRACTOMULA,0.34,3,0.17,0.05
XJA789,1,32.0,1,1,Empresas,TRACTOMULA,0.06,1,0.06,0.01
XJA800,1,32.5,1,1,Empresas,TRACTOMULA,0.06,1,0.06,0.01
XJA832,2,56.0,2,2,Empresas,TRACTOMULA,0.11,2,0.11,0.01
XJA855,1,25.0,1,1,Empresas,TRACTOMULA,0.06,1,0.06,0.01
XJA888,1,32.0,1,1,Empresas,TRACTOMULA,0.06,1,0.06,0.01
XJA900,4,117.293,4,4,Terceros,TRACTOMULA,0.22,2,0.11,0.03
XJA901,1,34.5,1,1,Empresas,TRACTOMULA,0.06,1,0.06,0.01
XJA932,71,530.619,70,14,Terceros,SENCILLO,3.97,18,1.0,0.53
XJA933,3,88.0,3,2,Empresas,TRACTOMULA,0.17,2,0.11,0.02
XJA972,2,59.5,2,1,Empresas,TRACTOMULA,0.11,2,0.11,0.01
XJA982,1,30.0,1,1,Empresas,TRACTOMULA,0.06,1,0.06,0.01
XJB077,121,3770.568,104,9,Terceros,TRACTOMULA,6.76,11,0.61,0.9
XJB084,9,281.082,9,5,Terceros,TRACTOMULA,0.5,4,0.22,0.07
XJB101,8,254.228,8,6,Terceros,TRACTOMULA,0.45,5,0.28,0.06
XJB104,1,9.022,1,1,Empresas,SENCILLO,0.06,1,0.06,0.01
XJB110,1,33.104000000000006,1,1,Empresas,TRACTOMULA,0.06,1,0.06,0.01
XJB184,14,431.497,14,7,Terceros,TRACTOMULA,0.78,12,0.67,0.1
XJB207,1,33.0,1,1,Terceros,TRACTOMULA,0.06,1,0.06,0.01
XJB382,1,2.121,1,1,Empresas,TURBO,0.06,1,0.06,0.01
XJB399,1,28.0,1,1,Empresas,TRACTOMULA,0.06,1,0.06,0.01
XJB456,2,65.02000000000001,2,2,Terceros,TRACTOMULA,0.11,2,0.11,0.01
XJB525,2,65.0,2,1,Empresas,TRACTOMULA,0.11,2,0.11,0.01
XJB526,1,28.518,1,1,Empresas,TRACTOMULA,0.06,1,0.06,0.01
XJB534,1,33.346,1,1,Terceros,TRACTOMULA,0.06,1,0.06,0.01
XJB588,1,30.367,1,1,Empresas,TRACTOMULA,0.06,1,0.06,0.01
XKE956,66,1018.587,65,19,Terceros,CUATROMANOS,3.69,17,0.94,0.49
XLD852,5,155.799,5,2,Empresas,TRACTOMULA,0.28,3,0.17,0.04
XLE851,1,8.76,1,1,Empresas,SENCILLO,0.06,1,0.06,0.01
XLE941,3,46.325,3,2,Empresas,DOBLETROQUE,0.17,3,0.17,0.02
XLF291,1,16.086,1,1,Terceros,DOBLETROQUE,0.06,1,0.06,0.01
XLF799,1,15.826,1,1,Empresas,DOBLETROQUE,0.06,1,0.06,0.01
XLF939,1,25.518,1,1,Empresas,TRACTOMULA,0.06,1,0.06,0.01
XLJ691,1,7.5,1,1,Empresas,SENCILLO,0.06,1,0.06,0.01
XLK164,45,649.698,45,23,Terceros,DOBLETROQUE,2.51,16,0.89,0.33
XLK264,1,31.965,1,1,Empresas,TRACTOMULA,0.06,1,0.06,0.01
XLK471,4,136.5,4,3,Empresas,TRACTOMULA,0.22,3,0.17,0.03
XLK871,26,399.303,26,5,Empresas,DOBLETROQUE,1.45,15,0.83,0.19
XLL078,1,32.278,1,1,Empresas,TRACTOMULA,0.06,1,0.06,0.01
XLL305,2,14.335999999999999,2,2,Empresas,SENCILLO,0.11,2,0.11,0.01
XLL595,1,28.259,1,1,Empresas,TRACTOMULA,0.06,1,0.06,0.01
XLM148,1,31.337,1,1,Empresas,TRACTOMULA,0.06,1,0.06,0.01
XLM449,1,7.97,1,1,Empresas,SENCILLO,0.06,1,0.06,0.01
XLM700,1,25.337000000000003,1,1,Empresas,TRACTOMULA,0.06,1,0.06,0.01
XLM701,55,1743.311,45,5,Terceros,TRACTOMULA,3.07,4,0.22,0.41
XLM856,1,13.269,1,1,Empresas,DOBLETROQUE,0.06,1,0.06,0.01
XLM916,2,16.959,2,2,Empresas,SENCILLO,0.11,1,0.06,0.01
XMB034,1,17.945,1,1,Empresas,TRACTOMULA,0.06,1,0.06,0.01
XMB069,1,29.23,1,1,Empresas,TRACTOMULA,0.06,1,0.06,0.01
XMB070,1,24.118000000000002,1,1,Empresas,TRACTOMULA,0.06,1,0.06,0.01
XMB087,1,32.48400000000001,1,1,Empresas,TRACTOMULA,0.06,1,0.06,0.01
XMB091,7,241.5,7,1,Empresas,TRACTOMULA,0.39,4,0.22,0.05
XMB423,1,27.2,1,1,Empresas,TRACTOMULA,0.06,1,0.06,0.01
XMB444,1,31.287,1,1,Empresas,TRACTOMULA,0.06,1,0.06,0.01
XMB453,1,32.624,1,1,Empresas,TRACTOMULA,0.06,1,0.06,0.01
XMB456,2,64.583,2,2,Empresas,TRACTOMULA,0.11,2,0.11,0.01
XMB529,1,34.5,1,1,Empresas,TRACTOMULA,0.06,1,0.06,0.01
XMB571,182,5467.446,165,9,Terceros,TRACTOMULA,10.17,18,1.0,1.35
XMB745,1,11.158,1,1,Empresas,TRACTOMULA,0.06,1,0.06,0.01
XMC534,6,96.95700000000001,6,4,Empresas,DOBLETROQUE,0.34,4,0.22,0.05
XMC678,73,1579.249,71,20,Terceros,TRACTOMULA,4.08,16,0.89,0.54
XMC698,5,130.723,5,4,Terceros,TRACTOMULA,0.28,5,0.28,0.04
XMC989,6,40.478,6,4,Terceros,SENCILLO,0.34,5,0.28,0.05
XMC995,1,7.686,1,1,Empresas,SENCILLO,0.06,1,0.06,0.01
XMD168,1,16.425,1,1,Empresas,DOBLETROQUE,0.06,1,0.06,0.01
XMD636,3,74.0,3,2,Empresas,TRACTOMULA,0.17,3,0.17,0.02
XPK031,1,32.025,1,1,Empresas,TRACTOMULA,0.06,1,0.06,0.01
XUF132,203,1778.096,185,37,Terceros,SENCILLO,11.34,15,0.83,1.5
XUF241,30,257.48199999999997,30,18,Terceros,SENCILLO,1.68,16,0.89,0.22
XUJ755,1,7.199999999999999,1,1,Empresas,SENCILLO,0.06,1,0.06,0.01
XVA631,4,63.298,4,4,Empresas,DOBLETROQUE,0.22,2,0.11,0.03
XVB136,2,66.881,2,1,Empresas,TRACTOMULA,0.11,2,0.11,0.01
XVB286,2,61.457,2,1,Empresas,TRACTOMULA,0.11,1,0.06,0.01
XVB344,33,498.998,32,23,Terceros,DOBLETROQUE,1.84,14,0.78,0.24
XVB484,2,34.876000000000005,2,2,Empresas,TRACTOMULA,0.11,2,0.11,0.01
XVB575,2,62.324,2,2,Empresas,TRACTOMULA,0.11,2,0.11,0.01
XVB597,1,33.0,1,1,Empresas,TRACTOMULA,0.06,1,0.06,0.01
XVB603,1,8.946,1,1,Empresas,SENCILLO,0.06,1,0.06,0.01
XVB642,2,54.932,2,1,Empresas,TRACTOMULA,0.11,2,0.11,0.01
XVB698,5,160.747,5,5,Terceros,TRACTOMULA,0.28,2,0.11,0.04
XVH138,6,192.342,6,3,Empresas,TRACTOMULA,0.34,4,0.22,0.05
XVH312,1,34.5,1,1,Empresas,TRACTOMULA,0.06,1,0.06,0.01
XVH326,1,34.0,1,1,Empresas,TRACTOMULA,0.06,1,0.06,0.01
XVH331,3,44.982,3,1,Empresas,TRACTOMULA,0.17,3,0.17,0.02
XVH335,1,14.03,1,1,Empresas,TRACTOMULA,0.06,1,0.06,0.01
XVH432,2,57.510000000000005,2,1,Empresas,TRACTOMULA,0.11,2,0.11,0.01
XVH442,2,30.686,2,2,Empresas,DOBLETROQUE,0.11,2,0.11,0.01
XVH690,2,63.248999999999995,2,1,Empresas,TRACTOMULA,0.11,2,0.11,0.01
XVH794,7,231.0,7,1,Terceros,TRACTOMULA,0.39,2,0.11,0.05
XVH892,2,60.195999999999984,2,2,Empresas,TRACTOMULA,0.11,2,0.11,0.01
XVI237,2,5.9030000000000005,2,2,Empresas,SENCILLO,0.11,2,0.11,0.01
XVI377,5,36.54,5,3,Empresas,SENCILLO,0.28,4,0.22,0.04
XVI624,6,23.893,6,4,Empresas,TURBO,0.34,5,0.28,0.05
XVI692,9,145.057,9,7,Empresas,DOBLETROQUE,0.5,6,0.33,0.07
XVI693,4,52.046,4,4,Terceros,DOBLETROQUE,0.22,2,0.11,0.03
XVI944,10,318.937,10,6,Terceros,TRACTOMULA,0.56,8,0.44,0.07
XVK099,107,1546.902,96,49,Terceros,DOBLETROQUE,5.98,17,0.94,0.79
XVK211,5,149.426,5,3,Empresas,TRACTOMULA,0.28,4,0.22,0.04
XVK339,2,66.144,2,1,Empresas,TRACTOMULA,0.11,2,0.11,0.01
XVK611,84,701.077,83,49,Terceros,SENCILLO,4.69,18,1.0,0.62
XVK961,1,33.607,1,1,Empresas,TRACTOMULA,0.06,1,0.06,0.01
XVL056,1,32.773,1,1,Empresas,TRACTOMULA,0.06,1,0.06,0.01
XVL072,1,14.383999999999999,1,1,Empresas,DOBLETROQUE,0.06,1,0.06,0.01
XVL133,85,754.531,71,13,Terceros,SENCILLO,4.75,12,0.67,0.63
XVL165,2,16.331,2,2,Empresas,SENCILLO,0.11,1,0.06,0.01
XVM152,5,172.5,5,2,Empresas,TRACTOMULA,0.28,4,0.22,0.04
XVM379,2,24.169999999999998,2,1,Empresas,DOBLETROQUE,0.11,2,0.11,0.01
XVM497,2,69.0,2,1,Empresas,TRACTOMULA,0.11,1,0.06,0.01
XVM903,2,65.43,2,2,Terceros,TRACTOMULA,0.11,2,0.11,0.01
XVN273,1,8.927,1,1,Empresas,SENCILLO,0.06,1,0.06,0.01
XVN348,14,483.0,14,1,Empresas,TRACTOMULA,0.78,8,0.44,0.1
XVN353,1,16.232999999999997,1,1,Empresas,DOBLETROQUE,0.06,1,0.06,0.01
XVN387,8,275.5,8,3,Empresas,TRACTOMULA,0.45,4,0.22,0.06
XVN402,7,225.672,7,2,Empresas,TRACTOMULA,0.39,6,0.33,0.05
XVO069,6,195.274,6,4,Empresas,TRACTOMULA,0.34,4,0.22,0.05
XVO139,4,128.251,4,1,Empresas,TRACTOMULA,0.22,4,0.22,0.03
XVO139.,1,32.408,1,1,Empresas,TRACTOMULA,0.06,1,0.06,0.01
XVO711,13,409.724,13,6,Empresas,TRACTOMULA,0.73,11,0.61,0.1
XVO899,1,31.709,1,1,Empresas,TRACTOMULA,0.06,1,0.06,0.01
XVO954,1,31.781,1,1,Empresas,TRACTOMULA,0.06,1,0.06,0.01
XVP083,14,426.692,13,6,Empresas,TRACTOMULA,0.78,8,0.44,0.1
XVP162,4,126.36000000000001,4,4,Empresas,TRACTOMULA,0.22,4,0.22,0.03
XVP210,1,3.585,1,1,Empresas,SENCILLO,0.06,1,0.06,0.01
XVP219,5,171.5,5,3,Empresas,TRACTOMULA,0.28,5,0.28,0.04
XVP517,3,85.032,3,3,Empresas,TRACTOMULA,0.17,3,0.17,0.02
XVP569,1,30.955000000000002,1,1,Empresas,TRACTOMULA,0.06,1,0.06,0.01
XVP620,19,651.0,19,4,Empresas,TRACTOMULA,1.06,11,0.61,0.14
XVP705,1,30.085,1,1,Terceros,TRACTOMULA,0.06,1,0.06,0.01
XVP729,8,69.726,8,8,Terceros,SENCILLO,0.45,5,0.28,0.06
XVP867,1,33.313,1,1,Empresas,TRACTOMULA,0.06,1,0.06,0.01
XVP894,1,28.970000000000002,1,1,Empresas,TRACTOMULA,0.06,1,0.06,0.01
XVP935,2,58.321,2,1,Empresas,TRACTOMULA,0.11,1,0.06,0.01
XVU061,1,22.0,1,1,Empresas,TRACTOMULA,0.06,1,0.06,0.01
XVU078,1,31.226,1,1,Empresas,TRACTOMULA,0.06,1,0.06,0.01
XVU146,1,33.3,1,1,Empresas,TRACTOMULA,0.06,1,0.06,0.01
XVU409,1,8.59,1,1,Empresas,DOBLETROQUE,0.06,1,0.06,0.01
XVU482,1,33.0,1,1,Empresas,TRACTOMULA,0.06,1,0.06,0.01
XVU489,63,868.705,62,13,Terceros,DOBLETROQUE,3.52,13,0.72,0.47
XVU527,1,28.479,1,1,Empresas,TRACTOMULA,0.06,1,0.06,0.01
XVU529,2,61.497,2,1,Empresas,TRACTOMULA,0.11,2,0.11,0.01
XVU554,1,30.439,1,1,Empresas,TRACTOMULA,0.06,1,0.06,0.01
XVU575,1,34.5,1,1,Empresas,TRACTOMULA,0.06,1,0.06,0.01
XVU607,311,9863.814,284,7,Terceros,TRACTOMULA,17.37,18,1.0,1.5
XVU610,7,141.402,7,3,Empresas,TRACTOMULA,0.39,7,0.39,0.05
XVU863,14,483.0,14,2,Empresas,TRACTOMULA,0.78,9,0.5,0.1
XVV088,3,47.649,3,2,Empresas,DOBLETROQUE,0.17,3,0.17,0.02
XVV089,1,34.5,1,1,Empresas,TRACTOMULA,0.06,1,0.06,0.01
XVV312,1,32.801,1,1,Empresas,TRACTOMULA,0.06,1,0.06,0.01
XVV592,78,723.201,57,20,Terceros,SENCILLO,4.36,3,0.17,0.58
XVV700,2,57.884,2,1,Empresas,TRACTOMULA,0.11,1,0.06,0.01
XVV734,56,1649.862,56,31,Terceros,TRACTOMULA,3.13,18,1.0,0.42
XVV785,1,20.0,1,1,Empresas,TRACTOMULA,0.06,1,0.06,0.01
XVV984,1,8.881,1,1,Empresas,TURBO,0.06,1,0.06,0.01
XVV992,1,8.698,1,1,Empresas,SENCILLO,0.06,1,0.06,0.01
XVW015,4,92.549,3,3,Empresas,TRACTOMULA,0.22,3,0.17,0.03
XVW402,3,97.008,3,1,Empresas,TRACTOMULA,0.17,2,0.11,0.02
XVW503,1,32.776,1,1,Empresas,TRACTOMULA,0.06,1,0.06,0.01
XVW613,1,33.0,1,1,Empresas,TRACTOMULA,0.06,1,0.06,0.01
XVW924,4,138.0,4,2,Empresas,TRACTOMULA,0.22,3,0.17,0.03
XVW934,1,30.5,1,1,Empresas,TRACTOMULA,0.06,1,0.06,0.01
XVX229,339,5353.273,291,31,Terceros,DOBLETROQUE,18.93,18,1.0,1.5
XVX389,1,8.0,1,1,Empresas,SENCILLO,0.06,1,0.06,0.01
XVX590,10,345.0,10,1,Empresas,TRACTOMULA,0.56,6,0.33,0.07
XVY467,1,33.157,1,1,Empresas,TRACTOMULA,0.06,1,0.06,0.01
XWJ453,219,1898.157,207,12,Terceros,SENCILLO,12.23,16,0.89,1.5
XXA364,4,54.718999999999994,4,4,Empresas,DOBLETROQUE,0.22,4,0.22,0.03
XXA937,1,32.208,1,1,Empresas,TRACTOMULA,0.06,1,0.06,0.01
XXB051,1,32.5,1,1,Empresas,TRACTOMULA,0.06,1,0.06,0.01
XXB259,3,21.271,3,2,Terceros,SENCILLO,0.17,3,0.17,0.02
XXB385,1,6.619,1,1,Empresas,SENCILLO,0.06,1,0.06,0.01
YAB406,1,26.397,1,1,Empresas,TRACTOMULA,0.06,1,0.06,0.01
YAP043,122,1533.308,121,39,Terceros,DOBLETROQUE,6.81,18,1.0,0.9
YAP401,66,899.104,64,39,Terceros,DOBLETROQUE,3.69,14,0.78,0.49
YAQ286,1,4.11,1,1,Empresas,SENCILLO,0.06,1,0.06,0.01
YHK145,3,98.319,3,2,Empresas,TRACTOMULA,0.17,3,0.17,0.02
YHK151,1,33.267,1,1,Empresas,TRACTOMULA,0.06,1,0.06,0.01
YHK212,1,20.755,1,1,Empresas,TRACTOMULA,0.06,1,0.06,0.01
YHK217,1,32.765,1,1,Empresas,TRACTOMULA,0.06,1,0.06,0.01
YHK246,1,33.066,1,1,Empresas,TRACTOMULA,0.06,1,0.06,0.01
YHK582,14,127.532,12,7,Terceros,SENCILLO,0.78,3,0.17,0.1
ZAP554,219,3509.826,198,35,Terceros,DOBLETROQUE,12.23,16,0.89,1.5
ZAP555,192,2989.422,189,13,Terceros,DOBLETROQUE,10.72,17,0.94,1.42
ZAP581,2,32.657,2,2,Empresas,DOBLETROQUE,0.11,2,0.11,0.01
ZAP582,3,40.112,2,3,Terceros,DOBLETROQUE,0.17,1,0.06,0.02
ZAP651,1,28.96,1,1,Empresas,TRACTOMULA,0.06,1,0.06,0.01
ZAP720,1,32.307,1,1,Empresas,TRACTOMULA,0.06,1,0.06,0.01
ZAP768,1,33.0,1,1,Empresas,TRACTOMULA,0.06,1,0.06,0.01
ZAP841,1,6.021,1,1,Empresas,SENCILLO,0.06,1,0.06,0.01
ZAP922,2,69.0,2,2,Empresas,TRACTOMULA,0.11,2,0.11,0.01
ZDA207,1,33.492,1,1,Empresas,TRACTOMULA,0.06,1,0.06,0.01
ZDA310,1,31.286,1,1,Empresas,TRACTOMULA,0.06,1,0.06,0.01
ZDA494,1,8.552,1,1,Empresas,SENCILLO,0.06,1,0.06,0.01
ZIB266,89,1393.546,85,8,Terceros,DOBLETROQUE,4.97,18,1.0,0.66
ZIF683,65,521.248,65,42,Terceros,SENCILLO,3.63,18,1.0,0.48
ZIG200,11,87.06700000000001,10,7,Terceros,SENCILLO,0.61,5,0.28,0.08
ZIH330,1,7.22,1,1,Terceros,SENCILLO,0.06,1,0.06,0.01
ZIJ630,2,16.982999999999997,2,2,Empresas,SENCILLO,0.11,2,0.11,0.01
ZMA909,2,12.613,2,2,Empresas,SENCILLO,0.11,2,0.11,0.01
ZNK149,22,354.306,22,10,Terceros,DOBLETROQUE,1.23,14,0.78,0.16
ZNK617,1,25.025,1,1,Empresas,TRACTOMULA,0.06,1,0.06,0.01
ZNL073,1,27.0,1,1,Empresas,TRACTOMULA,0.06,1,0.06,0.01
ZNL222,1,8.425,1,1,Empresas,SENCILLO,0.06,1,0.06,0.01
ZNL317,2,60.718,2,1,Empresas,TRACTOMULA,0.11,1,0.06,0.01
ZNL737,33,967.287,33,13,Terceros,TRACTOMULA,1.84,14,0.78,0.24
ZNL884,2,69.0,2,1,Empresas,TRACTOMULA,0.11,2,0.11,0.01
ZNL889,1,20.0,1,1,Empresas,TRACTOMULA,0.06,1,0.06,0.01
ZNL893,2,66.206,2,2,Empresas,TRACTOMULA,0.11,2,0.11,0.01
ZNL989,2,58.721000000000004,2,1,Empresas,TRACTOMULA,0.11,2,0.11,0.01
ZNM018,1,13.127,1,1,Empresas,TRACTOMULA,0.06,1,0.06,0.01
ZNM204,5,20.240000000000002,5,2,Terceros,TURBO,0.28,3,0.17,0.04
ZNM206,1,4.2,1,1,Empresas,TURBO,0.06,1,0.06,0.01
ZNM569,2,58.764,2,2,Empresas,TRACTOMULA,0.11,2,0.11,0.01
ZNM635,30,118.644,30,13,Terceros,TURBO,1.68,15,0.83,0.22
ZNM715,7,29.813000000000002,7,6,Empresas,SENCILLO,0.39,3,0.17,0.05
ZNN034,1,3.105,1,1,Empresas,TURBO,0.06,1,0.06,0.01
ZNN372,1,3.7,1,1,Empresas,TURBO,0.06,1,0.06,0.01
ZNN454,2,13.611,2,2,Empresas,SENCILLO,0.11,1,0.06,0.01
ZNN911,5,18.131,5,3,Terceros,TURBO,0.28,3,0.17,0.04
ZNO168,1,1.0,1,1,Empresas,TURBO,0.06,1,0.06,0.01
ZRK303,9,83.492,9,4,Terceros,SENCILLO,0.5,5,0.28,0.07
 TGZ604,1,34.5,1,1,Empresas,TRACTOMULA,0.06,1,0.06,0.01
