corredor,viajes,toneladas,ton_prom,cv_mensual_%,tendencia_mes,crecimiento_%
MADRID -> BOGOTA D.C.,6522,38485.3,5.90084329960135,8.8,0.67,3.3
SOPO -> BOGOTA D.C.,4820,61496.794,12.758670954356846,11.1,-1.28,-8.6
SABANETA -> MEDELLIN,4656,57522.903,12.354575386597938,17.2,2.68,18.6
SOACHA -> BOGOTA D.C.,4289,53038.062,12.366067148519468,15.4,3.36,25.4
CARTAGENA -> CARTAGENA,3881,60988.404,15.714610667353776,53.5,-0.99,-8.3
YUMBO -> CALI,3695,46536.516,12.594456292286875,14.1,3.88,34.0
MADRID -> FUNZA,2752,24062.615,8.74368277616279,9.9,-1.38,-16.2
MADRID -> MADRID,2525,73711.812,29.19279683168317,18.3,-0.74,-9.5
BOGOTA D.C. -> FUNZA,2124,2579.1,1.2142655367231638,15.3,-1.99,-30.4
SABANAGRANDE -> BARRANQUILLA,1987,23482.384,11.818009058882737,17.4,-0.72,-11.7
SOPO -> MADRID,1910,50659.483,26.52328952879581,30.9,4.06,68.9
GIRARDOTA -> MEDELLIN,1856,9933.497,5.352099676724138,17.3,-2.69,-47.0
GIRARDOTA -> CARTAGENA,1605,22095.278,13.766528348909656,17.8,-1.76,-35.5
SABANAGRANDE -> CARTAGENA,1500,18574.347999999998,12.382898666666666,20.2,-1.37,-29.6
SOPO -> MEDELLIN,1429,30716.348,21.49499510146956,15.7,-0.48,-10.9
FUNZA -> MADRID,1367,8062.618,5.898038039502561,10.5,-0.22,-5.2
BOGOTA D.C. -> BOGOTA D.C.,1328,13046.396,9.824093373493977,59.8,4.34,105.9
MADRID -> CARTAGENA,1309,23477.692,17.9355935828877,17.5,-1.13,-28.0
SOPO -> CALI,1202,28396.74,23.624575707154744,25.4,-2.75,-74.1
GIRARDOTA -> CALI,1163,7088.878,6.095337919174549,12.6,-0.49,-13.7
SABANAGRANDE -> SANTA MARTA,1091,12273.504,11.249774518790101,27.1,0.64,19.0
RIONEGRO -> MEDELLIN,1070,4949.452,4.625656074766355,10.6,0.43,13.0
GIRARDOTA -> BELLO,1046,6689.135,6.394966539196941,17.2,0.42,13.0
FUNZA -> BOGOTA D.C.,992,1184.784,1.1943387096774194,25.7,-1.28,-41.8
GIRARDOTA -> MADRID,992,11323.359,11.414676411290323,18.8,-1.11,-36.3
BUENAVENTURA -> BUENAVENTURA,986,14029.636,14.228839756592292,77.0,-4.51,-148.2
IBAGUE -> BUENAVENTURA,965,33252.1,34.458134715025906,58.9,-1.97,-66.1
MADRID -> GIRARDOTA,898,8812.743,9.813744988864142,22.2,-1.2,-43.3
MADRID -> MEDELLIN,895,15737.807,17.58414189944134,24.1,1.22,44.2
SABANETA -> ENVIGADO,802,6325.659,7.8873553615960095,44.1,-1.14,-46.1
SOPO -> SOPO,784,22943.171,29.264248724489793,35.9,1.13,46.7
BUENAVENTURA -> MADRID,764,11081.968,14.505193717277487,42.4,1.31,55.6
SABANETA -> BELLO,756,13964.063,18.470982804232804,14.6,0.53,22.7
GIRARDOTA -> BOGOTA D.C.,744,7754.189,10.422297043010753,44.9,-2.66,-115.8
MADRID -> BUCARAMANGA,736,8097.205,11.00163722826087,16.7,-0.55,-24.2
SOPO -> BUCARAMANGA,717,15682.221,21.87199581589958,16.3,-0.19,-8.6
GIRARDOTA -> BARRANQUILLA,690,3935.056,5.702979710144928,11.1,-0.3,-14.1
SOPO -> FUNZA,672,19784.668,29.441470238095242,27.6,-0.79,-38.1
MADRID -> CALI,658,13893.443,21.114655015197567,21.5,-0.5,-24.6
MADRID -> CUCUTA,601,7568.075,12.59247088186356,27.8,0.87,46.9
CARTAGENA -> SABANETA,565,14205.27,25.142070796460178,30.2,-1.02,-58.5
MADRID -> SOACHA,562,3287.757,5.850101423487545,21.7,-0.04,-2.3
YUMBO -> PALMIRA,551,5658.424,10.269372050816697,15.2,0.2,11.8
SABANETA -> SOPO,549,16386.145,29.84725865209472,20.6,0.17,10.0
SOACHA -> FUNZA,524,14618.668,27.8982213740458,20.3,0.47,29.1
LA ESTRELLA -> GIRARDOTA,498,15911.2,31.95020080321285,41.9,-1.39,-90.4
LA ESTRELLA -> CALDAS,479,10404.8,21.721920668058452,127.9,3.33,225.2
SOPO -> LA ESTRELLA,478,12329.567000000001,25.794073221757323,38.2,1.65,111.8
YUMBO -> TULUA,464,6286.86,13.54926724137931,11.3,0.13,9.1
SOPO -> CARTAGENA,462,13317.83,28.826471861471862,58.2,-1.76,-123.4
MADRID -> SOPO,461,3637.436,7.890316702819957,30.9,-1.05,-73.8
IBAGUE -> CARTAGENA,460,15865.5,34.49021739130435,109.5,-1.0,-70.4
COTA -> BOGOTA D.C.,460,5592.898,12.158473913043478,85.8,3.07,216.2
SABANETA -> CARTAGENA,449,8013.848,17.848213808463253,49.2,-1.16,-83.7
SABANETA -> YUMBO,446,13419.389000000001,30.08831614349776,41.7,-0.44,-32.0
CALDAS -> CARTAGENA,445,7039.294,15.818638202247191,17.9,0.15,10.9
CARTAGENA -> CALDAS,429,10954.948,25.536009324009324,42.4,-0.74,-55.9
MADRID -> IBAGUE,424,3638.159,8.580563679245284,20.6,0.06,4.6
SOACHA -> MADRID,416,6303.025,15.151502403846154,10.8,0.04,3.1
SOPO -> BARRANQUILLA,415,11496.106,27.701460240963854,40.9,-0.73,-57.0
RIONEGRO -> PEREIRA,415,5986.176,14.424520481927711,21.0,0.4,31.2
SOPO -> SABANAGRANDE,405,12852.956,31.735693827160492,31.0,-0.07,-5.6
SABANAGRANDE -> VALLEDUPAR,404,5243.353,12.978596534653466,18.2,-0.12,-9.6
SABANETA -> ITAGUI,389,3081.259,7.920974293059126,43.7,0.3,25.0
SOPO -> VILLAVICENCIO,389,12314.169,31.65596143958869,16.9,0.11,9.2
SOPO -> YUMBO,388,12281.79,31.654097938144332,25.3,0.36,30.1
CALDAS -> LA ESTRELLA,382,5271.172,13.798879581151832,54.3,-0.47,-39.9
SOPO -> SOACHA,377,3427.72,9.09209549071618,19.3,-0.33,-28.4
SOPO -> IBAGUE,377,5726.056,15.188477453580902,24.2,0.38,32.7
CARTAGENA -> SOPO,376,9034.825,24.028789893617024,32.3,0.2,17.2
GIRARDOTA -> GIRARDOTA,371,1931.705,5.206752021563342,58.7,1.85,161.6
GIRARDOTA -> ITAGUI,361,1732.932,4.800365650969529,27.2,-0.66,-59.2
SABANETA -> SOACHA,358,9086.416,25.381050279329607,20.3,0.41,37.1
SOPO -> ENVIGADO,355,6526.136,18.383481690140847,51.2,1.49,136.0
SOACHA -> BUCARAMANGA,350,6576.054,18.788725714285714,19.0,-0.16,-14.8
CARTAGENA -> MADRID,336,6705.924,19.95810714285714,39.8,-0.43,-41.5
SOPO -> PASTO,333,10614.641,31.875798798798797,28.0,-0.46,-44.8
SOACHA -> IBAGUE,325,4573.304,14.071704615384615,20.2,0.43,42.9
GIRARDOTA -> SABANETA,315,1241.125,3.9400793650793653,36.9,-0.82,-84.3
GIRARDOTA -> RIONEGRO,315,941.985,2.9904285714285717,22.9,-0.07,-7.2
MADRID -> BUENAVENTURA,314,5459.99,17.388503184713375,36.9,-0.68,-70.2
PALMAR DE VARELA -> BOGOTA D.C.,313,10332.168,33.010121405750795,91.0,2.7,279.5
YUMBO -> YUMBO,313,5491.343,17.5442268370607,56.5,1.34,138.7
YUMBO -> JAMUNDI,312,2533.014,8.118634615384616,22.5,-0.16,-16.6
YUMBO -> PASTO,312,9055.25,29.02323717948718,24.1,-0.06,-6.2
MADRID -> MOSQUERA,309,1295.622,4.19295145631068,25.5,0.35,36.7
SOPO -> CUCUTA,304,7444.545,24.48863486842105,25.6,0.34,36.2
RIONEGRO -> SABANETA,303,1381.803,4.56040594059406,49.9,0.79,84.5
GIRARDOTA -> PASTO,298,2680.8650000000002,8.996191275167787,15.7,-0.19,-20.7
SOPO -> PEREIRA,295,4386.454,14.869335593220338,50.4,0.52,57.1
MADRID -> YOPAL,289,2759.136,9.54718339100346,17.0,-0.05,-5.6
FUNZA -> GIRARDOTA,279,1363.0,4.885304659498208,27.1,0.37,43.0
MALAMBO -> SABANETA,279,9207.0,33.0,19.3,0.19,22.1
GIRARDOTA -> YUMBO,274,3589.973,13.102091240875913,29.8,-0.5,-59.1
MADRID -> VILLAVICENCIO,272,5811.879,21.367202205882354,30.9,0.33,39.3
GIRARDOTA -> ENVIGADO,270,1509.842,5.592007407407408,31.3,0.23,27.6
SABANAGRANDE -> PUERTO COLOMBIA,267,2200.043,8.239861423220974,31.6,-0.2,-24.3
SABANETA -> RIONEGRO,265,2699.717,10.187611320754717,20.4,0.05,6.1
SABANETA -> DOSQUEBRADAS,262,5116.365,19.5281106870229,30.7,0.02,2.5
RIONEGRO -> SOACHA,261,6573.032,25.184030651340997,31.9,0.65,80.7
SOPO -> BELLO,259,4729.197,18.259447876447876,29.8,0.18,22.5
MADRID -> YUMBO,257,6814.07,26.513891050583656,19.5,0.07,8.8
YUMBO -> POPAYAN,251,4849.907,19.322338645418327,32.1,0.4,51.6
SOPO -> MOSQUERA,250,2541.011,10.164044,13.7,0.1,13.0
GIRARDOTA -> ARMENIA,247,1271.544,5.147951417004049,12.9,0.04,5.2
SOPO -> ARMENIA,238,3512.806,14.759689075630252,27.5,0.53,72.2
GIRARDOTA -> PEREIRA,237,1286.465,5.428122362869198,16.9,-0.32,-43.7
SABANAGRANDE -> SOLEDAD,235,4481.546,19.0704085106383,27.4,0.09,12.4
GIRARDOTA -> SINCELEJO,231,1223.027,5.294489177489178,16.1,-0.14,-19.6
SOPO -> SABANETA,229,2905.778,12.688986899563318,43.4,-0.09,-12.7
SABANETA -> SABANETA,228,1397.432,6.129087719298246,33.5,0.28,39.8
CARTAGENA -> GIRARDOTA,224,5088.42,22.716160714285714,40.2,-0.03,-4.3
SOACHA -> VILLAVICENCIO,224,3508.077,15.661058035714287,38.8,0.79,114.3
CALDAS -> FUNZA,223,1872.07,8.394932735426009,15.2,0.18,26.2
SOACHA -> CAJICA,221,2687.136,12.158986425339366,17.6,0.28,41.0
GIRARDOTA -> COPACABANA,219,1203.013,5.4932100456621,29.6,0.23,34.0
MADRID -> CAJICA,216,554.864,2.568814814814815,28.9,0.42,63.0
RIONEGRO -> ARMENIA,216,3031.835,14.036273148148148,23.7,0.14,21.0
SOPO -> RIONEGRO,216,4368.268,20.223462962962962,27.9,-0.07,-10.5
ENVIGADO -> LA ESTRELLA,214,1596.471,7.460144859813084,22.3,-0.25,-37.9
LA ESTRELLA -> ENVIGADO,213,6816.0,32.0,71.8,1.11,168.8
SOACHA -> SOPO,213,3349.035,15.723169014084506,23.8,-0.09,-13.7
MADRID -> ACACIAS,209,3640.619,17.41922966507177,27.3,-0.19,-29.5
SOPO -> POPAYAN,206,6510.513,31.60443203883495,44.2,0.42,66.1
MADRID -> BARRANQUILLA,206,3694.867,17.936247572815535,55.4,0.37,58.2
SONSON -> IBAGUE,204,6836.0,33.509803921568626,60.8,-0.83,-131.8
MADRID -> SOGAMOSO,202,1476.986,7.311811881188119,40.8,-0.35,-56.1
MADRID -> BELLO,198,2788.943,14.085570707070708,26.6,0.18,29.5
SONSON -> MEDELLIN,198,6732.0,34.0,61.4,-1.02,-166.9
RIONEGRO -> CALDAS,194,794.667,4.096221649484536,29.1,-0.08,-13.4
SOPO -> TUNJA,194,2546.552,13.126556701030928,21.0,0.06,10.0
SABANETA -> PEREIRA,192,2341.674,12.19621875,25.3,0.25,42.2
SOPO -> IPIALES,188,5541.428,29.475680851063828,82.1,-0.62,-106.9
SOACHA -> CUCUTA,187,2955.604,15.805368983957218,32.5,0.07,12.1
GIRARDOTA -> SANTA MARTA,187,975.216,5.215058823529412,29.9,-0.18,-31.2
SOACHA -> MEDELLIN,186,6093.255,32.759435483870966,98.5,-0.24,-41.8
ENVIGADO -> MEDELLIN,185,1063.343,5.747800000000001,99.2,-1.1,-192.6
RIONEGRO -> MONTERIA,184,3363.415,18.27942934782609,26.1,0.04,7.0
SABANETA -> SABANAGRANDE,180,4849.799,26.943327777777778,32.0,0.03,5.4
MADRID -> PASTO,180,4676.216,25.97897777777778,40.4,0.18,32.4
MADRID -> SABANAGRANDE,180,5619.24,31.218,29.3,-0.32,-57.6
MADRID -> ENVIGADO,178,1883.809,10.583196629213482,67.8,-0.53,-96.5
SABANETA -> CALDAS,178,886.767,4.981837078651686,51.4,0.68,123.8
SOACHA -> MOSQUERA,178,1695.328,9.524314606741573,24.5,-0.11,-20.0
MADRID -> DUITAMA,175,1293.509,7.3914800000000005,27.5,0.12,22.2
SOPO -> DUITAMA,175,2332.444,13.328251428571429,45.0,-0.15,-27.8
BUCARAMANGA -> BUCARAMANGA,174,1558.944,8.95944827586207,87.3,1.11,206.7
BUENAVENTURA -> GIRARDOTA,172,2321.016,13.494279069767442,73.2,0.17,32.0
RIONEGRO -> BOGOTA D.C.,172,3658.355,21.26950581395349,47.7,-0.28,-52.7
CALDAS -> BOGOTA D.C.,172,1114.331,6.478668604651162,42.4,0.65,122.4
SOPO -> CARTAGO,172,3644.976,21.19172093023256,33.9,0.07,13.2
RIONEGRO -> BARBOSA,169,584.337,3.4576153846153845,34.5,0.12,23.0
SABANAGRANDE -> MAICAO,166,1797.238,10.826734939759037,37.3,-0.46,-89.8
SABANETA -> CAÑASGORDAS,165,2781.35,16.856666666666666,85.6,0.68,133.5
SONSON -> CANDELARIA,164,5576.0,34.0,72.7,-0.45,-88.9
MANIZALES -> GIRARDOTA,164,1162.5,7.088414634146342,38.6,-0.3,-59.3
CARTAGENA -> RIONEGRO,164,2912.289,17.757859756097563,30.3,-0.09,-17.8
MADRID -> COTA,162,1327.514,8.19453086419753,26.1,-0.08,-16.0
MADRID -> ZIPAQUIRA,161,967.679,6.010428571428571,43.0,-0.14,-28.2
RIONEGRO -> YUMBO,158,4078.789,25.815120253164558,21.6,0.04,8.2
SOPO -> SOGAMOSO,158,1976.637,12.51036075949367,45.8,-0.36,-73.8
MADRID -> NEIVA,158,1574.993,9.968310126582278,41.1,0.24,49.2
SABANETA -> LA ESTRELLA,157,1821.549,11.602222929936305,40.8,-0.41,-84.6
SOPO -> ITAGUI,155,2244.015,14.477516129032256,57.7,0.55,115.0
YUMBO -> BUENAVENTURA,155,2763.067,17.82623870967742,35.9,0.21,43.9
SABANAGRANDE -> TURBACO,155,990.251,6.388716129032258,21.9,-0.06,-12.5
BUENAVENTURA -> BOGOTA D.C.,151,3979.797,26.35627152317881,113.8,0.32,68.7
SOPO -> BARBOSA,150,1805.833,12.038886666666667,23.3,0.21,45.4
SOACHA -> NEIVA,149,2603.65,17.474161073825503,25.8,0.25,54.4
RIONEGRO -> BUCARAMANGA,146,1908.267,13.07032191780822,15.8,-0.03,-6.7
SABANETA -> LA CEJA,146,1562.465,10.70181506849315,25.3,0.02,4.4
MADRID -> TENA,146,1395.0,9.554794520547945,39.2,-0.14,-31.1
RIONEGRO -> MANIZALES,144,2197.916,15.263305555555556,30.9,0.1,22.5
SABANAGRANDE -> MALAMBO,144,2745.263,19.064326388888887,37.9,0.22,49.5
GIRARDOTA -> SOPO,143,1922.538,13.444321678321678,35.2,0.07,15.9
RIONEGRO -> BELLO,141,777.101,5.511354609929078,33.1,0.08,18.4
SOPO -> TOCANCIPA,141,1324.829,9.395950354609928,33.1,0.0,0.0
RIONEGRO -> SABANAGRANDE,141,3195.392,22.66235460992908,24.1,-0.03,-6.9
MADRID -> ARMENIA,139,1832.549,13.183805755395683,40.9,0.45,104.9
BUENAVENTURA -> SABANETA,139,2563.386,18.441625899280574,37.4,-0.1,-23.3
SABANETA -> MANIZALES,138,2901.897,21.02823913043478,38.2,0.07,16.4
MIRANDA -> BOGOTA D.C.,137,4644.0,33.8978102189781,141.9,1.67,394.9
SOPO -> ACACIAS,136,4263.19,31.346985294117644,27.3,0.05,11.9
PALMAR DE VARELA -> MEDELLIN,135,4459.545,33.03366666666667,94.1,0.98,235.2
MADRID -> MAICAO,135,2355.389,17.447325925925927,61.1,0.5,120.0
SOACHA -> COTA,134,3121.505,23.29481343283582,30.6,-0.13,-31.4
MADRID -> FLORENCIA,134,2420.543,18.063753731343283,49.5,-0.2,-48.4
GIRARDOTA -> MANIZALES,134,782.715,5.841156716417911,25.3,-0.18,-43.5
SONSON -> DOSQUEBRADAS,132,4488.0,34.0,76.0,0.69,169.4
MADRID -> SINCELEJO,130,1929.867,14.845130769230769,32.1,0.04,10.0
SOACHA -> YOPAL,130,1791.139,13.777992307692307,16.8,0.05,12.5
SABANETA -> ARMENIA,129,1790.396,13.879038759689923,38.4,0.15,37.7
SOPO -> BUENAVENTURA,129,3854.343,29.878627906976742,79.7,-0.52,-130.6
SOPO -> SINCELEJO,129,2839.057,22.00819379844961,47.2,-0.15,-37.7
GIRARDOTA -> LA ESTRELLA,129,1021.163,7.9159922480620155,36.2,-0.07,-17.6
CALDAS -> BELLO,126,1137.776,9.029968253968255,31.0,0.12,30.9
RIONEGRO -> DOSQUEBRADAS,124,1985.56,16.01258064516129,34.8,0.14,36.6
SOPO -> FLORENCIA,124,3908.42,31.519516129032258,52.7,-0.13,-34.0
RIONEGRO -> LA CEJA,123,500.799,4.071536585365854,45.5,0.3,79.0
SOPO -> MANIZALES,123,2518.713,20.477341463414636,46.9,0.02,5.3
RIONEGRO -> CUCUTA,122,2140.661,17.546401639344264,26.6,0.05,13.3
MADRID -> GIRON,122,1321.639,10.833106557377048,62.3,0.38,100.9
GIRARDOTA -> CARTAGO,121,621.82,5.13900826446281,36.0,-0.2,-53.6
GIRARDOTA -> BUENAVENTURA,120,1247.549,10.396241666666667,52.7,-0.39,-105.3
CALDAS -> CALI,120,959.151,7.992925,25.2,0.06,16.2
SOPO -> SANTA MARTA,120,2822.441,23.520341666666663,80.2,0.13,35.1
SABANETA -> COPACABANA,120,750.279,6.252325,29.6,-0.16,-43.2
MADRID -> SAN ANTONIO DEL TEQUENDAM,119,1135.0,9.53781512605042,18.1,0.01,2.7
SOPO -> CHIA,118,1059.568,8.979389830508474,49.7,0.17,46.7
SONSON -> NEIVA,117,3945.0,33.717948717948715,69.1,-0.5,-138.5
SANTA MARTA -> SANTA MARTA,116,516.064,4.448827586206896,111.9,1.08,301.7
EL CERRITO -> BOGOTA D.C.,115,3908.786,33.98944347826087,101.7,-0.25,-70.4
RIONEGRO -> GIRARDOTA,113,389.772,3.449309734513274,50.6,-0.07,-20.1
SOPO -> DOSQUEBRADAS,112,1595.045,14.241473214285715,55.0,-0.13,-37.6
SOPO -> MALAMBO,111,3392.504,30.563099099099098,37.4,-0.13,-37.9
MADRID -> PITALITO,110,1763.864,16.035127272727273,37.6,-0.13,-38.3
MADRID -> FACATATIVA,110,646.749,5.879536363636364,37.6,-0.03,-8.8
SOACHA -> CHIA,109,802.403,7.361495412844037,44.4,-0.2,-59.4
FUNZA -> FUNZA,109,132.629,1.2167798165137613,87.7,-0.03,-8.9
SABANETA -> AMAGA,107,836.0,7.813084112149533,79.0,0.15,45.4
SONSON -> ITAGUI,107,3607.2,33.71214953271028,123.5,-0.04,-12.1
SOACHA -> GIRARDOT,107,1381.589,12.912046728971962,43.7,0.2,60.6
CALDAS -> MEDELLIN,106,302.124,2.85022641509434,34.9,0.02,6.1
SOPO -> MONTERIA,106,2151.912,20.30105660377358,34.9,0.07,21.4
SOPO -> FACATATIVA,105,1044.687,9.949399999999999,48.9,-0.12,-37.0
MADRID -> PEREIRA,104,1501.429,14.436817307692309,44.2,0.04,12.5
MADRID -> LA ESTRELLA,104,1313.485,12.62966346153846,33.3,-0.19,-59.2
GIRARDOTA -> SABANAGRANDE,103,3139.532,30.480893203883497,77.6,-0.7,-220.2
RIONEGRO -> SINCELEJO,103,1248.481,12.121174757281553,30.4,-0.03,-9.4
MADRID -> LA MESA,103,934.5409999999999,9.073213592233008,50.1,0.38,119.5
SOPO -> PITALITO,101,3071.696,30.412831683168317,45.4,0.02,6.4
SOPO -> COTA,99,1316.557,13.298555555555556,45.5,-0.07,-22.9
MADRID -> CHIA,98,602.925,6.152295918367346,60.8,0.32,105.8
GIRARDOTA -> MONTERIA,98,536.755,5.477091836734694,30.4,0.17,56.2
GIRARDOTA -> VALLEDUPAR,97,538.54,5.551958762886597,36.1,0.01,3.3
MANIZALES -> MADRID,96,819.5,8.536458333333334,52.2,-0.05,-16.9
PUERTO TEJADA -> BOGOTA D.C.,96,2100.736,21.882666666666665,71.0,-0.14,-47.3
SOPO -> GIRARDOT,94,1572.0049999999999,16.72345744680851,45.3,0.06,20.7
MADRID -> POPAYAN,94,2978.031,31.68118085106383,39.2,0.25,86.2
GIRARDOTA -> RIOHACHA,94,468.031,4.979053191489362,34.5,-0.18,-62.0
MADRID -> UBAQUE,93,882.0,9.483870967741936,21.3,-0.02,-7.0
GIRARDOTA -> DOSQUEBRADAS,93,532.203,5.722612903225806,37.1,-0.2,-69.7
YUMBO -> CANDELARIA,93,706.931,7.6014086021505385,52.0,0.11,38.3
YUMBO -> SABANETA,92,2873.308,31.231608695652174,145.0,0.65,228.9
ENVIGADO -> BUCARAMANGA,92,1840.218,20.002369565217393,72.2,-0.04,-14.1
SOACHA -> SOACHA,92,842.096,9.153217391304349,63.6,0.34,119.7
MADRID -> CARTAGO,91,1487.677,16.3480989010989,41.5,0.09,32.0
SOPO -> APARTADO,91,2839.858,31.207230769230772,28.4,0.02,7.1
ENVIGADO -> RIONEGRO,90,277.898,3.087755555555556,47.5,0.15,54.0
ENVIGADO -> BOGOTA D.C.,89,752.991,8.460573033707865,132.3,-0.56,-203.9
MADRID -> BARBOSA,88,816.658,9.280204545454545,39.6,0.21,77.3
SOACHA -> PITALITO,88,2286.869,25.987147727272728,35.7,0.05,18.4
GIRARDOTA -> JAMUNDI,87,434.223,4.9910689655172416,50.8,-0.14,-52.1
SOPO -> GACHETA,86,1459.4,16.969767441860466,35.6,0.06,22.6
SONSON -> RIONEGRO,85,2890.2,34.00235294117647,95.2,0.47,179.2
GIRARDOTA -> FUNZA,85,1469.664,17.290164705882354,74.7,-0.24,-91.5
CALDAS -> COPACABANA,85,208.39600000000002,2.451717647058824,33.1,-0.14,-53.4
SOPO -> ZIPAQUIRA,84,751.631,8.947988095238095,48.2,-0.0,-0.0
SONSON -> SABANETA,84,2831.0,33.70238095238095,76.4,0.34,131.1
YUMBO -> MADRID,84,1262.5,15.029761904761905,47.6,0.09,34.7
CALDAS -> CALDAS,83,1835.2369999999999,22.111289156626505,81.2,0.28,109.3
SOPO -> VALLEDUPAR,82,2366.666,28.86178048780488,40.7,-0.08,-31.6
RIONEGRO -> CARTAGO,82,1034.7549999999999,12.618963414634145,32.1,-0.04,-15.8
SABANETA -> MADRID,82,1662.49,20.274268292682926,94.4,-0.64,-252.9
GIRARDOTA -> MAGANGUE,82,448.984,5.475414634146341,44.0,-0.15,-59.3
RIONEGRO -> TURBO,82,1290.74,15.740731707317073,35.5,-0.06,-23.7
YUMBO -> SOPO,82,1681.0,20.5,50.1,0.05,19.8
BUENAVENTURA -> PUERTO TEJADA,81,2673.0,33.0,266.7,1.33,532.0
CALI -> CALI,81,348.71500000000003,4.305123456790124,110.8,0.79,316.0
SOPO -> QUIBDO,79,2530.588,32.03275949367089,31.4,0.12,49.2
GIRARDOTA -> MAICAO,79,769.345,9.738544303797468,56.4,-0.02,-8.2
MADRID -> MARIQUITA,79,678.145,8.584113924050632,57.0,-0.15,-61.5
MADRID -> TUNJA,78,534.371,6.850910256410256,71.2,0.42,174.5
CALDAS -> MOSQUERA,78,871.374,11.17146153846154,35.4,0.03,12.5
PUERTO TEJADA -> CALI,77,772.509,10.032584415584417,86.7,0.18,75.7
YUMBO -> IPIALES,77,2036.659,26.450116883116884,28.7,-0.02,-8.4
COELLO -> MAICAO,76,2282.28,30.03,98.7,-0.48,-204.6
BUENAVENTURA -> SOGAMOSO,76,1987.071,26.145671052631577,94.2,-0.08,-34.1
IBAGUE -> SANTA MARTA,76,2603.0,34.25,177.9,-1.01,-430.6
SOACHA -> ZIPAQUIRA,75,683.465,9.112866666666667,56.0,-0.18,-77.8
BUENAVENTURA -> SOPO,75,2020.792,26.94389333333333,383.4,0.01,4.3
SOPO -> YOPAL,74,2258.262,30.517054054054057,48.6,-0.21,-91.9
ENVIGADO -> BELLO,74,156.76,2.1183783783783783,83.4,-0.0,-0.0
SONSON -> BOGOTA D.C.,73,2482.0,34.0,126.4,0.0,0.0
SOPO -> FUSAGASUGA,73,1241.011,17.000150684931505,57.0,0.08,35.5
SOPO -> JAMUNDI,72,1102.903,15.318097222222223,67.0,-0.35,-157.5
SONSON -> LA VIRGINIA,71,2414.0,34.0,82.3,0.38,173.4
RIONEGRO -> RETIRO,70,207.818,2.968828571428572,65.9,0.16,74.1
GIRARDOTA -> LA CEJA,70,196.047,2.8006714285714285,46.6,-0.08,-37.0
SOACHA -> RIONEGRO,69,2106.08,30.522898550724637,145.2,0.75,352.2
ITAGUI -> BOGOTA D.C.,69,2299.0,33.31884057971015,97.3,-0.01,-4.7
CALDAS -> GUARNE,68,375.894,5.52785294117647,55.6,-0.06,-28.6
GIRARDOTA -> TURBO,68,654.208,9.62070588235294,93.7,0.49,233.5
MADRID -> ANOLAIMA,67,636.5,9.5,43.0,-0.01,-4.8
SOACHA -> GIRON,67,1471.651,21.964940298507464,68.8,0.3,145.1
MADRID -> DOSQUEBRADAS,67,929.969,13.88013432835821,65.7,0.01,4.8
GIRARDOTA -> BUCARAMANGA,67,1206.706,18.010537313432835,93.9,-0.22,-106.4
SABANAGRANDE -> ARJONA,67,437.794,6.534238805970149,63.0,-0.02,-9.7
SOACHA -> TUNJA,67,589.8389999999999,8.803567164179103,42.0,-0.03,-14.5
SONSON -> PITALITO,66,2067.0,31.318181818181817,91.2,-0.21,-103.1
RIONEGRO -> APARTADO,65,1523.612,23.440184615384617,37.0,0.04,19.9
CALDAS -> BARRANQUILLA,65,276.23199999999997,4.249723076923076,31.7,0.12,59.8
BOGOTA D.C. -> CALI,65,1268.704,19.518523076923078,30.2,0.02,10.0
GIRARDOTA -> IPIALES,64,691.23,10.80046875,47.5,-0.08,-40.5
BUCARAMANGA -> FLORIDABLANCA,64,567.2379999999999,8.863093749999999,140.2,0.73,369.6
MADRID -> IPIALES,64,1334.962,20.85878125,132.0,-0.06,-30.4
RIONEGRO -> COPACABANA,63,194.74,3.091111111111111,61.4,0.06,30.9
SABANAGRANDE -> GALAPA,62,970.731,15.656951612903226,57.4,-0.01,-5.2
GIRARDOTA -> GALAPA,62,493.2,7.95483870967742,57.4,0.17,88.8
SOACHA -> FLORENCIA,62,1988.721,32.07614516129032,42.5,-0.05,-26.1
SABANAGRANDE -> SOPO,62,1240.0,20.0,43.7,-0.05,-26.1
GIRARDOTA -> SOLEDAD,62,447.431,7.216629032258064,44.8,0.02,10.5
MADRID -> GIRARDOT,61,572.54,9.385901639344262,51.7,0.09,47.8
SOPO -> MAICAO,61,1837.363,30.12070491803279,49.7,-0.04,-21.2
MADRID -> MALAMBO,61,1866.335,30.59565573770492,47.6,0.05,26.6
SABANETA -> APARTADO,60,1743.484,29.058066666666665,42.4,0.08,43.2
GIRARDOTA -> PALMIRA,59,266.6,4.51864406779661,60.8,0.0,0.0
BOGOTA D.C. -> FUSAGASUGA,59,557.0,9.440677966101696,96.9,0.29,159.3
MADRID -> RIONEGRO,59,781.199,13.240661016949153,48.9,-0.2,-109.8
GIRARDOTA -> BARBOSA,59,305.538,5.178610169491526,69.3,0.16,87.9
SOACHA -> SABANETA,58,1645.8120000000001,28.376068965517245,217.3,-0.28,-156.4
MADRID -> MANIZALES,58,1011.359,17.437224137931036,89.4,0.21,117.3
MADRID -> BARRANCABERMEJA,58,343.985,5.930775862068966,55.9,0.02,11.2
SABANETA -> CARTAGO,57,888.4,15.585964912280701,46.3,0.06,34.1
GIRARDOTA -> FUSAGASUGA,57,506.009,8.877350877192983,67.9,-0.09,-51.2
PALMAR DE VARELA -> ITAGUI,57,1884.633,33.063736842105264,101.8,0.3,170.5
MADRID -> LA DORADA,57,312.498,5.482421052631579,40.9,-0.12,-68.2
BOGOTA D.C. -> BARRANQUILLA,57,1338.196,23.477122807017544,32.9,0.05,28.4
SONSON -> ARMENIA,57,1907.4,33.463157894736845,79.8,-0.21,-119.4
MADRID -> TENJO,56,343.464,6.133285714285714,66.0,0.24,138.9
SONSON -> GARZON,55,1820.0,33.09090909090909,64.0,-0.18,-106.0
SOACHA -> VILLA DE LEYVA,55,468.956,8.526472727272727,38.0,-0.03,-17.7
CALDAS -> RIONEGRO,55,234.84799999999998,4.269963636363636,54.4,0.08,47.1
CARTAGENA -> FUNZA,55,229.109,4.165618181818182,60.9,0.02,11.8
GIRARDOTA -> CUCUTA,54,405.182,7.50337037037037,142.3,0.27,162.0
SOPO -> MARIQUITA,54,594.349,11.006462962962964,68.6,-0.25,-150.0
SOACHA -> ACACIAS,53,791.4159999999999,14.932377358490564,29.6,-0.02,-12.2
PUERTO TEJADA -> MEDELLIN,53,1725.208,32.551094339622644,92.1,0.27,165.1
ENVIGADO -> ENVIGADO,53,1427.14,26.927169811320756,289.5,-0.57,-348.5
MADRID -> AGUACHICA,52,401.411,7.719442307692308,73.1,0.27,168.2
SONSON -> MONTERIA,52,1768.0,34.0,89.6,0.34,211.8
CALDAS -> BUENAVENTURA,52,1140.2160000000001,21.92723076923077,37.3,-0.02,-12.5
MADRID -> UNE,52,654.0,12.576923076923077,58.0,0.1,62.3
SOPO -> CHINCHINA,51,1039.316,20.378745098039218,58.4,-0.03,-19.1
SOPO -> GIRON,50,732.291,14.64582,109.4,0.39,252.7
SABANETA -> SOGAMOSO,50,1050.58,21.011599999999998,95.3,-0.38,-246.2
RIONEGRO -> ENVIGADO,50,244.328,4.88656,64.8,-0.07,-45.4
MADRID -> SOLEDAD,49,1547.021,31.57185714285714,54.6,0.08,52.9
YUMBO -> SOACHA,49,1535.098,31.328530612244897,24.6,-0.02,-13.2
SABANAGRANDE -> MADRID,49,980.0,20.0,35.2,-0.01,-6.6
SOACHA -> SOGAMOSO,49,412.17199999999997,8.411673469387754,51.7,-0.13,-86.0
BOGOTA D.C. -> IBAGUE,48,417.0,8.6875,98.0,0.19,128.2
BOGOTA D.C. -> BUCARAMANGA,48,696.128,14.502666666666668,42.7,0.0,0.0
NOBSA -> MEDELLIN,48,1629.0,33.9375,118.6,0.19,128.2
MADRID -> SIBATE,48,738.926,15.394291666666668,38.6,-0.03,-20.2
SOPO -> SOLEDAD,48,1543.517,32.15660416666667,48.1,-0.11,-74.2
SABANETA -> BOGOTA D.C.,47,187.685,3.9932978723404258,69.7,-0.13,-89.6
GIRARDOTA -> VILLAVICENCIO,47,806.348,17.156340425531916,55.9,-0.09,-62.0
SOPO -> NEIVA,47,1460.946,31.08395744680851,54.4,0.03,20.7
GIRARDOTA -> POPAYAN,46,342.046,7.435782608695652,64.7,0.14,98.6
BUCARAMANGA -> GIRON,46,432.078,9.392999999999999,160.6,0.37,260.6
RIONEGRO -> EL SANTUARIO,46,195.344,4.246608695652173,54.1,-0.06,-42.3
COTA -> SOACHA,46,497.297,10.810804347826087,105.0,0.36,253.6
CALDAS -> TENJO,45,733.723,16.304955555555555,199.4,-0.1,-72.0
SONSON -> PEREIRA,45,1530.0,34.0,68.9,0.08,57.6
MADRID -> LA VEGA,45,396.81399999999996,8.818088888888887,60.2,0.05,36.0
YUMBO -> EL CERRITO,45,307.613,6.835844444444445,115.8,0.07,50.4
MADRID -> SANTA MARTA,44,716.577,16.285840909090908,93.3,0.12,88.4
MADRID -> CAQUEZA,44,597.5,13.579545454545455,101.4,-0.31,-228.3
MADRID -> SABANETA,44,329.132,7.480272727272728,75.9,0.04,29.5
BUENAVENTURA -> CALDAS,44,326.869,7.428840909090909,157.0,-0.3,-220.9
RIONEGRO -> NECOCLI,44,513.28,11.665454545454544,77.1,0.29,213.5
CALDAS -> SOLEDAD,43,224.22,5.214418604651163,67.6,0.15,113.0
GIRARDOTA -> QUIBDO,43,1013.263,23.56425581395349,52.0,-0.13,-98.0
BOGOTA D.C. -> SOACHA,43,301.4,7.009302325581395,103.7,0.01,7.5
CALDAS -> GIRARDOTA,43,584.603,13.595418604651162,95.4,-0.28,-211.0
CALDAS -> ENVIGADO,43,140.313,3.2630930232558137,52.0,0.03,22.6
SOACHA -> FACATATIVA,43,385.776,8.971534883720931,61.2,-0.1,-75.3
GIRARDOTA -> APARTADO,43,220.007,5.116441860465116,72.0,-0.18,-135.6
BUCARAMANGA -> BARRANCABERMEJA,43,440.064,10.234046511627907,102.7,0.32,241.1
SOACHA -> YUMBO,43,1251.823,29.112162790697678,123.6,-0.19,-143.2
FUNZA -> ZIPAQUIRA,42,40.8,0.9714285714285713,143.3,0.48,370.3
ENVIGADO -> SABANETA,42,212.253,5.053642857142857,146.3,-0.45,-347.1
BOGOTA D.C. -> COTA,42,482.0,11.476190476190476,109.0,0.32,246.9
SOPO -> SAN MIGUEL,42,1191.718,28.3742380952381,161.0,-0.06,-46.3
PUERTO TEJADA -> DOSQUEBRADAS,42,422.07,10.049285714285714,130.7,0.25,192.9
CARTAGENA -> IBAGUE,42,988.602,23.538142857142855,70.5,0.02,15.4
BUENAVENTURA -> YUMBO,42,980.697,23.34992857142857,198.9,0.32,246.9
ZIPAQUIRA -> FUNZA,41,40.5,0.9878048780487805,140.3,0.46,363.5
MOSQUERA -> FUNZA,41,38.8,0.9463414634146341,159.2,0.42,331.9
SONSON -> CARTAGO,41,1352.5,32.98780487804878,78.0,-0.01,-7.9
ENVIGADO -> CARTAGENA,41,314.23900000000003,7.664365853658538,80.8,-0.1,-79.0
SOPO -> LA VEGA,41,317.822,7.751756097560976,91.4,0.2,158.0
SABANETA -> CHINCHINA,41,1095.996,26.731609756097562,63.5,-0.01,-7.9
MADRID -> MONTERIA,41,821.938,20.047268292682926,83.6,0.21,166.0
SABANETA -> GIRARDOTA,40,251.201,6.280025,76.5,0.01,8.1
SOPO -> GALAPA,40,1199.712,29.9928,71.7,-0.07,-56.7
YUMBO -> GUADALAJARA DE BUGA,40,318.265,7.956625,66.5,0.03,24.3
SESQUILE -> BOGOTA D.C.,39,659.2,16.902564102564103,124.9,0.26,216.0
SABANETA -> BUENAVENTURA,39,428.908,10.997641025641027,53.1,0.04,33.2
SABANAGRANDE -> RIOHACHA,39,377.656,9.68348717948718,65.7,-0.03,-24.9
MALAMBO -> BARRANQUILLA,39,293.583,7.527769230769231,131.7,0.39,324.0
MALAMBO -> BOGOTA D.C.,39,1287.84,33.02153846153846,131.7,0.28,232.6
YUMBO -> SANTANDER DE QUILICHAO,39,334.348,8.573025641025641,73.0,-0.13,-108.0
CALI -> BOGOTA D.C.,38,548.5,14.43421052631579,199.6,-0.47,-400.7
MADRID -> SAN FRANCISCO,38,642.5,16.907894736842106,35.9,-0.01,-8.5
SONSON -> LA ESTRELLA,37,1258.0,34.0,117.4,0.3,262.7
MADRID -> FUSAGASUGA,37,435.455,11.769054054054054,63.5,0.07,61.3
SOPO -> FLORIDABLANCA,37,447.059,12.082675675675677,126.5,0.1,87.6
GIRARDOTA -> TULUA,37,155.227,4.195324324324324,75.5,0.17,148.9
BUENAVENTURA -> FUNZA,37,428.173,11.572243243243243,163.0,0.38,332.8
SOPO -> PALMIRA,36,622.102,17.28061111111111,90.7,-0.2,-180.0
FUNZA -> MOSQUERA,36,36.13,1.0036111111111112,135.0,0.31,279.0
SOPO -> AGUACHICA,35,368.947,10.541342857142856,105.1,0.27,249.9
BOGOTA D.C. -> MEDELLIN,35,435.66700000000003,12.447628571428572,105.1,0.24,222.2
MALAMBO -> YUMBO,35,1155.0,33.0,73.7,-0.05,-46.3
RIONEGRO -> LA ESTRELLA,35,160.169,4.576257142857143,141.6,-0.24,-222.2
BOGOTA D.C. -> TABIO,34,638.1,18.76764705882353,202.1,0.3,285.9
BOGOTA D.C. -> ANAPOIMA,34,209.002,6.147117647058824,107.3,0.07,66.7
GIRARDOTA -> PUERTO COLOMBIA,34,206.406,6.070764705882353,74.6,-0.02,-19.1
MEDELLIN -> MEDELLIN,34,162.51,4.779705882352941,152.9,0.21,200.1
GIRARDOTA -> ACACIAS,34,681.905,20.056029411764705,65.2,-0.03,-28.6
COTA -> IBAGUE,33,502.88599999999997,15.238969696969695,128.6,0.35,343.6
SOPO -> LA CALERA,33,289.821,8.782454545454547,70.6,-0.03,-29.5
BOGOTA D.C. -> GIRARDOT,33,148.5,4.5,79.9,0.05,49.1
SOPO -> CAJICA,33,268.067,8.123242424242424,115.7,0.15,147.3
RIONEGRO -> ITAGUI,33,127.598,3.8666060606060606,50.4,0.01,9.8
BOGOTA D.C. -> MADRID,33,91.8,2.7818181818181817,137.8,0.17,166.9
SOACHA -> TOCANCIPA,33,270.392,8.193696969696969,94.0,-0.06,-58.9
GIRARDOTA -> SOGAMOSO,32,266.803,8.33759375,78.5,-0.2,-202.5
MADRID -> BOJACA,32,264.34,8.260625,85.3,0.13,131.6
MALAMBO -> CARTAGENA,32,354.871,11.08971875,121.3,0.25,253.1
SOACHA -> BARRANCABERMEJA,32,417.662,13.0519375,56.4,0.04,40.5
SOPO -> RICAURTE,31,419.928,13.546064516129032,166.4,0.13,135.9
GIRARDOTA -> CHINCHINA,31,189.544,6.114322580645162,65.5,0.02,20.9
MADRID -> GALAPA,31,857.442,27.65941935483871,74.0,0.08,83.6
BOGOTA D.C. -> CHIA,31,270.5,8.725806451612904,191.9,0.35,365.8
SONSON -> YUMBO,31,1054.0,34.0,84.0,-0.01,-10.5
BUENAVENTURA -> MOSQUERA,31,1054.0,34.0,159.1,-0.02,-20.9
BUENAVENTURA -> CALI,31,718.959,23.19222580645161,90.8,0.17,177.7
MADRID -> OCAÑA,31,259.084,8.357548387096774,62.4,-0.02,-20.9
NOBSA -> ITAGUI,31,1046.0,33.74193548387097,140.6,0.31,324.0
SONSON -> GIRARDOTA,31,1054.0,34.0,136.3,0.24,250.8
SONSON -> LA PLATA,31,1054.0,34.0,88.6,-0.01,-10.5
MADRID -> CHINCHINA,31,568.026,18.32341935483871,68.4,-0.0,-0.0
SABANAGRANDE -> SABANALARGA,30,182.278,6.075933333333333,74.2,0.02,21.6
CALDAS -> CUCUTA,30,233.505,7.7835,74.2,0.01,10.8
SOACHA -> LA DORADA,30,420.81399999999996,14.027133333333332,46.0,0.04,43.2
CALDAS -> BUCARAMANGA,30,179.901,5.996700000000001,65.1,0.06,64.8
SONSON -> APARTADO,30,989.4,32.98,145.5,-0.06,-64.8
MADRID -> VALLEDUPAR,30,887.498,29.583266666666667,61.7,0.06,64.8
SONSON -> BELLO,30,1018.7,33.95666666666667,158.1,0.03,32.4
GIRARDOTA -> ZIPAQUIRA,30,297.794,9.926466666666666,98.7,-0.2,-216.0
MADRID -> SAN GIL,30,247.445,8.248166666666666,82.3,0.05,54.0
CALDAS -> COTA,29,157.049,5.41548275862069,71.1,0.06,67.0
CARTAGENA -> BOGOTA D.C.,29,457.0,15.758620689655173,100.2,-0.05,-55.9
SABANAGRANDE -> SABANETA,29,892.7860000000001,30.785724137931037,247.5,-0.06,-67.0
SONSON -> MANIZALES,29,986.0,34.0,118.8,-0.06,-67.0
SABANETA -> FACATATIVA,29,661.899,22.824103448275864,82.8,0.02,22.3
ENVIGADO -> SABANAGRANDE,29,539.182,18.59248275862069,100.2,0.21,234.6
SOPO -> MAGANGUE,29,507.301,17.493137931034482,100.2,0.15,167.6
SOACHA -> DUITAMA,29,230.626,7.9526206896551725,80.1,0.08,89.4
MADRID -> VILLA DE LEYVA,29,150.275,5.181896551724138,97.9,-0.12,-134.1
BOGOTA D.C. -> SABANETA,28,115.114,4.1112142857142855,67.0,0.07,81.0
FUNZA -> MANIZALES,28,96.655,3.451964285714286,39.6,-0.01,-11.6
SOPO -> VILLA DE LEYVA,28,285.836,10.208428571428572,110.7,0.24,277.7
MALAMBO -> TURBACO,28,260.02,9.286428571428571,141.6,0.31,358.7
MADRID -> APARTADO,28,809.735,28.919107142857143,80.2,-0.08,-92.6
MANIZALES -> BOGOTA D.C.,28,753.0,26.892857142857142,154.7,-0.19,-219.9
BUCARAMANGA -> RIONEGRO,28,319.677,11.417035714285715,101.6,0.15,173.6
GIRARDOTA -> GUADALAJARA DE BUGA,28,110.54599999999999,3.9480714285714282,77.1,0.05,57.9
SABANETA -> IPIALES,28,414.79699999999997,14.81417857142857,55.0,-0.02,-23.1
MADRID -> ITAGUI,28,246.845,8.815892857142858,96.7,0.19,219.9
SABANETA -> TENJO,28,118.181,4.22075,73.9,-0.06,-69.4
BOGOTA D.C. -> ZIPAQUIRA,27,193.072,7.150814814814815,123.7,0.12,144.0
SONSON -> MARIQUITA,27,918.0,34.0,135.8,-0.24,-288.0
FUNZA -> SOACHA,27,22.0,0.8148148148148148,152.1,0.3,360.0
SABANETA -> RETIRO,27,263.812,9.770814814814814,57.2,-0.03,-36.0
GIRARDOTA -> DUITAMA,27,236.716,8.76725925925926,107.9,-0.14,-168.0
PALMIRA -> GIRARDOTA,27,918.0,34.0,216.0,0.3,360.0
GIRARDOTA -> GUARNE,27,128.781,4.769666666666667,73.2,-0.04,-48.0
GIRARDOTA -> MALAMBO,27,252.05599999999998,9.335407407407407,65.7,0.0,0.0
SOGAMOSO -> BOGOTA D.C.,27,628.313,23.27085185185185,80.0,0.09,108.0
ENVIGADO -> LA CEJA,26,86.41,3.3234615384615385,75.9,0.07,87.2
COTA -> VILLAVICENCIO,26,377.558,14.521461538461539,123.9,0.22,274.2
ENVIGADO -> MAGANGUE,26,199.887,7.687961538461538,92.6,-0.04,-49.8
BOGOTA D.C. -> ENVIGADO,25,332.62,13.3048,99.2,0.22,285.1
ENVIGADO -> APARTADO,25,185.808,7.43232,92.9,-0.09,-116.6
SABANETA -> TURBO,25,507.69,20.3076,70.5,0.06,77.8
SONSON -> EL CARMEN DE VIBORAL,25,850.0,34.0,113.5,0.17,220.3
SOACHA -> OCAÑA,25,351.51,14.0604,70.5,0.01,13.0
GUADALAJARA DE BUGA -> MOSQUERA,25,850.0,34.0,238.3,0.38,492.5
GIRARDOTA -> YOLOMBO,25,417.5,16.7,86.0,-0.04,-51.8
SOPO -> LA DORADA,25,249.92,9.9968,92.9,0.02,25.9
PUERTO TEJADA -> POPAYAN,25,234.858,9.39432,158.4,0.07,90.7
ITAGUI -> CALDAS,25,36.771,1.47084,113.5,-0.23,-298.1
NOBSA -> SABANETA,25,842.0,33.68,105.2,0.05,64.8
CARTAGENA -> SONSON JERUSALEN,25,227.526,9.101040000000001,131.0,0.19,246.2
SOPO -> VILLETA,25,332.536,13.30144,194.7,0.18,233.3
CALDAS -> PASTO,25,340.412,13.61648,56.0,-0.02,-25.9
ENVIGADO -> ITAGUI,24,112.062,4.66925,156.5,-0.23,-310.5
ENVIGADO -> CUCUTA,24,179.186,7.466083333333334,106.1,0.15,202.5
CARTAGENA -> SOGAMOSO,24,302.435,12.601458333333333,145.5,0.15,202.5
COTA -> CHIA,24,274.551,11.439625,145.5,0.11,148.5
RIONEGRO -> RIONEGRO,24,113.19,4.71625,92.8,0.04,54.0
SOACHA -> SABANAGRANDE,24,672.96,28.040000000000003,152.2,-0.15,-202.5
GIRARDOTA -> FLORENCIA,24,410.395,17.099791666666665,77.2,0.02,27.0
BOGOTA D.C. -> RIONEGRO,24,151.0,6.291666666666667,120.7,0.13,175.5
SOPO -> OCAÑA,24,335.314,13.971416666666668,123.4,0.14,189.0
SABANETA -> QUIBDO,23,754.4,32.8,58.8,0.03,42.3
SOPO -> GIRARDOTA,23,417.675,18.159782608695654,92.2,0.01,14.1
SABANETA -> MONTERIA,23,394.339,17.14517391304348,162.9,0.13,183.1
PUERTO TEJADA -> BUENAVENTURA,23,239.724,10.422782608695652,156.1,0.07,98.6
SOPO -> CHOCONTA,23,218.5,9.5,36.1,-0.02,-28.2
CALDAS -> IPIALES,23,324.56,14.111304347826087,96.1,-0.06,-84.5
SABANETA -> EL SANTUARIO,23,240.951,10.476130434782608,103.3,-0.04,-56.3
GIRARDOTA -> TUNJA,23,202.76,8.815652173913042,96.1,-0.18,-253.6
BOGOTA D.C. -> FACATATIVA,22,109.0,4.954545454545454,124.1,0.01,14.7
SOPO -> TURBO,22,634.9300000000001,28.860454545454548,86.7,-0.02,-29.5
SONSON -> COYAIMA,22,748.0,34.0,103.3,-0.09,-132.5
CALI -> CANDELARIA,22,103.532,4.7059999999999995,136.2,0.15,220.9
CALDAS -> ITAGUI,22,60.174,2.735181818181818,99.4,0.07,103.1
SABANAGRANDE -> FUNDACION,22,219.857,9.9935,91.2,0.08,117.8
GIRARDOTA -> SOACHA,22,185.248,8.420363636363636,99.4,-0.03,-44.2
COTA -> RESTREPO,22,333.697,15.168045454545455,133.3,0.22,324.0
BOGOTA D.C. -> MOSQUERA,21,193.0,9.19047619047619,153.5,0.06,92.6
PUERTO TEJADA -> ARMENIA,21,196.986,9.380285714285714,111.0,0.05,77.1
IBAGUE -> SOACHA,21,675.0,32.142857142857146,167.0,0.21,324.0
CARTAGENA -> SOACHA,21,425.541,20.26385714285714,67.4,-0.01,-15.4
SOGAMOSO -> ITAGUI,21,371.282,17.680095238095237,98.6,-0.16,-246.9
MADRID -> FOMEQUE,21,182.531,8.691952380952381,111.0,-0.17,-262.3
GIRARDOTA -> MOSQUERA,21,236.266,11.250761904761905,164.3,-0.05,-77.1
GIRARDOTA -> IBAGUE,21,186.68,8.88952380952381,98.6,0.03,46.3
RIONEGRO -> QUIBDO,20,599.706,29.985300000000002,60.9,0.05,81.0
MADRID -> SAN JOSE DEL GUAVIARE,20,326.368,16.3184,92.0,0.09,145.8
BOGOTA D.C. -> CAJICA,20,92.0,4.6,92.0,0.11,178.2
BOGOTA D.C. -> APARTADO,20,393.876,19.6938,86.7,0.0,0.0
SANTA MARTA -> DIBULLA,20,91.59,4.5795,137.7,0.21,340.2
BUCARAMANGA -> BOGOTA D.C.,20,629.538,31.4769,101.9,0.03,48.6
BOGOTA D.C. -> TOCANCIPA,20,206.5,10.325,134.2,-0.0,-0.0
BOGOTA D.C. -> MONTERIA,20,356.815,17.84075,86.7,-0.05,-81.0
SOACHA -> LA CALERA,20,131.263,6.56315,97.1,0.03,48.6
SOPO -> MALAGA,20,216.81,10.8405,123.0,0.06,97.2
SOPO -> SAN GIL,20,271.266,13.563300000000002,171.6,0.19,307.8
ENVIGADO -> MADRID,20,364.911,18.24555,134.2,-0.05,-81.0
MEDELLIN -> BELLO,19,96.93900000000001,5.102052631578948,160.7,0.11,187.6
SABANETA -> CUCUTA,19,173.193,9.11542105263158,105.2,-0.02,-34.1
SONSON -> EL SANTUARIO,19,646.0,34.0,154.0,0.17,289.9
MALAMBO -> ARJONA,18,166.651,9.25838888888889,145.5,0.16,288.0
MADRID -> TOCANCIPA,18,113.491,6.305055555555556,132.8,-0.05,-90.0
MADRID -> FLORIDABLANCA,18,113.044,6.280222222222222,90.7,-0.0,-0.0
SOPO -> RESTREPO,18,451.789,25.09938888888889,68.6,0.05,90.0
SOACHA -> BARBOSA,18,138.66899999999998,7.703833333333332,128.3,0.19,342.0
GIRARDOTA -> RETIRO,18,50.633,2.8129444444444447,97.0,0.01,18.0
CALDAS -> AGUACHICA,18,180.573,10.031833333333333,48.5,0.02,36.0
COTA -> FUSAGASUGA,18,216.90699999999998,12.050388888888888,145.5,0.15,270.0
GIRARDOTA -> YOPAL,17,410.076,24.122117647058825,99.3,-0.07,-133.4
GIRARDOTA -> GIRON,17,145.645,8.567352941176472,183.3,0.16,304.9
BOGOTA D.C. -> EL ROSAL,17,93.5,5.5,156.1,0.01,19.1
SABANETA -> SINCELEJO,17,245.43,14.437058823529412,151.8,0.05,95.3
PALMAR DE VARELA -> VILLAVICENCIO,17,561.0,33.0,213.2,0.24,457.4
LA TEBAIDA -> ITAGUI,17,146.0,8.588235294117647,123.0,0.19,362.1
SABANETA -> CAUCASIA,17,396.266,23.309764705882355,92.4,0.0,0.0
GIRARDOTA -> CHIA,17,129.612,7.624235294117646,123.0,-0.07,-133.4
SOPO -> SAN JOSE DEL GUAVIARE,17,555.6850000000001,32.68735294117647,138.2,0.08,152.5
MADRID -> VILLETA,17,100.7,5.923529411764706,252.8,0.12,228.7
YUMBO -> BOGOTA D.C.,17,521.138,30.655176470588238,128.3,0.09,171.5
CALI -> YUMBO,16,74.775,4.6734375,148.9,0.11,222.8
PUERTO TEJADA -> ITAGUI,16,504.262,31.516375,176.4,0.15,303.8
RIONEGRO -> FRONTINO,16,99.26899999999999,6.2043124999999995,76.1,0.01,20.2
PUERTO TEJADA -> PALMIRA,16,201.718,12.607375,163.2,0.04,81.0
BOGOTA D.C. -> VILLAVICENCIO,16,233.177,14.5735625,158.6,0.07,141.8
PUERTO TEJADA -> ESPINAL,16,143.27100000000002,8.954437500000001,214.5,-0.06,-121.5
MADRID -> GARZON,16,192.415,12.0259375,101.3,-0.01,-20.2
ENVIGADO -> CALI,16,154.782,9.673875,108.4,-0.09,-182.2
SOGAMOSO -> IPIALES,16,482.362,30.147625,101.3,0.03,60.8
CALDAS -> SINCELEJO,16,78.514,4.907125,93.6,0.06,121.5
SOPO -> PIEDECUESTA,16,166.351,10.3969375,138.5,0.07,141.8
GIRARDOTA -> TURBACO,16,70.331,4.3956875,121.3,-0.13,-263.2
SOPO -> GUARNE,16,272.299,17.0186875,108.4,0.08,162.0
BUENAVENTURA -> RIONEGRO,16,318.755,19.9221875,108.4,-0.04,-81.0
SOPO -> COPACABANA,15,308.593,20.572866666666666,198.5,-0.09,-194.4
YUMBO -> SEVILLA,15,144.096,9.6064,165.9,0.15,324.0
SOPO -> BARRANCABERMEJA,15,154.157,10.277133333333333,118.2,0.14,302.4
YUMBO -> GIRARDOTA,15,210.671,14.044733333333333,125.2,-0.11,-237.6
MADRID -> GUARNE,15,198.339,13.2226,110.8,0.11,237.6
MALAMBO -> VALLEDUPAR,15,173.746,11.583066666666667,180.6,0.18,388.8
GIRARDOTA -> CALDAS,15,175.101,11.673399999999999,102.9,-0.05,-108.0
SOPO -> RIOHACHA,15,455.61600000000004,30.3744,94.3,0.0,0.0
SOPO -> CALDAS,15,145.713,9.7142,149.8,0.02,43.2
BOGOTA D.C. -> TUNJA,15,90.48,6.032,170.9,0.03,64.8
RIONEGRO -> YARUMAL,15,108.236,7.2157333333333336,74.2,0.0,0.0
BOGOTA D.C. -> GIRON,14,157.0,11.214285714285714,156.3,0.13,300.9
CALDAS -> FLORIDABLANCA,14,85.488,6.106285714285714,70.5,0.03,69.4
GIRARDOTA -> PITALITO,14,190.989,13.642071428571429,94.1,0.01,23.1
CALDAS -> YUMBO,14,69.84700000000001,4.989071428571429,94.1,0.06,138.9
SOPO -> SANTA ROSA DE CABAL,14,154.668,11.047714285714287,103.9,-0.02,-46.3
SABANETA -> SAN JERONIMO,14,131.71,9.407857142857143,129.0,-0.01,-23.1
MALAMBO -> MONTERIA,14,302.702,21.62157142857143,156.3,0.06,138.9
SONSON -> TULUA,14,476.0,34.0,121.2,-0.01,-23.1
SABANETA -> BUCARAMANGA,14,147.003,10.500214285714284,129.0,0.02,46.3
SOACHA -> LA VEGA,14,134.97,9.640714285714285,94.1,-0.04,-92.6
ITAGUI -> SOGAMOSO,14,294.605,21.04321428571429,222.9,0.01,23.1
SABANAGRANDE -> JUAN DE ACOSTA,14,82.467,5.8905,121.2,-0.03,-69.4
RICAURTE -> FUNZA,13,105.5,8.115384615384615,79.5,0.04,99.7
BARRANQUILLA -> TURBACO,13,73.772,5.674769230769231,169.9,0.12,299.1
CALDAS -> MONTERIA,13,57.377,4.413615384615385,104.1,0.05,124.6
SOACHA -> BELLO,13,421.0,32.38461538461539,148.7,-0.07,-174.5
MADRID -> JAMUNDI,13,193.785,14.906538461538462,132.7,-0.07,-174.5
MADRID -> MOCOA,13,169.654,13.050307692307692,79.5,-0.0,-0.0
SOACHA -> MARIQUITA,13,271.709,20.900692307692307,92.6,-0.07,-174.5
SABANETA -> EL CARMEN DE VIBORAL,13,122.028,9.38676923076923,114.4,-0.08,-199.4
RIONEGRO -> SEGOVIA,13,80.598,6.199846153846154,92.6,0.02,49.8
ENVIGADO -> BARRANQUILLA,13,120.403,9.26176923076923,169.9,0.11,274.2
COTA -> ZIPAQUIRA,13,139.439,10.726076923076922,114.4,0.09,224.3
SABANAGRANDE -> BARANOA,13,87.506,6.731230769230769,123.9,0.04,99.7
SOPO -> CAUCASIA,13,325.613,25.047153846153847,176.5,0.1,249.2
SOPO -> APULO,13,316.17,24.320769230769233,140.9,0.06,149.5
SABANAGRANDE -> SANTO TOMAS,13,82.979,6.383,114.4,0.02,49.8
SOPO -> RETIRO,13,112.268,8.636,188.8,0.12,299.1
CARTAGENA -> LA ESTRELLA,13,167.078,12.852153846153847,114.4,-0.02,-49.8
CARTAGENA -> SABANAGRANDE,13,30.289,2.329923076923077,292.0,0.0,0.0
MEDELLIN -> COPACABANA,13,63.061,4.850846153846154,169.9,0.07,174.5
ENVIGADO -> GIRARDOTA,13,139.888,10.760615384615384,140.9,-0.08,-199.4
SABANETA -> BARBOSA,13,67.31700000000001,5.17823076923077,114.4,-0.04,-99.7
SABANAGRANDE -> FONSECA,13,118.384,9.106461538461538,132.7,0.02,49.8
SOPO -> MOCOA,13,404.932,31.148615384615386,63.8,0.01,24.9
GIRARDOTA -> CAUCASIA,12,72.55199999999999,6.045999999999999,162.7,-0.04,-108.0
ENVIGADO -> YUMBO,12,313.313,26.109416666666664,192.5,-0.13,-351.0
RIONEGRO -> PUERTO BOYACA,12,91.227,7.602250000000001,89.1,0.02,54.0
SOACHA -> MALAGA,12,216.888,18.074,72.8,0.05,135.0
SOACHA -> LA MESA,12,103.205,8.600416666666666,89.1,-0.0,-0.0
ENVIGADO -> SOPO,12,133.524,11.127,154.3,-0.06,-162.0
MADRID -> ESPINAL,12,107.411,8.950916666666666,162.7,-0.04,-108.0
MADRID -> CHOACHI,12,114.0,9.5,115.0,-0.09,-243.0
BOGOTA D.C. -> PEREIRA,12,212.073,17.67275,126.0,0.08,216.0
BOGOTA D.C. -> CALDAS,12,65.24,5.4366666666666665,212.1,0.11,297.0
SABANETA -> SANTA BARBARA,12,106.0,8.833333333333334,162.7,0.08,216.0
GIRARDOTA -> SANTO DOMINGO,12,112.7,9.391666666666667,136.1,-0.12,-324.0
MADRID -> LA CALERA,12,60.677,5.056416666666666,162.7,0.03,81.0
SONSON -> BUCARAMANGA,12,408.0,34.0,178.2,0.11,297.0
SOACHA -> GARZON,12,208.115,17.342916666666667,136.1,0.01,27.0
SABANAGRANDE -> MONTERIA,12,157.03699999999998,13.086416666666665,162.7,0.04,108.0
MADRID -> RICAURTE,12,56.61,4.7175,154.3,0.09,243.0
BOGOTA D.C. -> SOPO,12,15.9,1.325,115.0,0.07,189.0
BUCARAMANGA -> MALAMBO,11,368.0,33.45454545454545,160.1,0.07,206.2
PUERTO TEJADA -> MANIZALES,11,102.128,9.284363636363636,114.2,0.01,29.5
SABANETA -> SANTA ROSA DE CABAL,11,119.349,10.849909090909092,114.2,0.02,58.9
NOBSA -> BOGOTA D.C.,11,372.0,33.81818181818182,150.0,-0.08,-235.6
MADRID -> LEBRIJA,11,64.744,5.885818181818181,114.2,-0.01,-29.5
VILLAVICENCIO -> VILLAVICENCIO,11,64.669,5.879,258.1,0.05,147.3
BARRANQUILLA -> SABANETA,11,363.0,33.0,169.7,0.04,117.8
MADRID -> RESTREPO,11,115.384,10.489454545454546,114.2,0.05,147.3
SOPO -> CANDELARIA,11,160.93900000000002,14.630818181818183,99.4,-0.07,-206.2
GIRARDOTA -> COTA,11,113.171,10.288272727272728,127.2,-0.06,-176.7
PALMAR DE VARELA -> MONTERIA,11,363.0,33.0,351.1,-0.1,-294.5
SABANAGRANDE -> EL RETEN,11,73.55,6.6863636363636365,99.4,0.01,29.5
SABANAGRANDE -> SINCELEJO,11,77.446,7.040545454545454,150.0,0.11,324.0
LA ESTRELLA -> COPACABANA,11,135.0,12.272727272727273,178.7,0.13,382.9
SOACHA -> FLORIDABLANCA,11,180.281,16.389181818181818,99.4,-0.04,-117.8
MADRID -> SAN MIGUEL,11,239.393,21.763,169.7,-0.04,-117.8
BUCARAMANGA -> PIEDECUESTA,11,99.318,9.02890909090909,178.7,0.07,206.2
MADRID -> PIEDECUESTA,11,70.184,6.3803636363636365,114.2,-0.01,-29.5
SONSON -> SIBATE,11,374.0,34.0,160.1,-0.02,-58.9
SABANAGRANDE -> SITIONUEVO,11,57.327,5.211545454545455,82.1,0.02,58.9
CARTAGENA -> YUMBO,11,357.0,32.45454545454545,127.2,-0.07,-206.2
SONSON -> SAN GIL,11,374.0,34.0,203.4,0.12,353.5
SABANAGRANDE -> TENERIFE,11,46.914,4.264909090909091,99.4,-0.05,-147.3
GIRARDOTA -> CANDELARIA,11,51.559999999999995,4.687272727272727,139.1,-0.1,-294.5
LA UNION -> CARTAGENA,11,300.48699999999997,27.316999999999997,114.2,0.03,88.4
GIRARDOTA -> CAJICA,11,120.889,10.98990909090909,114.2,-0.07,-206.2
SONSON -> FRESNO,11,374.0,34.0,178.7,-0.07,-206.2
CALI -> SANTANDER DE QUILICHAO,11,50.371,4.5791818181818185,251.9,0.11,324.0
BOGOTA D.C. -> SOGAMOSO,10,66.963,6.696299999999999,141.1,-0.02,-64.8
BARRANQUILLA -> CARTAGENA,10,78.087,7.8087,206.8,0.07,226.8
SOPO -> ESPINAL,10,124.24,12.424,141.1,-0.04,-129.6
ENVIGADO -> CAUCASIA,10,108.461,10.8461,154.0,-0.06,-194.4
MADRID -> MAGANGUE,10,171.334,17.1334,165.9,0.05,162.0
SOACHA -> GIRARDOTA,10,323.0,32.3,303.9,-0.12,-388.8
SOACHA -> RICAURTE,10,125.825,12.5825,177.0,0.05,162.0
SOACHA -> ENVIGADO,10,324.0,32.4,187.5,-0.02,-64.8
SOACHA -> VILLETA,10,120.026,12.0026,215.8,0.03,97.2
BUENAVENTURA -> ENVIGADO,10,187.425,18.7425,126.9,0.04,129.6
BOGOTA D.C. -> VILLA DE SAN DIEGO DE UBA,10,63.5,6.35,165.9,-0.0,-0.0
SOPO -> PUERTO COLOMBIA,10,149.055,14.9055,126.9,-0.03,-97.2
ENVIGADO -> FUSAGASUGA,10,96.621,9.662099999999999,165.9,-0.1,-324.0
ENVIGADO -> SINCELEJO,10,84.887,8.4887,154.0,0.05,162.0
CALI -> JAMUNDI,10,37.982,3.7982,240.9,0.14,453.6
SOPO -> LA CEJA,10,109.61599999999999,10.961599999999999,165.9,0.05,162.0
MALAMBO -> ITAGUI,10,331.302,33.1302,165.9,0.06,194.4
SABANAGRANDE -> SAN JUAN DEL CESAR,10,111.115,11.1115,154.0,-0.04,-129.6
SABANETA -> SANTA FE DE ANTIOQUIA,10,100.383,10.0383,154.0,-0.06,-194.4
SANTA MARTA -> CIENAGA,10,41.9,4.1899999999999995,126.9,0.11,356.4
MALAMBO -> MALAMBO,10,74.47200000000001,7.4472000000000005,187.5,0.08,259.2
GIRARDOTA -> NEIVA,10,147.61,14.761000000000001,141.1,-0.0,-0.0
SOPO -> GARZON,9,252.522,28.058,102.9,0.05,180.0
BUENAVENTURA -> BUCARAMANGA,9,239.0,26.555555555555557,171.5,-0.01,-36.0
SONSON -> CHAPARRAL,9,306.0,34.0,171.5,-0.05,-180.0
IBAGUE -> MOSQUERA,9,152.95,16.994444444444444,123.7,-0.05,-180.0
BOGOTA D.C. -> LA MESA,9,54.5,6.055555555555555,171.5,-0.03,-108.0
MADRID -> PALMIRA,9,192.924,21.436,141.4,-0.01,-36.0
ENVIGADO -> IPIALES,9,162.676,18.07511111111111,123.7,-0.08,-288.0
RIONEGRO -> SAN RAFAEL,9,32.914,3.6571111111111114,102.9,-0.02,-72.0
SOPO -> MONIQUIRA,9,91.413,10.157,123.7,0.0,0.0
SOPO -> PACHO,9,85.5,9.5,197.0,-0.13,-468.0
SONSON -> POPAYAN,9,306.0,34.0,184.7,0.01,36.0
SONSON -> SALDAÑA,9,306.0,34.0,157.2,-0.05,-180.0
MADRID -> SASAIMA,9,34.077999999999996,3.786444444444444,377.3,0.01,36.0
SABANETA -> MAICAO,9,90.233,10.02588888888889,123.7,0.01,36.0
GIRARDOTA -> SAN GIL,9,54.637,6.070777777777778,267.9,0.11,396.0
PUERTO TEJADA -> PASTO,9,254.0,28.22222222222222,123.7,0.01,36.0
RIONEGRO -> JARDIN,9,44.782000000000004,4.975777777777778,102.9,-0.0,-0.0
CALI -> PALMIRA,9,50.407,5.600777777777777,141.4,0.02,72.0
PUERTO TEJADA -> TULUA,9,107.0,11.88888888888889,219.6,-0.02,-72.0
PUERTO TEJADA -> PEREIRA,9,80.958,8.995333333333333,171.5,0.03,108.0
BARRANQUILLA -> SANTA MARTA,9,75.509,8.389888888888889,184.7,0.11,396.0
SOPO -> VILLAMARIA,9,112.744,12.527111111111111,184.7,0.03,108.0
CALDAS -> SABANETA,9,26.421,2.9356666666666666,171.5,0.01,36.0
MADRID -> GRANADA,9,123.271,13.696777777777777,123.7,0.03,108.0
SANTA MARTA -> VALLEDUPAR,9,61.809,6.867666666666667,184.7,0.12,432.0
SANTA MARTA -> FUNDACION,9,47.2,5.2444444444444445,141.4,0.1,360.0
ENVIGADO -> SANTA MARTA,9,59.101,6.566777777777777,171.5,0.08,288.0
PUERTO TEJADA -> IBAGUE,9,83.414,9.268222222222223,184.7,0.02,72.0
SOPO -> SAN PEDRO,9,77.565,8.618333333333332,141.4,0.09,324.0
SANTA MARTA -> ARACATACA,9,41.4,4.6,123.7,0.09,324.0
SOPO -> TULUA,9,274.581,30.509,171.5,-0.04,-144.0
SESQUILE -> IBAGUE,8,129.5,16.1875,207.4,0.03,121.5
GUADALAJARA DE BUGA -> FUNZA,8,272.0,34.0,280.6,0.13,526.5
BOGOTA D.C. -> TOCAIMA,8,33.362,4.17025,158.6,0.01,40.5
COTA -> RICAURTE,8,86.485,10.810625,269.8,0.02,81.0
EL CERRITO -> MEDELLIN,8,272.0,34.0,176.4,-0.01,-40.5
ENVIGADO -> CALDAS,8,38.68,4.835,176.4,-0.06,-243.0
RIONEGRO -> SAN JERONIMO,8,59.866,7.48325,115.0,0.04,162.0
CALDAS -> GALAPA,8,35.852000000000004,4.4815000000000005,138.5,-0.01,-40.5
BUENAVENTURA -> LA ESTRELLA,8,80.908,10.1135,138.5,-0.06,-243.0
GIRARDOTA -> SAN PEDRO,8,17.828,2.2285,158.6,0.05,202.5
LA TEBAIDA -> PASTO,8,75.991,9.498875,234.4,0.09,364.5
MADRID -> NEMOCON,8,37.874,4.73425,176.4,-0.09,-364.5
RIONEGRO -> MARINILLA,8,30.078,3.75975,138.5,0.06,243.0
BOGOTA D.C. -> CHIPAQUE,8,89.5,11.1875,234.4,-0.03,-121.5
YUMBO -> GUACHENE,8,71.0,8.875,138.5,0.06,243.0
SOGAMOSO -> CARTAGENA,8,98.957,12.369625,138.5,-0.01,-40.5
SONSON -> SUAZA,8,272.0,34.0,221.3,-0.09,-364.5
ENVIGADO -> TURBO,8,49.053,6.131625,138.5,0.06,243.0
CALDAS -> TURBO,8,179.93,22.49125,176.4,0.1,405.0
BOGOTA D.C. -> CHIQUINQUIRA,8,34.5,4.3125,138.5,0.04,162.0
SABANETA -> BARRANQUILLA,8,34.581,4.322625,138.5,-0.05,-202.5
MALAMBO -> SOLEDAD,8,62.573,7.821625,207.4,0.1,405.0
SABANAGRANDE -> SABANAGRANDE,8,92.288,11.536,192.5,0.01,40.5
SOPO -> MONTENEGRO,8,110.515,13.814375,234.4,0.01,40.5
COTA -> TOCANCIPA,8,82.857,10.357125,221.3,0.07,283.5
GIRARDOTA -> LORICA,8,30.196,3.7745,158.6,0.02,81.0
LA TEBAIDA -> LA ESTRELLA,8,99.0,12.375,158.6,0.05,202.5
GIRARDOTA -> PUERTO TEJADA,8,51.261,6.407625,207.4,-0.08,-324.0
GIRARDOTA -> PIEDECUESTA,8,58.843,7.355375,158.6,0.04,162.0
BARRANQUILLA -> CALDAS,8,38.1,4.7625,138.5,0.05,202.5
SESQUILE -> MEDELLIN,8,160.369,20.046125,192.5,0.03,121.5
GIRARDOTA -> FLORIDABLANCA,8,88.672,11.084,138.5,-0.05,-202.5
GIRARDOTA -> EL CARMEN DE VIBORAL,8,35.484,4.4355,158.6,-0.05,-202.5
MADRID -> SAN PEDRO,8,57.502,7.18775,138.5,0.06,243.0
SOACHA -> ESPINAL,8,83.241,10.405125,192.5,0.06,243.0
PUERTO TEJADA -> SANTA ROSA DE CABAL,7,65.225,9.317857142857141,156.3,0.04,185.1
COTA -> MADRID,7,84.312,12.044571428571428,218.5,0.05,231.4
SOPO -> CIRCASIA,7,74.443,10.634714285714285,266.6,-0.03,-138.9
YUMBO -> ARMENIA,7,56.492,8.070285714285713,156.3,0.08,370.3
GIRARDOTA -> MALAGA,7,43.251,6.178714285714285,199.9,0.07,324.0
SONSON -> ALCALA,7,238.0,34.0,179.4,-0.08,-370.3
PALMAR DE VARELA -> PASTO,7,234.59199999999998,33.51314285714285,156.3,0.03,138.9
SOPO -> GUADALAJARA DE BUGA,7,139.77800000000002,19.968285714285717,218.5,-0.02,-92.6
MEDELLIN -> EL CARMEN DE BOLIVAR,7,33.583,4.797571428571429,218.5,0.05,231.4
YUMBO -> FLORIDA,7,27.435,3.919285714285714,129.0,0.0,0.0
RIONEGRO -> EL CARMEN DE VIBORAL,7,32.619,4.659857142857143,129.0,0.01,46.3
COTA -> GIRARDOT,7,74.312,10.616,156.3,0.03,138.9
BOGOTA D.C. -> CAQUEZA,7,84.0,12.0,179.4,-0.03,-138.9
PUERTO TEJADA -> SANTANDER DE QUILICHAO,7,65.0,9.285714285714286,156.3,0.02,92.6
PUERTO TEJADA -> RIONEGRO,7,231.0,33.0,179.4,0.09,416.6
MADRID -> ALBAN,7,23.561,3.3658571428571427,365.1,0.03,138.9
GIRARDOTA -> LA UNION,7,11.684999999999999,1.669285714285714,179.4,-0.03,-138.9
MADRID -> MALAGA,7,75.488,10.784,129.0,0.01,46.3
COTA -> LA VEGA,7,59.356,8.479428571428572,199.9,0.03,138.9
RIONEGRO -> CAUCASIA,7,193.138,27.59114285714286,179.4,0.03,138.9
MADRID -> CALDAS,7,69.075,9.867857142857144,156.3,-0.01,-46.3
SOPO -> GRANADA,7,194.947,27.84957142857143,199.9,-0.05,-231.4
YUMBO -> CARTAGO,7,97.315,13.902142857142858,179.4,0.08,370.3
MEDELLIN -> ITAGUI,7,31.596,4.513714285714285,179.4,0.04,185.1
MEDELLIN -> GUARNE,7,30.784,4.397714285714286,218.5,0.04,185.1
SONSON -> LIBANO,7,238.0,34.0,199.9,-0.04,-185.1
MANIZALES -> FUNZA,7,22.3,3.185714285714286,156.3,0.01,46.3
SONSON -> CUCUTA,7,237.8,33.971428571428575,179.4,-0.0,-0.0
SABANETA -> CALI,7,33.984,4.854857142857143,156.3,-0.03,-138.9
MALAMBO -> MEDELLIN,7,233.036,33.29085714285714,179.4,0.05,231.4
SONSON -> EL ZULIA,7,238.0,34.0,218.5,-0.02,-92.6
ENVIGADO -> AGUACHICA,7,30.964,4.4234285714285715,199.9,0.1,462.9
PALMAR DE VARELA -> COTA,7,231.0,33.0,199.9,0.06,277.7
SABANAGRANDE -> CHIBOLO,7,28.872,4.1245714285714286,129.0,-0.02,-92.6
SOPO -> LA MESA,7,40.866,5.838,156.3,0.04,185.1
SOPO -> SANTA FE DE ANTIOQUIA,7,68.391,9.770142857142858,179.4,-0.08,-370.3
MIRANDA -> COTA,7,238.0,34.0,251.6,0.03,138.9
ENVIGADO -> SAN GIL,7,44.943000000000005,6.420428571428572,179.4,0.08,370.3
MEDELLIN -> CALDAS,7,35.381,5.054428571428572,179.4,-0.02,-92.6
BUGALAGRANDE -> SABANETA,7,238.0,34.0,199.9,-0.03,-138.9
MALAMBO -> MARIA LA BAJA,7,59.261,8.465857142857143,129.0,0.06,277.7
SOPO -> MELGAR,7,73.459,10.494142857142858,179.4,-0.05,-231.4
SOACHA -> PIEDECUESTA,7,99.6,14.228571428571428,156.3,-0.04,-185.1
YUMBO -> GUACARI,6,46.5,7.75,178.2,0.06,324.0
ENVIGADO -> VILLAVICENCIO,6,130.978,21.829666666666668,205.8,-0.06,-324.0
PALMAR DE VARELA -> NEIVA,6,198.0,33.0,230.1,0.09,486.0
SOPO -> LA TEBAIDA,6,65.178,10.863,230.1,-0.01,-54.0
SONSON -> SOACHA,6,204.0,34.0,178.2,0.01,54.0
SOPO -> LA UNION,6,108.036,18.006,145.5,-0.01,-54.0
PUERTO TEJADA -> ZIPAQUIRA,6,189.248,31.54133333333333,145.5,0.04,216.0
SESQUILE -> ARMENIA,6,90.868,15.144666666666666,252.1,0.06,324.0
CALI -> CALDAS,6,25.799999999999997,4.3,205.8,0.0,0.0
ENVIGADO -> CARTAGO,6,54.461,9.076833333333333,145.5,-0.01,-54.0
SOPO -> FONSECA,6,191.327,31.887833333333333,178.2,0.02,108.0
BARRANQUILLA -> YUMBO,6,198.0,33.0,252.1,0.1,540.0
COTA -> MOSQUERA,6,47.306,7.884333333333333,252.1,0.08,432.0
COTA -> MEDELLIN,6,186.0,31.0,252.1,0.06,324.0
SOPO -> COVEÑAS,6,86.60499999999999,14.434166666666664,230.1,0.04,216.0
BOGOTA D.C. -> LA CALERA,6,39.5,6.583333333333333,252.1,-0.03,-162.0
CALDAS -> MALAMBO,6,24.447,4.0745,145.5,0.05,270.0
SABANETA -> GUARNE,6,153.263,25.543833333333335,145.5,-0.02,-108.0
BUCARAMANGA -> PUERTO PARRA,6,55.453,9.242166666666668,230.1,0.08,432.0
ENVIGADO -> CAJICA,6,32.036,5.339333333333333,252.1,0.07,378.0
SABANETA -> MOCOA,6,199.0,33.166666666666664,205.8,-0.0,-0.0
SOACHA -> ITAGUI,6,199.0,33.166666666666664,178.2,0.04,216.0
GIRARDOTA -> SANTA ROSA DE CABAL,6,26.201999999999998,4.367,145.5,-0.01,-54.0
SABANETA -> SOPETRAN,6,59.5,9.916666666666666,145.5,0.04,216.0
BOGOTA D.C. -> TENJO,6,31.5,5.25,178.2,-0.02,-108.0
SONSON -> GUARNE,6,204.0,34.0,205.8,0.0,0.0
SABANAGRANDE -> VILLANUEVA,6,60.473,10.078833333333334,230.1,0.02,108.0
SONSON -> GUAMO,6,204.0,34.0,145.5,-0.03,-162.0
SABANAGRANDE -> RIONEGRO,6,61.472,10.245333333333333,205.8,0.05,270.0
GIRARDOTA -> AGUACHICA,6,26.288,4.381333333333333,230.1,0.08,432.0
ENVIGADO -> GUARNE,6,31.909,5.3181666666666665,205.8,-0.04,-216.0
ENVIGADO -> FLORENCIA,6,176.0,29.333333333333332,205.8,-0.09,-486.0
ENVIGADO -> RETIRO,6,33.851,5.6418333333333335,178.2,-0.04,-216.0
SONSON -> ACACIAS,6,204.0,34.0,230.1,0.01,54.0
MADRID -> QUIBDO,6,173.984,28.997333333333334,178.2,0.01,54.0
LA TEBAIDA -> BOGOTA D.C.,6,54.0,9.0,145.5,0.05,270.0
SABANETA -> LIBORINA,6,114.5,19.083333333333332,252.1,0.1,540.0
SESQUILE -> PEREIRA,6,90.83,15.138333333333334,178.2,0.07,378.0
SOPO -> PUERTO ASIS,6,190.673,31.778833333333335,145.5,-0.02,-108.0
BUENAVENTURA -> BARRANQUILLA,6,166.0,27.666666666666668,178.2,0.02,108.0
SOACHA -> RESTREPO,6,95.625,15.9375,178.2,-0.03,-162.0
CALDAS -> SANTA MARTA,6,32.221000000000004,5.370166666666667,178.2,0.01,54.0
RIONEGRO -> SANTA FE DE ANTIOQUIA,6,37.683,6.2805,145.5,0.03,162.0
YUMBO -> LA CUMBRE,6,31.5,5.25,252.1,0.09,486.0
SOGAMOSO -> SOPO,5,81.411,16.2822,206.8,0.04,259.2
SONSON -> CALI,5,169.8,33.96,206.8,-0.03,-194.4
MADRID -> TURBO,5,145.663,29.132600000000004,165.9,-0.01,-64.8
GIRARDOTA -> GIRARDOT,5,49.714,9.9428,165.9,-0.02,-129.6
GIRARDOTA -> VILLA DE LEYVA,5,44.306,8.8612,206.8,-0.04,-259.2
SONSON -> CARMEN DE APICALA,5,170.0,34.0,165.9,-0.05,-324.0
GIRARDOTA -> SANTIAGO DE TOLU,5,21.717,4.3434,206.8,-0.01,-64.8
GIRARDOTA -> LA MESA,5,46.948,9.3896,206.8,-0.04,-259.2
BUENAVENTURA -> GUARNE,5,165.0,33.0,240.9,0.07,453.6
LA TEBAIDA -> PALMIRA,5,106.7,21.34,240.9,0.08,518.4
SOACHA -> SAN JOSE DEL GUAVIARE,5,139.494,27.8988,165.9,0.04,259.2
MADRID -> RIOHACHA,5,125.105,25.021,270.7,0.01,64.8
SABANETA -> PUERTO GAITAN,5,46.292,9.2584,297.5,0.06,388.8
BOGOTA D.C. -> VALLEDUPAR,5,87.67699999999999,17.5354,165.9,0.05,324.0
LA TEBAIDA -> CALI,5,46.277,9.2554,240.9,0.06,388.8
BUENAVENTURA -> IBAGUE,5,110.0,22.0,240.9,-0.01,-64.8
BARRANQUILLA -> VALLEDUPAR,5,48.685,9.737,240.9,0.05,324.0
BOGOTA D.C. -> ARMENIA,5,83.23599999999999,16.647199999999998,165.9,0.02,129.6
BOGOTA D.C. -> TENA,5,24.0,4.8,206.8,-0.02,-129.6
RIONEGRO -> SAN CARLOS,5,23.641,4.728199999999999,206.8,0.06,388.8
MADRID -> NOBSA,5,41.252,8.2504,165.9,-0.01,-64.8
SABANETA -> MONTENEGRO,5,71.477,14.2954,240.9,-0.04,-259.2
MADRID -> SANTA ROSA DE CABAL,5,58.498000000000005,11.6996,206.8,-0.04,-259.2
ITAGUI -> MADRID,5,67.367,13.473400000000002,240.9,-0.02,-129.6
SOGAMOSO -> BUENAVENTURA,5,68.41499999999999,13.682999999999998,165.9,-0.02,-129.6
COTA -> SABANETA,5,168.0,33.6,165.9,0.03,194.4
RIONEGRO -> SAN VICENTE,5,18.465,3.693,165.9,-0.04,-259.2
SABANAGRANDE -> CIENAGA,5,45.888,9.1776,165.9,0.03,194.4
NOBSA -> YUMBO,5,168.0,33.6,165.9,0.03,194.4
NOBSA -> BARRANQUILLA,5,167.0,33.4,206.8,0.01,64.8
MIRANDA -> FUNZA,5,170.0,34.0,240.9,0.02,129.6
SONSON -> GIRON,5,169.8,33.96,240.9,0.0,0.0
SABANETA -> BARRANCABERMEJA,5,139.735,27.947000000000003,165.9,-0.04,-259.2
MEDELLIN -> RETIRO,5,27.044,5.4088,270.7,0.04,259.2
MALAMBO -> SINCELEJO,5,56.312,11.2624,206.8,0.08,518.4
SONSON -> COTA,5,170.0,34.0,270.7,-0.0,-0.0
PALMAR DE VARELA -> MARINILLA,5,165.0,33.0,270.7,0.08,518.4
SABANAGRANDE -> GIRARDOTA,5,32.048,6.4096,165.9,-0.0,-0.0
SABANAGRANDE -> MARIA LA BAJA,5,21.87,4.3740000000000006,206.8,0.04,259.2
ENVIGADO -> PASTO,5,35.236000000000004,7.047200000000001,165.9,-0.02,-129.6
ENVIGADO -> PEREIRA,5,39.822,7.9644,206.8,-0.0,-0.0
ENVIGADO -> ARMENIA,5,36.184,7.2368,206.8,-0.04,-259.2
SONSON -> TURBO,5,170.0,34.0,270.7,0.01,64.8
SONSON -> VENADILLO,5,170.0,34.0,165.9,-0.04,-259.2
SONSON -> VILLAVICENCIO,5,170.0,34.0,270.7,-0.0,-0.0
YUMBO -> MOCOA,5,168.0,33.6,206.8,0.04,259.2
PUERTO TEJADA -> GALAPA,5,166.0,33.2,206.8,0.03,194.4
SOPO -> VALLE DEL GUAMUEZ,5,162.373,32.474599999999995,165.9,-0.0,-0.0
SONSON -> ROLDANILLO,5,170.0,34.0,206.8,-0.01,-64.8
MEDELLIN -> RIONEGRO,5,23.436,4.6872,270.7,0.04,259.2
NOBSA -> MARINILLA,5,168.0,33.6,270.7,0.01,64.8
BUCARAMANGA -> AGUACHICA,5,55.146,11.0292,206.8,0.05,324.0
CALI -> GUADALAJARA DE BUGA,5,23.97,4.794,240.9,0.07,453.6
MADRID -> COGUA,5,17.71,3.5420000000000003,206.8,0.0,0.0
BOGOTA D.C. -> CHOACHI,5,32.5,6.5,206.8,-0.01,-64.8
MADRID -> GACHANCIPA,5,15.495999999999999,3.0991999999999997,165.9,0.01,64.8
BOGOTA D.C. -> CHAPARRAL,5,34.5,6.9,165.9,0.04,259.2
PUERTO TEJADA -> YUMBO,5,42.207,8.4414,165.9,0.03,194.4
RIONEGRO -> ANDES,5,20.839,4.1678,206.8,0.0,0.0
YUMBO -> ZARZAL,5,43.142,8.628400000000001,240.9,-0.01,-64.8
BOGOTA D.C. -> CARTAGENA,5,122.076,24.4152,165.9,-0.03,-194.4
BOGOTA D.C. -> CUCUTA,4,78.612,19.653,192.5,-0.02,-162.0
BOGOTA D.C. -> EL COLEGIO,4,26.0,6.5,291.0,-0.01,-81.0
MADRID -> CAUCASIA,4,127.88,31.97,246.7,0.04,324.0
SANTA MARTA -> ZONA BANANERA,4,16.1,4.025,246.7,0.06,486.0
SABANETA -> VALLEDUPAR,4,14.486,3.6215,192.5,0.04,324.0
SABANETA -> TITIRIBI,4,37.5,9.375,246.7,0.01,81.0
SABANETA -> SANTO DOMINGO,4,38.0,9.5,192.5,-0.02,-162.0
SABANETA -> SAN JOSE DE LA MONTAÑA,4,34.45,8.6125,246.7,0.04,324.0
BUCARAMANGA -> CHINACOTA,4,35.86,8.965,291.0,0.05,405.0
SOPO -> GUASCA,4,38.0,9.5,246.7,0.06,486.0
SOPO -> GACHANCIPA,4,32.291,8.07275,246.7,-0.01,-81.0
YUMBO -> DAGUA,4,37.5,9.375,246.7,0.06,486.0
CALDAS -> PEREIRA,4,12.971,3.24275,246.7,-0.01,-81.0
SOPO -> TABIO,4,30.1,7.525,246.7,0.04,324.0
PUERTO TEJADA -> CARTAGO,4,36.299,9.07475,246.7,0.02,162.0
PALMAR DE VARELA -> SABANETA,4,133.0,33.25,192.5,0.01,81.0
MEDELLIN -> SABANETA,4,19.441000000000003,4.860250000000001,329.4,0.01,81.0
ENVIGADO -> FUNZA,4,24.483999999999998,6.1209999999999996,192.5,-0.01,-81.0
SONSON -> SEVILLA,4,136.0,34.0,192.5,-0.03,-243.0
ENVIGADO -> ZIPAQUIRA,4,40.554,10.1385,329.4,-0.06,-486.0
ENVIGADO -> SOGAMOSO,4,34.076,8.519,246.7,-0.06,-486.0
MEDELLIN -> LIBORINA,4,24.043,6.01075,246.7,0.02,162.0
MEDELLIN -> GIRARDOTA,4,20.96,5.24,192.5,0.03,243.0
NOBSA -> BUCARAMANGA,4,108.0,27.0,424.3,0.0,0.0
NOBSA -> FUNZA,4,136.0,34.0,246.7,-0.05,-405.0
SOPO -> NECOCLI,4,74.155,18.53875,246.7,0.04,324.0
GIRARDOTA -> AMAGA,4,17.985,4.49625,329.4,-0.07,-567.0
SONSON -> MADRID,4,136.0,34.0,246.7,0.0,0.0
SONSON -> LERIDA,4,136.0,34.0,246.7,-0.01,-81.0
SONSON -> GUADALAJARA DE BUGA,4,136.0,34.0,192.5,0.02,162.0
MALAMBO -> VILLAVICENCIO,4,131.0,32.75,246.7,0.01,81.0
ENVIGADO -> ACACIAS,4,82.117,20.52925,329.4,-0.06,-486.0
SABANAGRANDE -> PLATO,4,17.407,4.35175,192.5,0.01,81.0
PALMAR DE VARELA -> DOSQUEBRADAS,4,132.0,33.0,246.7,0.05,405.0
SOPO -> COGUA,4,38.0,9.5,246.7,-0.03,-243.0
COTA -> TENJO,4,41.159,10.28975,246.7,0.03,243.0
COTA -> TUNJA,4,49.603,12.40075,246.7,0.04,324.0
SOACHA -> PUERTO BOYACA,4,80.37,20.0925,192.5,0.05,405.0
SOGAMOSO -> GIRARDOTA,4,72.69200000000001,18.173000000000002,246.7,0.04,324.0
GIRARDOTA -> OCAÑA,4,27.292,6.823,246.7,0.05,405.0
GIRARDOTA -> FACATATIVA,4,34.225,8.55625,192.5,0.03,243.0
SONSON -> BARRANCABERMEJA,4,136.0,34.0,246.7,0.0,0.0
SABANETA -> MARINILLA,4,34.176,8.544,192.5,-0.02,-162.0
SABANETA -> IBAGUE,4,39.688,9.922,246.7,0.02,162.0
SABANETA -> ESPINAL,4,11.264000000000001,2.8160000000000003,192.5,-0.03,-243.0
CALDAS -> CHINCHINA,4,14.439,3.60975,329.4,-0.02,-162.0
ITAGUI -> SOACHA,4,105.0,26.25,246.7,-0.01,-81.0
IBAGUE -> IBAGUE,4,41.2,10.3,246.7,0.0,0.0
MADRID -> ANAPOIMA,4,18.198,4.5495,246.7,0.02,162.0
BUCARAMANGA -> SABANA DE TORRES,4,26.575,6.64375,246.7,0.04,324.0
SABANETA -> POPAYAN,4,99.908,24.977,246.7,-0.04,-324.0
SABANETA -> PALMAR DE VARELA,4,20.144,5.036,192.5,0.0,0.0
LA TEBAIDA -> GIRARDOTA,4,38.0,9.5,246.7,0.03,243.0
LA TEBAIDA -> MEDELLIN,4,30.43,7.6075,246.7,0.03,243.0
SESQUILE -> MANIZALES,4,64.0,16.0,246.7,0.04,324.0
MADRID -> COPACABANA,4,42.797,10.69925,192.5,0.02,162.0
MADRID -> EL ROSAL,4,29.73,7.4325,192.5,0.01,81.0
BUENAVENTURA -> ITAGUI,4,69.009,17.25225,329.4,0.04,324.0
BUENAVENTURA -> PEREIRA,4,85.0,21.25,246.7,0.03,243.0
COTA -> FUNZA,4,56.423,14.10575,246.7,0.02,162.0
COTA -> GACHANCIPA,4,36.831,9.20775,192.5,0.02,162.0
ENVIGADO -> BUENAVENTURA,4,12.055,3.01375,246.7,-0.0,-0.0
CARTAGENA -> LA UNION,4,75.15,18.7875,329.4,-0.0,-0.0
SOPO -> CIMITARRA,4,34.369,8.59225,291.0,0.06,486.0
RIONEGRO -> PUERTO NARE,4,29.144000000000002,7.2860000000000005,246.7,-0.02,-162.0
RIONEGRO -> LA VIRGINIA,4,50.532,12.633,192.5,-0.05,-405.0
RIONEGRO -> GUARNE,4,13.218,3.3045,192.5,0.01,81.0
CALDAS -> MANIZALES,4,14.42,3.605,246.7,-0.02,-162.0
CALI -> ZIPAQUIRA,4,36.5,9.125,246.7,-0.06,-486.0
CALI -> PASTO,4,37.5,9.375,291.0,-0.06,-486.0
RIONEGRO -> EBEJICO,4,10.176,2.544,192.5,0.01,81.0
RIONEGRO -> CARTAGENA,4,5.718999999999999,1.4297499999999999,246.7,-0.03,-243.0
RIONEGRO -> CONCEPCION,4,11.607,2.90175,246.7,0.03,243.0
PUERTO TEJADA -> MALAMBO,4,125.168,31.292,291.0,0.0,0.0
BARRANQUILLA -> MAICAO,4,36.683,9.17075,192.5,0.03,243.0
BOGOTA D.C. -> SESQUILE,4,25.5,6.375,246.7,0.03,243.0
TOCANCIPA -> GIRARDOTA,4,65.075,16.26875,424.3,0.05,405.0
YUMBO -> BUGALAGRANDE,4,32.064,8.016,246.7,0.0,0.0
BUCARAMANGA -> CIMITARRA,3,25.41,8.47,230.1,0.01,108.0
PUERTO TEJADA -> NEIVA,3,27.901,9.300333333333333,308.7,0.0,0.0
PUERTO TEJADA -> MOSQUERA,3,95.234,31.744666666666664,230.1,0.01,108.0
PUERTO TEJADA -> MONTERIA,3,101.0,33.666666666666664,230.1,-0.01,-108.0
BUENAVENTURA -> CARTAGENA,3,37.259,12.419666666666666,230.1,0.03,324.0
TURBO -> MADRID,3,70.0,23.333333333333332,308.7,0.04,432.0
VILLAVICENCIO -> CUMARAL,3,18.585,6.195,424.3,0.02,216.0
BUCARAMANGA -> CUCUTA,3,24.951999999999998,8.317333333333332,230.1,-0.01,-108.0
BUCARAMANGA -> LABATECA,3,25.740000000000002,8.58,308.7,0.0,0.0
YUMBO -> PRADERA,3,12.201,4.067,230.1,-0.03,-324.0
PALMAR DE VARELA -> RIONEGRO,3,99.0,33.0,308.7,0.04,432.0
MADRID -> PAIPA,3,32.278999999999996,10.759666666666666,230.1,0.02,216.0
MADRID -> PUERTO ASIS,3,99.514,33.17133333333333,230.1,-0.01,-108.0
SABANETA -> SABANA DE TORRES,3,32.486000000000004,10.828666666666669,424.3,0.01,108.0
MADRID -> PUERTO TEJADA,3,64.957,21.65233333333333,308.7,-0.04,-432.0
SOPO -> JUNIN,3,52.0,17.333333333333332,308.7,0.01,108.0
CALDAS -> VALLEDUPAR,3,56.232,18.744,230.1,0.03,324.0
CALOTO -> BOGOTA D.C.,3,102.0,34.0,308.7,0.01,108.0
COTA -> ENVIGADO,3,101.0,33.666666666666664,308.7,0.05,540.0
SOPO -> FOMEQUE,3,15.350000000000001,5.116666666666667,308.7,0.04,432.0
SESQUILE -> CALI,3,48.0,16.0,230.1,0.05,540.0
SAN FRANCISCO -> SINCELEJO,3,0.7,0.2333333333333333,308.7,-0.02,-216.0
CALI -> DAGUA,3,12.712,4.237333333333333,230.1,0.03,324.0
SABANETA -> VILLAMARIA,3,40.692,13.564,230.1,0.03,324.0
SANTA MARTA -> MONTERIA,3,29.0,9.666666666666666,308.7,0.04,432.0
SOACHA -> TENJO,3,23.347,7.782333333333334,230.1,0.02,216.0
MADRID -> PUERTO BOYACA,3,13.49,4.496666666666667,230.1,0.04,432.0
SOACHA -> GACHANCIPA,3,21.028,7.009333333333333,230.1,0.01,108.0
SOACHA -> GRANADA,3,37.921,12.640333333333333,230.1,0.02,216.0
SOACHA -> SOCORRO,3,21.034,7.011333333333333,230.1,-0.01,-108.0
SABANETA -> OCAÑA,3,12.291,4.097,230.1,-0.03,-324.0
SABANETA -> PALMIRA,3,10.493,3.497666666666667,230.1,-0.01,-108.0
MALAMBO -> FUNDACION,3,19.887,6.6290000000000004,230.1,0.03,324.0
GIRARDOTA -> VILLAMARIA,3,18.016,6.005333333333333,230.1,0.0,0.0
SONSON -> CAJAMARCA,3,102.0,34.0,230.1,0.01,108.0
SONSON -> CHINCHINA,3,102.0,34.0,308.7,-0.01,-108.0
SONSON -> FUSAGASUGA,3,102.0,34.0,230.1,0.05,540.0
GIRARDOTA -> EL CERRITO,3,12.347999999999999,4.116,308.7,-0.01,-108.0
MADRID -> VITERBO,3,43.175,14.391666666666666,230.1,0.03,324.0
SOGAMOSO -> MAICAO,3,70.026,23.342,308.7,0.03,324.0
SOGAMOSO -> SABANETA,3,53.1,17.7,230.1,0.01,108.0
GIRARDOTA -> FONSECA,3,20.291,6.7636666666666665,308.7,-0.02,-216.0
GIRARDOTA -> GARZON,3,39.816,13.272,230.1,0.01,108.0
SONSON -> NATAGAIMA,3,102.0,34.0,308.7,-0.01,-108.0
SABANETA -> CURUMANI,3,24.294000000000004,8.098,424.3,-0.0,-0.0
SONSON -> ANAPOIMA,3,102.0,34.0,230.1,0.04,432.0
SOGAMOSO -> GALAPA,3,79.124,26.374666666666666,230.1,-0.02,-216.0
SABANETA -> AGUACHICA,3,26.046,8.682,424.3,0.02,216.0
MALAMBO -> FUSAGASUGA,3,100.0,33.333333333333336,230.1,0.02,216.0
ENVIGADO -> DOSQUEBRADAS,3,69.303,23.101,308.7,-0.05,-540.0
SABANAGRANDE -> EL CARMEN DE BOLIVAR,3,25.274,8.424666666666667,308.7,0.05,540.0
EL CERRITO -> ESPINAL,3,102.0,34.0,230.1,0.01,108.0
MEDELLIN -> SANTA FE DE ANTIOQUIA,3,12.708,4.236,308.7,0.01,108.0
RIONEGRO -> SANTUARIO,3,12.357,4.119,308.7,-0.02,-216.0
SABANAGRANDE -> AGUSTIN CODAZZI,3,17.932,5.977333333333333,230.1,0.03,324.0
SONSON -> MARINILLA,3,102.0,34.0,230.1,-0.01,-108.0
SONSON -> MOSQUERA,3,102.0,34.0,230.1,0.01,108.0
GIRARDOTA -> BARANOA,3,17.402,5.800666666666667,230.1,0.02,216.0
SONSON -> ENVIGADO,3,102.0,34.0,424.3,0.03,324.0
MALAMBO -> GALAPA,3,28.069000000000003,9.356333333333334,230.1,0.02,216.0
SONSON -> LA TEBAIDA,3,102.0,34.0,424.3,-0.0,-0.0
MEDELLIN -> LA ESTRELLA,3,16.157,5.385666666666666,230.1,0.02,216.0
MANIZALES -> MARINILLA,3,101.0,33.666666666666664,230.1,-0.02,-216.0
GIRARDOTA -> CERETE,3,39.783,13.261000000000001,424.3,-0.02,-216.0
SONSON -> ZARZAL,3,102.0,34.0,308.7,-0.01,-108.0
ENVIGADO -> MONTERIA,3,27.909,9.302999999999999,230.1,-0.02,-216.0
ENVIGADO -> GIRARDOT,3,11.315000000000001,3.771666666666667,308.7,0.02,216.0
SONSON -> RIOSUCIO,3,102.0,34.0,308.7,0.02,216.0
SONSON -> PURIFICACION,3,102.0,34.0,230.1,0.0,0.0
ENVIGADO -> MELGAR,3,25.365000000000002,8.455,230.1,-0.01,-108.0
SOPO -> EL CARMEN DE BOLIVAR,3,34.626,11.542,230.1,0.02,216.0
NOBSA -> CALI,3,100.0,33.333333333333336,230.1,0.0,0.0
SONSON -> SABANA DE TORRES,3,102.0,34.0,424.3,0.0,0.0
SONSON -> SAN PEDRO,3,102.0,34.0,308.7,0.02,216.0
PALMAR DE VARELA -> CARTAGENA,3,99.0,33.0,424.3,-0.03,-324.0
PALMAR DE VARELA -> FUNZA,3,99.0,33.0,230.1,0.03,324.0
BUCARAMANGA -> PAILITAS,3,51.323,17.107666666666667,308.7,0.01,108.0
BUCARAMANGA -> COTA,3,99.0,33.0,230.1,0.02,216.0
SOPO -> MARINILLA,3,41.251,13.750333333333332,308.7,0.03,324.0
SOPO -> MOÑITOS,3,79.22,26.406666666666666,308.7,-0.04,-432.0
PALMAR DE VARELA -> BELLO,3,98.91,32.97,230.1,0.03,324.0
YUMBO -> TUQUERRES,3,30.341,10.113666666666667,308.7,-0.01,-108.0
MADRID -> CANDELARIA,3,57.522999999999996,19.174333333333333,308.7,-0.03,-324.0
BUCARAMANGA -> MOCOA,3,99.0,33.0,230.1,0.01,108.0
SOPO -> PLANETA RICA,3,93.07300000000001,31.024333333333335,230.1,0.02,216.0
SOPO -> QUEBRADANEGRA,3,16.099,5.366333333333333,308.7,0.01,108.0
SOPO -> LA VIRGINIA,3,26.711,8.903666666666666,308.7,-0.01,-108.0
BUCARAMANGA -> MALAGA,3,34.713,11.571,424.3,0.05,540.0
SOACHA -> ANAPOIMA,3,32.594,10.864666666666666,230.1,0.03,324.0
SOACHA -> APULO,3,46.05,15.35,230.1,0.02,216.0
MADRID -> APULO,3,15.862,5.287333333333334,230.1,0.02,216.0
ITAGUI -> APARTADO,3,101.0,33.666666666666664,230.1,-0.03,-324.0
SABANETA -> YOLOMBO,3,51.5,17.166666666666668,308.7,-0.03,-324.0
SABANETA -> ZIPAQUIRA,3,13.5,4.5,308.7,-0.01,-108.0
ITAGUI -> CARTAGENA,3,9.034,3.0113333333333334,230.1,-0.02,-216.0
ITAGUI -> GIRARDOTA,3,4.861,1.6203333333333332,230.1,0.0,0.0
ITAGUI -> IBAGUE,3,99.0,33.0,230.1,0.02,216.0
YUMBO -> DOSQUEBRADAS,3,49.816,16.605333333333334,308.7,0.03,324.0
RIONEGRO -> CAÑASGORDAS,3,14.822,4.940666666666666,230.1,-0.01,-108.0
LA TEBAIDA -> SABANETA,3,27.0,9.0,308.7,0.02,216.0
SOPO -> TUTA,3,27.246,9.081999999999999,308.7,0.01,108.0
SOPO -> TENA,3,22.52,7.506666666666667,230.1,0.05,540.0
BOGOTA D.C. -> ANOLAIMA,2,13.0,6.5,291.0,-0.01,-162.0
BOGOTA D.C. -> APULO,2,18.0,9.0,424.3,0.0,0.0
BOGOTA D.C. -> GRANADA,2,18.136,9.068,291.0,0.03,486.0
SOPO -> VALPARAISO,2,24.913,12.4565,291.0,0.03,486.0
SOPO -> UBALA,2,26.6,13.3,291.0,-0.03,-486.0
SOPO -> TURBACO,2,63.852,31.926,291.0,-0.0,-0.0
PUERTO TEJADA -> SANDONA,2,20.0,10.0,291.0,0.0,0.0
PUERTO TEJADA -> VITERBO,2,19.0,9.5,291.0,-0.01,-162.0
RIONEGRO -> CERETE,2,31.711,15.8555,291.0,-0.01,-162.0
LA TEBAIDA -> BELLO,2,16.0,8.0,291.0,0.02,324.0
LA TEBAIDA -> FUNZA,2,30.0,15.0,424.3,0.01,162.0
SOACHA -> BARRANQUILLA,2,56.0,28.0,424.3,-0.03,-486.0
SOACHA -> CHIQUINQUIRA,2,15.931000000000001,7.9655000000000005,424.3,0.04,648.0
SOACHA -> CHOACHI,2,18.239,9.1195,424.3,0.01,162.0
SESQUILE -> NEIVA,2,32.5,16.25,291.0,-0.0,-0.0
SESQUILE -> YUMBO,2,31.0,15.5,291.0,0.01,162.0
ITAGUI -> LA ESTRELLA,2,0.9139999999999999,0.45699999999999996,291.0,-0.02,-324.0
LA TEBAIDA -> TOCANCIPA,2,20.0,10.0,424.3,0.02,324.0
MADRID -> ARCABUCO,2,1.6,0.8,291.0,-0.01,-162.0
MADRID -> GACHETA,2,34.5,17.25,291.0,-0.01,-162.0
BUCARAMANGA -> LEBRIJA,2,18.42,9.21,291.0,0.02,324.0
PALMAR DE VARELA -> SINCELEJO,2,66.0,33.0,424.3,-0.02,-324.0
PALMAR DE VARELA -> YARUMAL,2,66.0,33.0,424.3,0.01,162.0
RIONEGRO -> CHINCHINA,2,42.312000000000005,21.156000000000002,291.0,-0.02,-324.0
MADRID -> CHIQUINQUIRA,2,13.526,6.763,291.0,-0.02,-324.0
SESQUILE -> MADRID,2,34.0,17.0,424.3,-0.0,-0.0
SESQUILE -> DOSQUEBRADAS,2,32.146,16.073,291.0,0.02,324.0
MADRID -> CAREPA,2,62.410000000000004,31.205000000000002,291.0,0.01,162.0
PALMAR DE VARELA -> BUCARAMANGA,2,66.0,33.0,424.3,-0.0,-0.0
SABANAGRANDE -> DIBULLA,2,17.61,8.805,291.0,-0.01,-162.0
PUERTO TEJADA -> CANDELARIA,2,18.0,9.0,291.0,-0.01,-162.0
BARRANQUILLA -> FONSECA,2,24.403,12.2015,291.0,0.03,486.0
SOPO -> QUIMBAYA,2,41.272,20.636,291.0,0.02,324.0
SOPO -> SAN FRANCISCO,2,5.006,2.503,291.0,-0.0,-0.0
SOPO -> SAN JUAN DEL CESAR,2,39.673,19.8365,291.0,0.01,162.0
CALDAS -> GIRON,2,8.508,4.254,291.0,0.01,162.0
BUCARAMANGA -> SANTA MARTA,2,33.434,16.717,291.0,0.01,162.0
BOGOTA D.C. -> LA DORADA,2,18.14,9.07,291.0,0.03,486.0
SABANAGRANDE -> SAN ALBERTO,2,15.829,7.9145,291.0,0.02,324.0
PALMAR DE VARELA -> GUARNE,2,64.227,32.1135,291.0,0.02,324.0
PALMAR DE VARELA -> MADRID,2,66.0,33.0,291.0,0.03,486.0
CARTAGENA -> CALI,2,46.0,23.0,424.3,-0.02,-324.0
CARTAGENA -> MAICAO,2,10.332,5.166,291.0,0.03,486.0
COTA -> BARRANQUILLA,2,34.0,17.0,291.0,0.01,162.0
SOPO -> CHOACHI,2,15.814,7.907,424.3,0.03,486.0
SOPO -> DON MATIAS,2,31.467,15.7335,291.0,-0.03,-486.0
MIRANDA -> SOPO,2,68.0,34.0,291.0,0.01,162.0
SONSON -> PASTO,2,68.0,34.0,291.0,0.0,0.0
SONSON -> PUERTO SALGAR,2,68.0,34.0,424.3,0.01,162.0
ENVIGADO -> TUNJA,2,17.96,8.98,291.0,-0.02,-324.0
ENVIGADO -> YOPAL,2,44.996,22.498,291.0,-0.03,-486.0
FUNZA -> CALDAS,2,32.434,16.217,291.0,0.01,162.0
ENVIGADO -> MALAMBO,2,14.652,7.326,424.3,0.01,162.0
ENVIGADO -> MANIZALES,2,24.869,12.4345,424.3,-0.03,-486.0
ENVIGADO -> EL CARMEN DE VIBORAL,2,12.926,6.463,424.3,-0.03,-486.0
SONSON -> RIVERA,2,68.0,34.0,291.0,-0.0,-0.0
MEDELLIN -> BARBOSA,2,8.91,4.455,291.0,0.01,162.0
NOBSA -> DOSQUEBRADAS,2,67.0,33.5,291.0,0.01,162.0
NOBSA -> IBAGUE,2,67.0,33.5,291.0,0.0,0.0
NOBSA -> MALAMBO,2,66.0,33.0,291.0,0.02,324.0
NOBSA -> PASTO,2,68.0,34.0,291.0,0.01,162.0
SONSON -> ZIPAQUIRA,2,68.0,34.0,424.3,0.01,162.0
ENVIGADO -> PITALITO,2,34.517999999999994,17.258999999999997,291.0,0.0,0.0
MEDELLIN -> DON MATIAS,2,11.059999999999999,5.529999999999999,424.3,0.01,162.0
MEDELLIN -> GUATAPE,2,9.714,4.857,291.0,0.0,0.0
MEDELLIN -> HELICONIA,2,12.676,6.338,291.0,0.01,162.0
MEDELLIN -> MARINILLA,2,10.797,5.3985,291.0,0.01,162.0
NOBSA -> PEREIRA,2,67.0,33.5,291.0,-0.0,-0.0
MANIZALES -> PASTO,2,67.0,33.5,291.0,0.01,162.0
GIRARDOTA -> CAÑASGORDAS,2,35.0,17.5,291.0,-0.0,-0.0
SONSON -> HONDA,2,68.0,34.0,291.0,-0.0,-0.0
SONSON -> LA CEJA,2,68.0,34.0,291.0,0.0,0.0
GIRARDOT -> CHAPARRAL,2,26.0,13.0,291.0,0.01,162.0
SONSON -> ESPINAL,2,68.0,34.0,424.3,-0.04,-648.0
SONSON -> LA DORADA,2,68.0,34.0,424.3,0.01,162.0
SONSON -> MOCOA,2,68.0,34.0,291.0,-0.0,-0.0
SONSON -> MONTELIBANO,2,68.0,34.0,291.0,0.01,162.0
GIRARDOTA -> BUGALAGRANDE,2,9.177999999999999,4.5889999999999995,424.3,-0.03,-486.0
SABANETA -> CHIGORODO,2,32.175,16.0875,291.0,-0.0,-0.0
MALAMBO -> RIOHACHA,2,50.0,25.0,291.0,-0.01,-162.0
MALAMBO -> SANTA MARTA,2,24.244999999999997,12.122499999999999,291.0,0.03,486.0
CALOTO -> IBAGUE,2,68.0,34.0,291.0,0.0,0.0
CALDAS -> LA CEJA,2,5.324,2.662,291.0,0.01,162.0
CALDAS -> LA DORADA,2,3.63,1.815,291.0,0.01,162.0
CALDAS -> MARINILLA,2,11.526,5.763,291.0,-0.0,-0.0
CALDAS -> PALMIRA,2,15.017999999999999,7.5089999999999995,424.3,0.01,162.0
SABANAGRANDE -> EL BANCO,2,33.066,16.533,424.3,0.02,324.0
NOBSA -> POPAYAN,2,67.0,33.5,291.0,0.01,162.0
NOBSA -> RIONEGRO,2,68.0,34.0,291.0,-0.0,-0.0
RIONEGRO -> VENECIA,2,6.864,3.432,291.0,-0.01,-162.0
RIONEGRO -> PUERTO BERRIO,2,7.567,3.7835,291.0,0.01,162.0
RIONEGRO -> REMEDIOS,2,13.357,6.6785,291.0,0.02,324.0
COTA -> LA CALERA,2,15.719999999999999,7.859999999999999,291.0,0.02,324.0
DOSQUEBRADAS -> PEREIRA,2,4.0,2.0,424.3,-0.0,-0.0
EL CERRITO -> DOSQUEBRADAS,2,68.0,34.0,424.3,0.01,162.0
EL CERRITO -> YUMBO,2,68.0,34.0,424.3,0.01,162.0
SABANAGRANDE -> ZONA BANANERA,2,11.064,5.532,424.3,0.04,648.0
MEDELLIN -> CARACOLI,2,9.478000000000002,4.739000000000001,424.3,0.01,162.0
COTA -> SUAREZ,2,32.089,16.0445,291.0,0.01,162.0
SOPO -> CHIQUINQUIRA,2,14.861,7.4305,424.3,0.01,162.0
COTA -> LA MESA,2,11.343,5.6715,291.0,0.01,162.0
COTA -> RAQUIRA,2,32.186,16.093,291.0,0.01,162.0
ENVIGADO -> CHIA,2,25.369,12.6845,291.0,-0.03,-486.0
ENVIGADO -> COTA,2,12.737,6.3685,291.0,0.01,162.0
ENVIGADO -> DUITAMA,2,18.281000000000002,9.140500000000001,291.0,-0.03,-486.0
MIRANDA -> ITAGUI,2,68.0,34.0,424.3,0.01,162.0
MIRANDA -> MEDELLIN,2,68.0,34.0,424.3,0.01,162.0
MALAMBO -> URUMITA,2,66.0,33.0,424.3,-0.01,-162.0
SABANETA -> CAICEDO,2,35.0,17.5,424.3,-0.01,-162.0
SABANETA -> CAREPA,2,47.94,23.97,291.0,-0.01,-162.0
SONSON -> PALERMO,2,68.0,34.0,291.0,-0.03,-486.0
SONSON -> PALESTINA,2,68.0,34.0,424.3,-0.02,-324.0
SONSON -> MUTATA,2,68.0,34.0,291.0,-0.01,-162.0
ENVIGADO -> RICAURTE,2,12.667,6.3335,291.0,0.02,324.0
ENVIGADO -> SOACHA,2,17.589,8.7945,291.0,-0.03,-486.0
ENVIGADO -> SOLEDAD,2,9.350999999999999,4.6754999999999995,291.0,0.02,324.0
GIRARDOTA -> MONTENEGRO,2,15.969,7.9845,291.0,-0.01,-162.0
SOGAMOSO -> MADRID,2,10.95,5.475,291.0,-0.02,-324.0
SOGAMOSO -> NOBSA,2,33.5,16.75,291.0,0.0,0.0
GIRARDOTA -> LA VEGA,2,15.911,7.9555,291.0,-0.0,-0.0
GIRARDOTA -> CHAPARRAL,2,14.661999999999999,7.3309999999999995,424.3,-0.02,-324.0
GIRARDOTA -> COVEÑAS,2,23.659,11.8295,291.0,0.01,162.0
GIRARDOTA -> ENTRERRIOS,2,35.0,17.5,291.0,-0.02,-324.0
SONSON -> ALVARADO,2,68.0,34.0,291.0,0.0,0.0
SONSON -> AMAGA,2,68.0,34.0,291.0,0.01,162.0
MALAMBO -> AMAGA,2,66.45,33.225,291.0,0.03,486.0
SABANETA -> GIRALDO,2,14.0,7.0,291.0,-0.02,-324.0
SABANETA -> GUADUAS,2,8.565,4.2825,291.0,-0.02,-324.0
SONSON -> COPACABANA,2,68.0,34.0,291.0,-0.0,-0.0
GIRARDOTA -> ESPINAL,2,24.673000000000002,12.336500000000001,291.0,-0.02,-324.0
GALAPA -> GALAPA,2,37.0,18.5,291.0,0.03,486.0
GALAPA -> MONTERIA,2,38.0,19.0,424.3,0.04,648.0
MADRID -> TULUA,2,62.235,31.1175,291.0,-0.01,-162.0
MADRID -> VILLANUEVA,2,61.537,30.7685,291.0,0.02,324.0
GIRARDOTA -> VALPARAISO,2,6.9,3.45,291.0,0.01,162.0
GIRARDOTA -> VILLANUEVA,2,11.120999999999999,5.560499999999999,291.0,0.01,162.0
GIRARDOTA -> YALI,2,27.0,13.5,424.3,-0.03,-486.0
SOACHA -> FUSAGASUGA,2,24.395,12.1975,291.0,-0.02,-324.0
SOACHA -> LEBRIJA,2,32.647,16.3235,291.0,0.03,486.0
SOACHA -> RIOHACHA,2,68.0,34.0,424.3,-0.01,-162.0
SOACHA -> SOATA,2,10.346,5.173,291.0,0.03,486.0
GUADALAJARA DE BUGA -> BELLO,2,68.0,34.0,291.0,0.03,486.0
GUARNE -> CALDAS,2,49.703,24.8515,424.3,-0.04,-648.0
SOACHA -> PAIPA,2,18.114,9.057,291.0,-0.01,-162.0
GIRARDOTA -> TOLU VIEJO,2,14.399000000000001,7.1995000000000005,424.3,-0.03,-486.0
MADRID -> SACHICA,2,11.573,5.7865,291.0,-0.02,-324.0
MADRID -> TIBASOSA,2,12.026,6.013,291.0,-0.01,-162.0
SABANETA -> TULUA,2,64.136,32.068,291.0,-0.01,-162.0
SABANETA -> VENECIA,2,26.5,13.25,291.0,-0.02,-324.0
ITAGUI -> SABANETA,2,7.21,3.605,424.3,-0.02,-324.0
SOACHA -> EL ROSAL,2,27.58,13.79,291.0,0.0,0.0
SANTA MARTA -> SAN DIEGO,2,11.7,5.85,291.0,0.03,486.0
SANTANDER DE QUILICHAO -> SABANETA,2,68.0,34.0,291.0,-0.02,-324.0
SESQUILE -> CARTAGENA,2,64.0,32.0,291.0,0.01,162.0
SANTA MARTA -> BOSCONIA,2,11.7,5.85,291.0,0.02,324.0
MADRID -> FLORIAN,2,15.557,7.7785,424.3,0.01,162.0
CALI -> DOSQUEBRADAS,2,29.0,14.5,291.0,0.01,162.0
COTA -> BUCARAMANGA,2,68.0,34.0,291.0,0.01,162.0
COTA -> CAJICA,2,17.884,8.942,291.0,0.02,324.0
COTA -> FACATATIVA,2,27.0,13.5,291.0,0.0,0.0
SOPO -> FRESNO,2,31.5,15.75,291.0,-0.02,-324.0
CALI -> NEIVA,2,18.0,9.0,424.3,-0.04,-648.0
CALI -> POPAYAN,2,18.5,9.25,424.3,-0.03,-486.0
CALI -> TABIO,2,18.0,9.0,424.3,-0.03,-486.0
CALI -> GUACHENE,2,9.063,4.5315,291.0,0.03,486.0
CALI -> LA CUMBRE,2,7.198,3.599,424.3,0.01,162.0
SOPO -> LA CRUZ,2,57.254000000000005,28.627000000000002,291.0,0.01,162.0
CALI -> CAJICA,2,18.5,9.25,291.0,-0.03,-486.0
RIONEGRO -> SANTA ROSA DE CABAL,2,18.153,9.0765,291.0,-0.02,-324.0
SABANETA -> PASTO,2,66.175,33.0875,424.3,0.0,0.0
MADRID -> PUERTO LOPEZ,2,39.257999999999996,19.628999999999998,424.3,-0.01,-162.0
SOACHA -> RETIRO,2,32.0,16.0,424.3,0.03,486.0
GIRARDOTA -> MARINILLA,2,12.703,6.3515,291.0,0.01,162.0
GIRARDOTA -> PLANETA RICA,2,6.68,3.34,291.0,0.02,324.0
GIRARDOTA -> RICAURTE,2,12.167000000000002,6.083500000000001,291.0,0.01,162.0
GIRARDOTA -> SABANALARGA,2,7.995,3.9975,291.0,-0.02,-324.0
GIRARDOTA -> SABANAS DE SAN ANGEL,2,8.277999999999999,4.138999999999999,424.3,0.03,486.0
MADRID -> MELGAR,2,7.888999999999999,3.9444999999999997,291.0,0.01,162.0
BOGOTA D.C. -> SANTA MARTA,2,15.353000000000002,7.676500000000001,291.0,-0.01,-162.0
BOGOTA D.C. -> SASAIMA,2,24.0,12.0,424.3,-0.02,-324.0
SOPO -> YARUMAL,2,18.145000000000003,9.072500000000002,424.3,0.04,648.0
YUMBO -> RIONEGRO,2,28.0,14.0,291.0,0.03,486.0
PUERTO TEJADA -> JAMUNDI,2,14.225,7.1125,424.3,0.02,324.0
YUMBO -> MEDELLIN,2,55.803,27.9015,291.0,0.0,0.0
PUERTO TEJADA -> LA VIRGINIA,2,19.0,9.5,291.0,0.01,162.0
RIONEGRO -> EL CARMEN DE BOLIVAR,2,7.377,3.6885,291.0,-0.01,-162.0
PALMAR DE VARELA -> RIOHACHA,2,66.0,33.0,291.0,-0.02,-324.0
TURBO -> SOPO,2,48.0,24.0,291.0,0.03,486.0
VILLAVICENCIO -> ACACIAS,2,12.078,6.039,291.0,0.01,162.0
BOGOTA D.C. -> SAMACA,2,25.0,12.5,291.0,-0.01,-162.0
SOPO -> SAN SEBASTIAN DE BUENAVIS,2,62.638999999999996,31.319499999999998,291.0,0.02,324.0
PUERTO TEJADA -> COPACABANA,2,66.0,33.0,291.0,0.02,324.0
RIONEGRO -> GUATAPE,2,4.987,2.4935,291.0,-0.02,-324.0
RIONEGRO -> MAGANGUE,2,17.799999999999997,8.899999999999999,291.0,-0.02,-324.0
PUERTO TEJADA -> BARRANQUILLA,2,66.0,33.0,424.3,0.01,162.0
PUERTO TEJADA -> CALARCA,2,16.909,8.4545,291.0,0.02,324.0
PUERTO TEJADA -> MARIQUITA,2,18.0,9.0,424.3,-0.02,-324.0
BARRANQUILLA -> ARJONA,2,11.59,5.795,291.0,0.02,324.0
BOGOTA D.C. -> MELGAR,2,8.0,4.0,291.0,0.0,0.0
BOGOTA D.C. -> NEIVA,2,18.305999999999997,9.152999999999999,424.3,0.04,648.0
BUENAVENTURA -> GALAPA,2,52.0,26.0,424.3,0.04,648.0
BOGOTA D.C. -> TULUA,2,41.95,20.975,291.0,0.01,162.0
BUCARAMANGA -> CALDAS,2,12.600000000000001,6.300000000000001,291.0,-0.01,-162.0
YUMBO -> PUERTO TEJADA,2,18.592,9.296,291.0,-0.03,-486.0
BOGOTA D.C. -> PASTO,1,4.3,4.3,424.3,0.0,0.0
YUMBO -> FUNZA,1,9.065,9.065,424.3,0.02,648.0
YUMBO -> GINEBRA,1,3.939,3.939,424.3,0.02,648.0
YUMBO -> PATIA,1,8.935,8.935,424.3,0.01,324.0
YUMBO -> PEREIRA,1,16.496,16.496,424.3,0.01,324.0
YUMBO -> RESTREPO,1,9.6,9.6,424.3,-0.02,-648.0
YUMBO -> SANTA FE DE ANTIOQUIA,1,34.0,34.0,424.3,0.0,0.0
BELLO -> CALDAS,1,6.5,6.5,424.3,0.01,324.0
PUERTO TEJADA -> EL CERRITO,1,9.0,9.0,424.3,0.0,0.0
PUERTO TEJADA -> GUACARI,1,9.0,9.0,424.3,-0.0,-0.0
PUERTO TEJADA -> GUACHENE,1,9.0,9.0,424.3,-0.01,-324.0
PUERTO TEJADA -> BUCARAMANGA,1,33.0,33.0,424.3,0.01,324.0
PUERTO TEJADA -> CARTAGENA,1,33.0,33.0,424.3,0.02,648.0
PUERTO TEJADA -> CIRCASIA,1,8.638,8.638,424.3,0.01,324.0
RIONEGRO -> FLORIDABLANCA,1,2.694,2.694,424.3,0.0,0.0
RIONEGRO -> GIRALDO,1,4.057,4.057,424.3,0.01,324.0
RIONEGRO -> ISTMINA,1,2.447,2.447,424.3,0.02,648.0
RIONEGRO -> PEÑOL,1,2.431,2.431,424.3,-0.02,-648.0
RIONEGRO -> PLANETA RICA,1,8.918000000000001,8.918000000000001,424.3,0.02,648.0
BARRANQUILLA -> SAN ONOFRE,1,4.454,4.454,424.3,0.02,648.0
BARRANQUILLA -> SABANAGRANDE,1,3.0,3.0,424.3,-0.02,-648.0
BARRANQUILLA -> RIOHACHA,1,9.526000000000002,9.526000000000002,424.3,0.01,324.0
BARRANQUILLA -> EL CARMEN DE BOLIVAR,1,8.633999999999999,8.633999999999999,424.3,0.02,648.0
BARRANQUILLA -> BARRANQUILLA,1,1.008,1.008,424.3,-0.01,-324.0
PUERTO TEJADA -> LA TEBAIDA,1,9.0,9.0,424.3,-0.0,-0.0
PASTO -> CALDAS,1,4.3,4.3,424.3,0.0,0.0
PEREIRA -> CALDAS,1,4.3,4.3,424.3,-0.02,-648.0
VILLAVICENCIO -> MEDINA,1,6.877,6.877,424.3,0.01,324.0
VILLAVICENCIO -> PUERTO GAITAN,1,4.0,4.0,424.3,0.0,0.0
VILLAVICENCIO -> SAN CARLOS DE GUAROA,1,7.0,7.0,424.3,0.01,324.0
VILLAVICENCIO -> SAN MARTIN,1,7.0,7.0,424.3,0.01,324.0
YOPAL -> BOGOTA D.C.,1,34.0,34.0,424.3,-0.02,-648.0
YOPAL -> GACHANCIPA,1,34.0,34.0,424.3,-0.01,-324.0
YOPAL -> MEDELLIN,1,34.0,34.0,424.3,0.0,0.0
YUMBO -> ANDALUCIA,1,4.235,4.235,424.3,0.01,324.0
SOPO -> PATIA,1,33.336999999999996,33.336999999999996,424.3,-0.01,-324.0
SOPO -> PUERTO CAICEDO,1,32.196,32.196,424.3,0.01,324.0
SOPO -> PUERTO LOPEZ,1,32.591,32.591,424.3,-0.01,-324.0
SOPO -> PUERTO PARRA,1,4.752,4.752,424.3,-0.01,-324.0
SOPO -> RIVERA,1,32.986,32.986,424.3,0.01,324.0
SOPO -> ROLDANILLO,1,32.273,32.273,424.3,0.01,324.0
SOPO -> SAN ANDRES,1,28.841,28.841,424.3,0.01,324.0
SOPO -> SAN MARTIN DE LOBA,1,5.314,5.314,424.3,0.01,324.0
IBAGUE -> SOPO,1,8.0,8.0,424.3,0.01,324.0
ITAGUI -> BELLO,1,0.5,0.5,424.3,0.01,324.0
ITAGUI -> BUENAVENTURA,1,0.495,0.495,424.3,-0.0,-0.0
ITAGUI -> CERETE,1,34.0,34.0,424.3,-0.01,-324.0
ITAGUI -> ITAGUI,1,34.0,34.0,424.3,-0.01,-324.0
ITAGUI -> MANIZALES,1,33.0,33.0,424.3,0.01,324.0
ITAGUI -> MEDELLIN,1,33.0,33.0,424.3,0.0,0.0
ITAGUI -> NOBSA,1,0.346,0.346,424.3,-0.0,-0.0
LA TEBAIDA -> APARTADO,1,10.0,10.0,424.3,0.01,324.0
LA TEBAIDA -> BUENAVENTURA,1,8.0,8.0,424.3,0.02,648.0
LA TEBAIDA -> ENVIGADO,1,9.0,9.0,424.3,0.01,324.0
LA TEBAIDA -> GALAPA,1,33.0,33.0,424.3,0.01,324.0
LA TEBAIDA -> IBAGUE,1,9.0,9.0,424.3,0.01,324.0
LA TEBAIDA -> SAN ANDRES DE TUMACO,1,9.0,9.0,424.3,0.02,648.0
LA UNION -> RIONEGRO,1,32.0,32.0,424.3,0.01,324.0
IBAGUE -> SABANETA,1,34.0,34.0,424.3,0.0,0.0
SESQUILE -> RIONEGRO,1,16.0,16.0,424.3,0.0,0.0
SESQUILE -> TENJO,1,16.0,16.0,424.3,0.0,0.0
SOACHA -> ABEJORRAL,1,17.0,17.0,424.3,0.01,324.0
SOACHA -> ARBELAEZ,1,3.219,3.219,424.3,0.01,324.0
SOACHA -> BOYACA,1,9.078,9.078,424.3,-0.0,-0.0
SOACHA -> CARTAGENA,1,4.0,4.0,424.3,-0.01,-324.0
SOACHA -> CHINCHINA,1,34.0,34.0,424.3,0.01,324.0
LA ESTRELLA -> SOGAMOSO,1,12.0,12.0,424.3,-0.01,-324.0
MADRID -> CERETE,1,14.944,14.944,424.3,0.02,648.0
MADRID -> CHAPARRAL,1,6.959999999999998,6.959999999999998,424.3,-0.01,-324.0
MADRID -> CIMITARRA,1,8.494,8.494,424.3,0.01,324.0
MADRID -> CORRALES,1,2.609,2.609,424.3,0.02,648.0
MADRID -> EL CARMEN DE BOLIVAR,1,32.972,32.972,424.3,-0.01,-324.0
SESQUILE -> ITAGUI,1,16.0,16.0,424.3,0.02,648.0
SESQUILE -> MONTERIA,1,33.0,33.0,424.3,-0.0,-0.0
SESQUILE -> PALMIRA,1,16.0,16.0,424.3,0.02,648.0
GIRARDOTA -> TIERRALTA,1,7.0569999999999995,7.0569999999999995,424.3,-0.01,-324.0
GIRARDOTA -> TOCANCIPA,1,8.961,8.961,424.3,0.0,0.0
GIRARDOTA -> YARUMAL,1,4.518,4.518,424.3,0.02,648.0
GIRON -> IBAGUE,1,33.6,33.6,424.3,0.01,324.0
GIRON -> SABANETA,1,33.6,33.6,424.3,0.01,324.0
GUARNE -> IBAGUE,1,34.0,34.0,424.3,0.02,648.0
IBAGUE -> BUCARAMANGA,1,34.0,34.0,424.3,0.01,324.0
SOACHA -> PAMPLONA,1,16.425,16.425,424.3,-0.01,-324.0
SANTA MARTA -> CALI,1,5.7,5.7,424.3,0.02,648.0
SANTA MARTA -> CARTAGENA,1,9.0,9.0,424.3,0.01,324.0
SANTA MARTA -> EL BANCO,1,4.0,4.0,424.3,0.01,324.0
SANTA MARTA -> MARIA LA BAJA,1,6.0,6.0,424.3,0.01,324.0
SANTA MARTA -> PLATO,1,5.7,5.7,424.3,0.02,648.0
SOACHA -> LA PLATA,1,18.871,18.871,424.3,-0.01,-324.0
SOACHA -> MARINILLA,1,33.0,33.0,424.3,0.01,324.0
SOACHA -> MOCOA,1,33.229,33.229,424.3,-0.01,-324.0
MADRID -> FONSECA,1,33.166,33.166,424.3,0.02,648.0
MADRID -> GUADALAJARA DE BUGA,1,28.768,28.768,424.3,0.01,324.0
MADRID -> LA CEJA,1,8.319,8.319,424.3,0.02,648.0
MADRID -> LA VIRGINIA,1,7.408,7.408,424.3,-0.0,-0.0
SAN MARTIN -> MEDELLIN,1,34.0,34.0,424.3,-0.02,-648.0
SAN ROQUE -> ITAGUI,1,16.0,16.0,424.3,0.01,324.0
SANTA MARTA -> ALGARROBO,1,2.486,2.486,424.3,0.0,0.0
SANTA MARTA -> BURITICA,1,4.1,4.1,424.3,0.02,648.0
ITAGUI -> PUERTO PARRA,1,34.0,34.0,424.3,-0.01,-324.0
ITAGUI -> SINCELEJO,1,33.0,33.0,424.3,-0.01,-324.0
SOACHA -> FOMEQUE,1,4.741,4.741,424.3,0.01,324.0
SABANETA -> TIBU,1,3.376,3.376,424.3,-0.02,-648.0
SABANETA -> TUNJA,1,1.17,1.17,424.3,0.0,0.0
SABANETA -> VALPARAISO,1,10.02,10.02,424.3,0.01,324.0
SABANETA -> VILLAGARZON,1,33.0,33.0,424.3,-0.0,-0.0
SABANETA -> VILLAVICENCIO,1,18.888,18.888,424.3,0.02,648.0
SABANETA -> SANTUARIO,1,7.073,7.073,424.3,0.01,324.0
SABANETA -> SIBATE,1,10.0,10.0,424.3,-0.01,-324.0
SOACHA -> TURBO,1,33.0,33.0,424.3,0.01,324.0
SOACHA -> VENECIA,1,9.5,9.5,424.3,0.0,0.0
SOACHA -> VILLA DEL ROSARIO,1,16.266,16.266,424.3,0.02,648.0
GIRARDOTA -> PUERTO LOPEZ,1,32.1,32.1,424.3,-0.01,-324.0
GIRARDOTA -> SAN JOSE DEL GUAVIARE,1,29.894,29.894,424.3,-0.01,-324.0
GIRARDOTA -> SAN JUAN DEL CESAR,1,3.844,3.844,424.3,0.01,324.0
MADRID -> PAMPLONA,1,14.971,14.971,424.3,0.0,0.0
MADRID -> PLANETA RICA,1,15.501,15.501,424.3,0.01,324.0
MADRID -> PUERTO COLOMBIA,1,16.234,16.234,424.3,0.01,324.0
SABANETA -> SAN CARLOS DE GUAROA,1,3.859,3.859,424.3,0.01,324.0
SABANETA -> SAN PEDRO,1,4.063,4.063,424.3,-0.01,-324.0
SABANETA -> SAN VICENTE,1,9.363999999999999,9.363999999999999,424.3,-0.01,-324.0
SABANETA -> SANTA MARTA,1,2.315,2.315,424.3,-0.02,-648.0
SABANETA -> SANTIAGO DE TOLU,1,9.011,9.011,424.3,0.0,0.0
MADRID -> SAN AGUSTIN,1,8.388,8.388,424.3,-0.02,-648.0
MADRID -> SAN ANDRES DE TUMACO,1,4.495,4.495,424.3,0.0,0.0
MADRID -> SAN MARTIN DE LOBA,1,26.142,26.142,424.3,0.01,324.0
MADRID -> SEVILLA,1,9.095,9.095,424.3,-0.0,-0.0
MADRID -> LORICA,1,15.276,15.276,424.3,-0.01,-324.0
MADRID -> LOS PALMITOS,1,16.0,16.0,424.3,-0.0,-0.0
MADRID -> LOS PATIOS,1,6.156,6.156,424.3,0.01,324.0
MADRID -> MORROA,1,32.972,32.972,424.3,-0.01,-324.0
SOACHA -> POPAYAN,1,33.257,33.257,424.3,0.0,0.0
SOACHA -> PUERTO LOPEZ,1,8.079,8.079,424.3,-0.01,-324.0
SOACHA -> SAN FRANCISCO,1,3.948,3.948,424.3,0.0,0.0
SOACHA -> SAN GIL,1,16.402,16.402,424.3,0.02,648.0
SABANETA -> PAMPLONA,1,3.772,3.772,424.3,-0.02,-648.0
SABANETA -> PIEDECUESTA,1,1.388,1.388,424.3,-0.0,-0.0
SABANETA -> PLANETA RICA,1,31.314,31.314,424.3,-0.01,-324.0
SABANETA -> PUERTO LOPEZ,1,1.774,1.774,424.3,0.01,324.0
GIRARDOTA -> GRANADA,1,7.833,7.833,424.3,0.01,324.0
GIRARDOTA -> GUACARI,1,6.465,6.465,424.3,-0.0,-0.0
SONSON -> BOLIVAR,1,34.0,34.0,424.3,0.0,0.0
SONSON -> BOSCONIA,1,34.0,34.0,424.3,-0.01,-324.0
SONSON -> CAICEDONIA,1,34.0,34.0,424.3,-0.01,-324.0
SONSON -> CALARCA,1,34.0,34.0,424.3,-0.01,-324.0
SONSON -> CAREPA,1,34.0,34.0,424.3,-0.0,-0.0
SONSON -> CISNEROS,1,34.0,34.0,424.3,-0.02,-648.0
SOLEDAD -> CALDAS,1,4.3,4.3,424.3,-0.02,-648.0
SONSON -> AYAPEL,1,34.0,34.0,424.3,-0.0,-0.0
SONSON -> BARRANQUILLA,1,34.0,34.0,424.3,-0.0,-0.0
GIRARDOTA -> CHIQUINQUIRA,1,9.181999999999999,9.181999999999999,424.3,-0.02,-648.0
GIRARDOTA -> CIENAGA,1,4.038,4.038,424.3,0.02,648.0
GIRARDOTA -> DON MATIAS,1,9.5,9.5,424.3,-0.01,-324.0
GIRARDOTA -> EL CARMEN DE BOLIVAR,1,4.0,4.0,424.3,-0.01,-324.0
GIRARDOTA -> GALERAS,1,3.789,3.789,424.3,0.01,324.0
GIRARDOTA -> LA PLATA,1,3.8760000000000003,3.8760000000000003,424.3,0.01,324.0
GIRARDOTA -> LA VIRGINIA,1,2.937,2.937,424.3,0.01,324.0
GIRARDOTA -> LOS PATIOS,1,6.6,6.6,424.3,0.01,324.0
GIRARDOTA -> MOCOA,1,30.022,30.022,424.3,-0.02,-648.0
SOGAMOSO -> BARBOSA,1,24.558,24.558,424.3,-0.01,-324.0
SOGAMOSO -> CALDAS,1,4.399,4.399,424.3,-0.01,-324.0
SOGAMOSO -> SIBATE,1,15.869,15.869,424.3,-0.01,-324.0
SOGAMOSO -> TAUSA,1,20.0,20.0,424.3,-0.01,-324.0
GIRARDOTA -> SAN MIGUEL,1,15.21,15.21,424.3,0.01,324.0
GIRARDOTA -> SAN ROQUE,1,9.0,9.0,424.3,0.01,324.0
GIRARDOTA -> SANTA FE DE ANTIOQUIA,1,1.874,1.874,424.3,-0.01,-324.0
GIRARDOTA -> SANTANDER DE QUILICHAO,1,4.285,4.285,424.3,0.02,648.0
GIRARDOTA -> SESQUILE,1,8.714,8.714,424.3,-0.01,-324.0
GIRARDOTA -> SEVILLA,1,3.738,3.738,424.3,0.01,324.0
GIRARDOTA -> LA CALERA,1,7.768,7.768,424.3,-0.01,-324.0
GIRARDOTA -> LA CRUZ,1,32.952,32.952,424.3,-0.01,-324.0
SONSON -> DABEIBA,1,34.0,34.0,424.3,-0.0,-0.0
SONSON -> EL ROSAL,1,34.0,34.0,424.3,0.02,648.0
GALAPA -> MALAMBO,1,24.0,24.0,424.3,0.02,648.0
GALAPA -> PLATO,1,8.876,8.876,424.3,0.01,324.0
GALAPA -> SANTA MARTA,1,10.0,10.0,424.3,0.01,324.0
GALAPA -> VALLEDUPAR,1,20.0,20.0,424.3,0.02,648.0
GIRARDOT -> GUAMO,1,9.0,9.0,424.3,0.0,0.0
GIRARDOTA -> ANAPOIMA,1,8.77,8.77,424.3,-0.01,-324.0
SABANETA -> LA UNION,1,3.006,3.006,424.3,-0.01,-324.0
SABANETA -> LA VIRGINIA,1,8.693999999999999,8.693999999999999,424.3,-0.01,-324.0
SABANETA -> MARIQUITA,1,4.262,4.262,424.3,-0.02,-648.0
SABANETA -> MARMATO,1,2.349,2.349,424.3,0.02,648.0
SABANETA -> MOSQUERA,1,5.768,5.768,424.3,-0.01,-324.0
SABANETA -> MOÑITOS,1,16.017,16.017,424.3,-0.02,-648.0
SABANETA -> NEIVA,1,4.207,4.207,424.3,-0.02,-648.0
SABANETA -> NOBSA,1,33.0,33.0,424.3,0.0,0.0
MADRID -> VILLA DE SAN DIEGO DE UBA,1,6.415,6.415,424.3,-0.0,-0.0
MADRID -> VILLA DEL ROSARIO,1,8.969,8.969,424.3,0.02,648.0
MADRID -> VILLAMARIA,1,8.915,8.915,424.3,0.01,324.0
MALAMBO -> BOSCONIA,1,10.0,10.0,424.3,0.02,648.0
MALAMBO -> CLEMENCIA,1,3.42,3.42,424.3,0.01,324.0
MALAMBO -> COTA,1,34.0,34.0,424.3,0.01,324.0
MALAMBO -> CURUMANI,1,9.0,9.0,424.3,-0.01,-324.0
MALAMBO -> DIBULLA,1,9.0,9.0,424.3,-0.01,-324.0
SONSON -> CORDOBA,1,34.0,34.0,424.3,-0.01,-324.0
SABANETA -> GALAPA,1,1.64,1.64,424.3,-0.01,-324.0
SABANETA -> GUADALUPE,1,0.883,0.883,424.3,0.01,324.0
SABANETA -> GUATAPE,1,7.48,7.48,424.3,0.02,648.0
SABANETA -> LA MESA,1,3.386,3.386,424.3,0.02,648.0
MADRID -> TINJACA,1,8.844,8.844,424.3,-0.0,-0.0
MADRID -> TOPAGA,1,8.014,8.014,424.3,0.01,324.0
MADRID -> VALLE DEL GUAMUEZ,1,31.680999999999997,31.680999999999997,424.3,-0.01,-324.0
SABANETA -> EL CARMEN DE BOLIVAR,1,8.012,8.012,424.3,-0.01,-324.0
SABANETA -> FONSECA,1,3.674,3.674,424.3,-0.01,-324.0
SABANETA -> FRONTINO,1,2.4520000000000004,2.4520000000000004,424.3,-0.01,-324.0
SABANETA -> GACHANTIVA,1,8.16,8.16,424.3,-0.02,-648.0
SONSON -> NECOCLI,1,34.0,34.0,424.3,-0.01,-324.0
ENVIGADO -> RESTREPO,1,16.2,16.2,424.3,-0.02,-648.0
ENVIGADO -> SANTA FE DE ANTIOQUIA,1,2.825,2.825,424.3,0.0,0.0
ENVIGADO -> TULUA,1,22.417,22.417,424.3,-0.0,-0.0
MANIZALES -> CAÑASGORDAS,1,34.0,34.0,424.3,-0.01,-324.0
MANIZALES -> IBAGUE,1,16.0,16.0,424.3,-0.0,-0.0
MANIZALES -> IPIALES,1,33.0,33.0,424.3,0.01,324.0
MANIZALES -> LA VIRGINIA,1,17.0,17.0,424.3,-0.0,-0.0
SABANETA -> CHAPARRAL,1,3.239,3.239,424.3,-0.01,-324.0
SABANETA -> COVEÑAS,1,8.642,8.642,424.3,-0.02,-648.0
SABANETA -> DON MATIAS,1,17.5,17.5,424.3,-0.0,-0.0
SABANETA -> EBEJICO,1,9.5,9.5,424.3,0.02,648.0
SABANETA -> CARTAGENA DEL CHAIRA,1,5.203,5.203,424.3,-0.01,-324.0
MALAMBO -> GIRON,1,34.0,34.0,424.3,-0.01,-324.0
MALAMBO -> MONTELIBANO,1,9.997,9.997,424.3,0.01,324.0
MALAMBO -> PLATO,1,9.348,9.348,424.3,0.02,648.0
MALAMBO -> SABANAGRANDE,1,4.0,4.0,424.3,0.01,324.0
MALAMBO -> SAN SEBASTIAN DE BUENAVIS,1,9.0,9.0,424.3,-0.01,-324.0
MANIZALES -> CALDAS,1,4.4,4.4,424.3,-0.01,-324.0
MANIZALES -> CALI,1,16.0,16.0,424.3,-0.01,-324.0
GIRARDOTA -> BARRANCABERMEJA,1,6.0,6.0,424.3,0.01,324.0
SONSON -> GRANADA,1,34.0,34.0,424.3,-0.01,-324.0
SONSON -> ITUANGO,1,34.0,34.0,424.3,0.0,0.0
SONSON -> LA ARGENTINA,1,34.0,34.0,424.3,-0.01,-324.0
SONSON -> LOS PATIOS,1,34.0,34.0,424.3,-0.0,-0.0
SONSON -> MOÑITOS,1,34.0,34.0,424.3,-0.0,-0.0
SABANETA -> BETULIA,1,3.897,3.897,424.3,-0.01,-324.0
SABANETA -> CAJICA,1,3.656,3.656,424.3,-0.01,-324.0
SONSON -> TOCANCIPA,1,34.0,34.0,424.3,0.0,0.0
SONSON -> UBAQUE,1,34.0,34.0,424.3,0.0,0.0
SONSON -> VALLEDUPAR,1,34.0,34.0,424.3,-0.0,-0.0
SOPO -> ACEVEDO,1,8.51,8.51,424.3,0.0,0.0
SOPO -> ANAPOIMA,1,3.15,3.15,424.3,-0.0,-0.0
SOPO -> APIA,1,13.203,13.203,424.3,0.01,324.0
SOPO -> ARAUCA,1,8.25,8.25,424.3,-0.02,-648.0
SOPO -> ARBELAEZ,1,6.322000000000001,6.322000000000001,424.3,0.01,324.0
ENVIGADO -> LA VEGA,1,8.157,8.157,424.3,-0.01,-324.0
ENVIGADO -> MOSQUERA,1,4.186,4.186,424.3,-0.01,-324.0
ENVIGADO -> NECOCLI,1,2.656,2.656,424.3,0.0,0.0
ENVIGADO -> OCAÑA,1,3.871,3.871,424.3,0.01,324.0
ENVIGADO -> OIBA,1,4.217,4.217,424.3,0.01,324.0
ENVIGADO -> PIEDECUESTA,1,3.2089999999999996,3.2089999999999996,424.3,0.02,648.0
ENVIGADO -> PUERTO COLOMBIA,1,8.313,8.313,424.3,0.01,324.0
SONSON -> TARQUI,1,34.0,34.0,424.3,0.01,324.0
SONSON -> SAN LUIS,1,34.0,34.0,424.3,-0.02,-648.0
SONSON -> SANTA ROSA,1,34.0,34.0,424.3,0.0,0.0
SONSON -> SINCELEJO,1,34.0,34.0,424.3,0.0,0.0
SONSON -> SOGAMOSO,1,34.0,34.0,424.3,0.02,648.0
SONSON -> SOPO,1,33.7,33.7,424.3,0.02,648.0
ENVIGADO -> GIRON,1,8.658000000000001,8.658000000000001,424.3,-0.01,-324.0
ENVIGADO -> LA CALERA,1,8.459999999999999,8.459999999999999,424.3,-0.02,-648.0
ENVIGADO -> LA UNION,1,7.2,7.2,424.3,-0.01,-324.0
ENVIGADO -> TURBACO,1,6.558,6.558,424.3,0.01,324.0
ENVIGADO -> VILLETA,1,1.668,1.668,424.3,0.01,324.0
SONSON -> PRADO,1,34.0,34.0,424.3,-0.0,-0.0
SONSON -> PUERTO BOYACA,1,34.0,34.0,424.3,0.01,324.0
SONSON -> PUERTO TRIUNFO,1,34.0,34.0,424.3,-0.0,-0.0
SONSON -> REMEDIOS,1,34.0,34.0,424.3,0.01,324.0
SONSON -> RESTREPO,1,34.0,34.0,424.3,0.01,324.0
SONSON -> SABANAS DE SAN ANGEL,1,34.0,34.0,424.3,-0.01,-324.0
COTA -> GUATAVITA,1,7.939,7.939,424.3,0.0,0.0
COTA -> LA PLATA,1,33.0,33.0,424.3,-0.0,-0.0
COTA -> MALAMBO,1,34.0,34.0,424.3,0.01,324.0
COTA -> MOCOA,1,34.0,34.0,424.3,-0.01,-324.0
COTA -> NEMOCON,1,9.412,9.412,424.3,0.02,648.0
COTA -> PITALITO,1,34.0,34.0,424.3,0.01,324.0
COTA -> SIMIJACA,1,9.0,9.0,424.3,0.01,324.0
COTA -> VILLETA,1,5.527,5.527,424.3,0.01,324.0
SABANAGRANDE -> ZAMBRANO,1,14.467,14.467,424.3,-0.0,-0.0
SABANETA -> ACACIAS,1,9.12,9.12,424.3,0.01,324.0
EL CERRITO -> BUENAVENTURA,1,34.0,34.0,424.3,-0.01,-324.0
EL CERRITO -> CAJICA,1,34.0,34.0,424.3,-0.01,-324.0
EL CERRITO -> FUNZA,1,34.0,34.0,424.3,-0.01,-324.0
EL CERRITO -> GACHANCIPA,1,34.0,34.0,424.3,-0.01,-324.0
ENVIGADO -> BARBOSA,1,7.016,7.016,424.3,-0.0,-0.0
ENVIGADO -> BARRANCABERMEJA,1,4.17,4.17,424.3,0.02,648.0
MANIZALES -> ZIPAQUIRA,1,17.0,17.0,424.3,-0.01,-324.0
MARINILLA -> CALDAS,1,3.0,3.0,424.3,-0.0,-0.0
MEDELLIN -> ENVIGADO,1,2.188,2.188,424.3,0.01,324.0
MEDELLIN -> LA CEJA,1,3.473,3.473,424.3,0.01,324.0
MEDELLIN -> PEREIRA,1,13.0,13.0,424.3,0.02,648.0
MEDELLIN -> VENECIA,1,9.996,9.996,424.3,0.0,0.0
MIRANDA -> BUENAVENTURA,1,34.0,34.0,424.3,0.0,0.0
SABANAGRANDE -> TAMALAMEQUE,1,8.855,8.855,424.3,0.01,324.0
SOPO -> ARCABUCO,1,33.0,33.0,424.3,-0.02,-648.0
SOPO -> CAJAMARCA,1,8.2,8.2,424.3,0.01,324.0
NOBSA -> FLORENCIA,1,34.0,34.0,424.3,0.0,0.0
NOBSA -> MANIZALES,1,33.0,33.0,424.3,0.01,324.0
NOBSA -> NEIVA,1,33.0,33.0,424.3,0.01,324.0
NOBSA -> PACHO,1,16.0,16.0,424.3,-0.0,-0.0
MANIZALES -> MEDELLIN,1,34.0,34.0,424.3,-0.01,-324.0
MANIZALES -> RIONEGRO,1,34.0,34.0,424.3,-0.01,-324.0
NOBSA -> APARTADO,1,33.0,33.0,424.3,0.01,324.0
NOBSA -> BELLO,1,34.0,34.0,424.3,0.01,324.0
NOBSA -> COTA,1,17.0,17.0,424.3,0.0,0.0
SOPO -> CURUMANI,1,31.809,31.809,424.3,-0.0,-0.0
SOPO -> EL CARMEN DE CHUCURI,1,31.529,31.529,424.3,0.01,324.0
SOPO -> EL CARMEN DE VIBORAL,1,9.092,9.092,424.3,0.01,324.0
SOPO -> EL ROSAL,1,5.265000000000001,5.265000000000001,424.3,0.0,0.0
SOPO -> EL SANTUARIO,1,16.065,16.065,424.3,-0.02,-648.0
SABANAGRANDE -> SANTA MARIA,1,9.0,9.0,424.3,0.01,324.0
SABANAGRANDE -> SOACHA,1,8.148,8.148,424.3,0.02,648.0
MIRANDA -> FACATATIVA,1,34.0,34.0,424.3,0.01,324.0
MIRANDA -> IBAGUE,1,34.0,34.0,424.3,0.02,648.0
MIRANDA -> MOSQUERA,1,34.0,34.0,424.3,0.01,324.0
MOSQUERA -> MADRID,1,1.0,1.0,424.3,0.01,324.0
NEIVA -> SOPO,1,1.0,1.0,424.3,0.0,0.0
NOBSA -> AMAGA,1,34.0,34.0,424.3,-0.02,-648.0
PALMAR DE VARELA -> MAICAO,1,33.0,33.0,424.3,-0.01,-324.0
PALMAR DE VARELA -> MANIZALES,1,22.0,22.0,424.3,0.01,324.0
PALMAR DE VARELA -> MOSQUERA,1,33.0,33.0,424.3,0.01,324.0
SABANAGRANDE -> LURUACO,1,6.97,6.97,424.3,-0.0,-0.0
SABANAGRANDE -> PALMAR DE VARELA,1,5.558000000000001,5.558000000000001,424.3,-0.01,-324.0
SABANAGRANDE -> POLONUEVO,1,3.895,3.895,424.3,-0.01,-324.0
SABANAGRANDE -> SAN JUAN NEPOMUCENO,1,8.392,8.392,424.3,0.01,324.0
SABANAGRANDE -> SANTA ANA,1,7.084,7.084,424.3,0.01,324.0
COTA -> ZIPACON,1,9.0,9.0,424.3,-0.0,-0.0
CUCUTA -> BUCARAMANGA,1,1.3,1.3,424.3,0.0,0.0
SOPO -> CAMPOALEGRE,1,4.3,4.3,424.3,-0.0,-0.0
SOPO -> CAREPA,1,32.143,32.143,424.3,-0.02,-648.0
SOPO -> CHAPARRAL,1,33.211,33.211,424.3,-0.01,-324.0
PALMAR DE VARELA -> CAQUEZA,1,33.0,33.0,424.3,0.01,324.0
PALMAR DE VARELA -> COPACABANA,1,33.0,33.0,424.3,0.01,324.0
PALMAR DE VARELA -> FUSAGASUGA,1,33.0,33.0,424.3,0.02,648.0
CALDAS -> SANTO DOMINGO,1,7.514,7.514,424.3,-0.0,-0.0
CALDAS -> SOPO,1,34.0,34.0,424.3,-0.0,-0.0
CALDAS -> TOCA,1,14.074,14.074,424.3,0.0,0.0
CALDAS -> TOPAGA,1,12.429,12.429,424.3,-0.0,-0.0
CALI -> ARMENIA,1,9.5,9.5,424.3,-0.02,-648.0
SOPO -> LA JAGUA DE IBIRICO,1,32.328,32.328,424.3,0.02,648.0
RIONEGRO -> RESTREPO,1,6.438,6.438,424.3,-0.01,-324.0
RIONEGRO -> SAN LUIS,1,4.002,4.002,424.3,-0.01,-324.0
CALI -> PEREIRA,1,9.5,9.5,424.3,-0.02,-648.0
CALI -> SABANETA,1,30.0,30.0,424.3,-0.0,-0.0
CALI -> TOCANCIPA,1,34.0,34.0,424.3,-0.02,-648.0
CALI -> VIJES,1,5.0,5.0,424.3,0.01,324.0
CALI -> VILLA RICA,1,5.0,5.0,424.3,0.02,648.0
CALDAS -> MADRID,1,1.793,1.793,424.3,0.02,648.0
CALDAS -> MAICAO,1,9.652,9.652,424.3,0.0,0.0
CALDAS -> SAN GIL,1,3.787,3.787,424.3,0.0,0.0
SOPO -> GUATAVITA,1,9.5,9.5,424.3,-0.02,-648.0
SOPO -> ICONONZO,1,3.059,3.059,424.3,-0.0,-0.0
CALI -> FACATATIVA,1,9.0,9.0,424.3,-0.02,-648.0
CALI -> GALAPA,1,34.0,34.0,424.3,-0.02,-648.0
CALI -> GINEBRA,1,5.0,5.0,424.3,0.01,324.0
CALI -> ITAGUI,1,33.0,33.0,424.3,-0.02,-648.0
CALI -> MARIQUITA,1,9.5,9.5,424.3,-0.02,-648.0
CALI -> MEDELLIN,1,34.0,34.0,424.3,-0.02,-648.0
CARTAGENA -> BARRANQUILLA,1,2.0,2.0,424.3,-0.01,-324.0
CARTAGENA -> BUENAVENTURA,1,3.0,3.0,424.3,0.01,324.0
CARTAGENA -> ITAGUI,1,18.869,18.869,424.3,0.01,324.0
CHIQUINQUIRA -> MADRID,1,3.5,3.5,424.3,0.0,0.0
COTA -> BOYACA,1,16.0,16.0,424.3,0.01,324.0
SOPO -> FLANDES,1,8.09,8.09,424.3,0.0,0.0
SOPO -> GARAGOA,1,9.292,9.292,424.3,-0.01,-324.0
SOPO -> GUACHETA,1,17.0,17.0,424.3,-0.01,-324.0
CALDAS -> ARMENIA,1,2.867,2.867,424.3,0.01,324.0
CALDAS -> BARRANCABERMEJA,1,4.305,4.305,424.3,0.02,648.0
CALDAS -> CANDELARIA,1,8.698,8.698,424.3,-0.01,-324.0
CALDAS -> CHIA,1,2.898,2.898,424.3,0.0,0.0
CALDAS -> DOSQUEBRADAS,1,3.85,3.85,424.3,0.01,324.0
CALDAS -> FACATATIVA,1,8.353,8.353,424.3,0.0,0.0
CALDAS -> FUNDACION,1,3.6,3.6,424.3,-0.01,-324.0
SOPO -> PALOCABILDO,1,15.325,15.325,424.3,-0.01,-324.0
PALMAR DE VARELA -> ARMENIA,1,34.0,34.0,424.3,0.01,324.0
PALMAR DE VARELA -> CALI,1,33.0,33.0,424.3,0.02,648.0
SOPO -> MARMATO,1,9.192,9.192,424.3,0.02,648.0
SOPO -> MARSELLA,1,8.506,8.506,424.3,0.02,648.0
SOPO -> NEIRA,1,33.7,33.7,424.3,0.02,648.0
SOPO -> NEMOCON,1,9.5,9.5,424.3,0.0,0.0
SOPO -> PAIPA,1,13.32,13.32,424.3,-0.01,-324.0
BUENAVENTURA -> VALLEDUPAR,1,28.0,28.0,424.3,0.01,324.0
SABANAGRANDE -> CALAMAR,1,8.672,8.672,424.3,0.01,324.0
NOBSA -> SANTA FE DE ANTIOQUIA,1,34.0,34.0,424.3,0.0,0.0
NOBSA -> SANTA MARTA,1,33.0,33.0,424.3,0.01,324.0
NOBSA -> SINCELEJO,1,34.0,34.0,424.3,0.0,0.0
NOBSA -> VALLEDUPAR,1,33.0,33.0,424.3,-0.0,-0.0
NOBSA -> VILLAGARZON,1,34.0,34.0,424.3,0.0,0.0
NOBSA -> YOPAL,1,33.0,33.0,424.3,0.01,324.0
PALMAR DE VARELA -> AMAGA,1,33.091,33.091,424.3,0.02,648.0
RIONEGRO -> SAN ONOFRE,1,9.094999999999999,9.094999999999999,424.3,-0.01,-324.0
RIONEGRO -> SANTA ROSA DE OSOS,1,3.256,3.256,424.3,0.01,324.0
RIONEGRO -> SANTIAGO DE TOLU,1,8.699,8.699,424.3,-0.0,-0.0
RIONEGRO -> SOPO,1,8.0,8.0,424.3,0.01,324.0
RIONEGRO -> VILLAVICENCIO,1,4.234,4.234,424.3,0.01,324.0
SABANAGRANDE -> AGUACHICA,1,15.288,15.288,424.3,0.02,648.0
SABANAGRANDE -> ALBANIA,1,13.152,13.152,424.3,-0.0,-0.0
SABANAGRANDE -> ASTREA,1,4.019,4.019,424.3,0.02,648.0
BOGOTA D.C. -> BUENAVENTURA,1,1.0,1.0,424.3,-0.0,-0.0
BOGOTA D.C. -> GUATEQUE,1,20.0,20.0,424.3,0.02,648.0
BOGOTA D.C. -> BOAVITA,1,4.017,4.017,424.3,0.0,0.0
BOGOTA D.C. -> MACHETA,1,9.74,9.74,424.3,0.02,648.0
BOGOTA D.C. -> MARIQUITA,1,4.5,4.5,424.3,-0.01,-324.0
BELLO -> GIRARDOTA,1,1.152,1.152,424.3,0.0,0.0
PUERTO TEJADA -> ROLDANILLO,1,8.184000000000001,8.184000000000001,424.3,0.01,324.0
PUERTO TEJADA -> LA CUMBRE,1,9.0,9.0,424.3,-0.0,-0.0
SOPO -> SUBACHOQUE,1,5.899,5.899,424.3,0.01,324.0
YUMBO -> ENVIGADO,1,34.0,34.0,424.3,0.02,648.0
SOPO -> TIBASOSA,1,7.803,7.803,424.3,0.02,648.0
SOPO -> TIMANA,1,32.982,32.982,424.3,0.02,648.0
YUMBO -> COTA,1,35.0,35.0,424.3,0.0,0.0
BOGOTA D.C. -> GACHANCIPA,1,3.5,3.5,424.3,0.02,648.0
BOGOTA D.C. -> COGUA,1,3.0,3.0,424.3,-0.01,-324.0
BOGOTA D.C. -> CARMEN DE APICALA,1,9.0,9.0,424.3,-0.01,-324.0
BUCARAMANGA -> CARTAGENA,1,16.0,16.0,424.3,0.01,324.0
PUERTO TEJADA -> PITALITO,1,10.0,10.0,424.3,0.0,0.0
PUERTO TEJADA -> QUIMBAYA,1,9.405,9.405,424.3,0.01,324.0
PUERTO TEJADA -> LA DORADA,1,10.0,10.0,424.3,0.0,0.0
PUERTO TEJADA -> VALLEDUPAR,1,27.116,27.116,424.3,0.02,648.0
PUERTO TEJADA -> VILLAMARIA,1,9.0,9.0,424.3,-0.0,-0.0
RIONEGRO -> AMAGA,1,3.081,3.081,424.3,0.02,648.0
RIONEGRO -> CALI,1,28.491,28.491,424.3,0.0,0.0
BUCARAMANGA -> SAN GIL,1,10.0,10.0,424.3,-0.01,-324.0
BUCARAMANGA -> SAN MARTIN,1,5.864,5.864,424.3,0.0,0.0
BUCARAMANGA -> SOCORRO,1,9.989,9.989,424.3,0.01,324.0
BUENAVENTURA -> APARTADO,1,30.0,30.0,424.3,0.01,324.0
BUENAVENTURA -> COPACABANA,1,18.0,18.0,424.3,0.02,648.0
BUENAVENTURA -> COTA,1,34.0,34.0,424.3,-0.01,-324.0
BOGOTA D.C. -> VIANI,1,16.0,16.0,424.3,-0.0,-0.0
BUCARAMANGA -> ABREGO,1,10.0,10.0,424.3,0.01,324.0
SOPO -> SANTIAGO DE TOLU,1,32.13,32.13,424.3,-0.02,-648.0
SOPO -> SESQUILE,1,4.377,4.377,424.3,0.01,324.0
SOPO -> SIBATE,1,1.771,1.771,424.3,0.01,324.0
SOPO -> SOATA,1,4.398,4.398,424.3,0.01,324.0
SESQUILE -> CARTAGENA DEL CHAIRA,1,33.0,33.0,424.3,0.01,324.0
SESQUILE -> COTA,1,16.0,16.0,424.3,0.0,0.0
SESQUILE -> CUCUTA,1,33.0,33.0,424.3,-0.0,-0.0
MADRID -> BELEN,1,8.75,8.75,424.3,-0.01,-324.0
PALMAR DE VARELA -> TOCANCIPA,1,33.0,33.0,424.3,0.02,648.0
PALMAR DE VARELA -> YUMBO,1,33.0,33.0,424.3,0.02,648.0
BUCARAMANGA -> CURUMANI,1,15.588,15.588,424.3,0.01,324.0
BUCARAMANGA -> DUITAMA,1,33.0,33.0,424.3,0.01,324.0
BUCARAMANGA -> ENVIGADO,1,33.0,33.0,424.3,-0.0,-0.0
BUCARAMANGA -> LOS SANTOS,1,10.0,10.0,424.3,0.01,324.0
SOPO -> SAN ONOFRE,1,16.099,16.099,424.3,-0.0,-0.0
SOPO -> SANTA ANA,1,30.725,30.725,424.3,0.01,324.0
RIONEGRO -> COVEÑAS,1,8.268,8.268,424.3,0.0,0.0
RIONEGRO -> ESPINAL,1,4.729,4.729,424.3,0.02,648.0
PALMAR DE VARELA -> PEREIRA,1,33.0,33.0,424.3,0.0,0.0
PALMAR DE VARELA -> PITALITO,1,33.0,33.0,424.3,0.01,324.0
PALMAR DE VARELA -> SAN GIL,1,33.0,33.0,424.3,0.01,324.0
PALMAR DE VARELA -> SAN PEDRO,1,33.0,33.0,424.3,0.01,324.0
PALMAR DE VARELA -> SOACHA,1,33.0,33.0,424.3,0.01,324.0
PALMAR DE VARELA -> TIMANA,1,34.0,34.0,424.3,0.02,648.0
BOGOTA D.C. -> PULI,1,4.2,4.2,424.3,0.02,648.0
BOGOTA D.C. -> SOCORRO,1,9.5,9.5,424.3,-0.01,-324.0
BOGOTA D.C. -> SUESCA,1,4.0,4.0,424.3,0.02,648.0
SOPO -> VILLANUEVA,1,33.455,33.455,424.3,0.01,324.0
TOCANCIPA -> PALMIRA,1,9.7,9.7,424.3,0.01,324.0
TURBO -> SABANETA,1,25.0,25.0,424.3,0.02,648.0
VILLAVICENCIO -> GRANADA,1,7.0,7.0,424.3,0.0,0.0
VILLAVICENCIO -> GUAMAL,1,5.035,5.035,424.3,0.0,0.0
